observation_id,scenario,gender,age,race,disability_status,nationality,education,field_of_study,cover_letter,recommendations,experience,chosen
1,1,Non-binary,30,White,Mental health history,Mexican,Associate Degree,Closely related,Personalized,Below average,0-2 years,0
2,1,Non-binary,35,Hispanic,None stated,Indian,Master Degree,Somewhat related,Personalized,Average,10+ years,1
3,1,Male,40,Asian,Mental health history,Mexican,Associate Degree,Unrelated,Unpersonalized,Below average,0-2 years,0
4,1,Non-binary,30,White,Mental health history,Canadian,Bachelor Degree,Closely related,Personalized,Average,3-7 years,1
5,1,Non-binary,55,White,Mental health history,Canadian,Master Degree,Unrelated,Personalized,Average,3-7 years,1
6,1,Female,40,White,None stated,German,Master Degree,Somewhat related,Personalized,Below average,3-7 years,1
7,1,Non-binary,45,Asian,None stated,Canadian,Master Degree,Somewhat related,Personalized,Average,0-2 years,0
8,1,Non-binary,40,White,Mental health history,American,Master Degree,Unrelated,Unpersonalized,Below average,3-7 years,0
9,1,Non-binary,30,Asian,Mental health history,German,Master Degree,Closely related,Personalized,Above average,0-2 years,1
10,1,Female,35,White,None stated,German,Associate Degree,Closely related,Unpersonalized,Average,10+ years,1
11,1,Non-binary,40,Hispanic,Mental health history,Mexican,Bachelor Degree,Unrelated,Unpersonalized,Average,0-2 years,0
12,1,Male,30,White,None stated,American,Associate Degree,Somewhat related,Personalized,Below average,0-2 years,0
13,1,Female,35,White,None stated,Indian,Bachelor Degree,Somewhat related,Unpersonalized,Above average,10+ years,1
14,1,Male,50,Hispanic,None stated,Indian,Associate Degree,Somewhat related,Unpersonalized,Average,0-2 years,0
15,1,Male,45,Hispanic,Physical disability,Canadian,Bachelor Degree,Closely related,Personalized,Above average,0-2 years,1
16,1,Female,35,White,Mental health history,German,Associate Degree,Unrelated,Unpersonalized,Average,0-2 years,0
17,1,Non-binary,35,Hispanic,None stated,German,Associate Degree,Unrelated,Personalized,Below average,0-2 years,0
18,1,Male,55,Asian,Physical disability,Mexican,Associate Degree,Closely related,Unpersonalized,Below average,10+ years,1
19,1,Female,40,Black,Physical disability,German,Master Degree,Somewhat related,Personalized,Below average,10+ years,1
20,1,Non-binary,35,Asian,None stated,Mexican,Master Degree,Somewhat related,Unpersonalized,Average,0-2 years,0
21,1,Non-binary,55,Hispanic,Mental health history,American,Associate Degree,Closely related,Personalized,Below average,0-2 years,0
22,1,Female,35,Black,Mental health history,American,Bachelor Degree,Unrelated,Unpersonalized,Below average,10+ years,0
23,1,Female,55,Black,Physical disability,Canadian,Master Degree,Closely related,Unpersonalized,Average,3-7 years,1
24,1,Female,40,Asian,None stated,Mexican,Bachelor Degree,Unrelated,Unpersonalized,Below average,10+ years,0
25,1,Non-binary,45,Asian,Mental health history,Mexican,Bachelor Degree,Unrelated,Personalized,Above average,10+ years,1
26,1,Male,55,Asian,Mental health history,Mexican,Master Degree,Closely related,Unpersonalized,Below average,3-7 years,0
27,1,Non-binary,45,Black,Mental health history,German,Bachelor Degree,Somewhat related,Personalized,Above average,3-7 years,1
28,1,Non-binary,35,White,Physical disability,German,Master Degree,Unrelated,Unpersonalized,Average,0-2 years,0
29,1,Female,45,Black,Mental health history,Indian,Bachelor Degree,Somewhat related,Personalized,Average,10+ years,1
30,1,Male,45,Black,Physical disability,German,Master Degree,Unrelated,Unpersonalized,Above average,10+ years,0
31,1,Non-binary,40,Hispanic,Mental health history,Canadian,Bachelor Degree,Somewhat related,Personalized,Below average,3-7 years,1
32,1,Female,55,Black,Mental health history,Canadian,Associate Degree,Somewhat related,Unpersonalized,Above average,10+ years,0
33,1,Female,30,Asian,Physical disability,Indian,Bachelor Degree,Unrelated,Personalized,Above average,0-2 years,0
34,1,Female,35,White,Physical disability,German,Master Degree,Unrelated,Personalized,Average,10+ years,0
35,1,Female,40,Asian,Physical disability,Mexican,Bachelor Degree,Somewhat related,Personalized,Above average,0-2 years,1
36,1,Male,30,Black,None stated,Canadian,Bachelor Degree,Unrelated,Personalized,Below average,0-2 years,0
37,1,Male,50,White,Physical disability,German,Master Degree,Somewhat related,Unpersonalized,Below average,0-2 years,0
38,1,Female,50,Hispanic,Mental health history,Mexican,Associate Degree,Unrelated,Unpersonalized,Average,3-7 years,0
39,1,Non-binary,50,Asian,Mental health history,German,Bachelor Degree,Somewhat related,Unpersonalized,Below average,10+ years,0
40,1,Non-binary,50,Hispanic,Physical disability,American,Bachelor Degree,Somewhat related,Personalized,Above average,0-2 years,1
41,1,Male,35,Hispanic,Physical disability,German,Associate Degree,Unrelated,Unpersonalized,Below average,10+ years,0
42,1,Female,55,Asian,Physical disability,German,Master Degree,Somewhat related,Unpersonalized,Below average,10+ years,1
43,1,Female,30,Black,None stated,Canadian,Master Degree,Somewhat related,Unpersonalized,Below average,10+ years,0
44,1,Female,30,Black,Physical disability,American,Associate Degree,Unrelated,Unpersonalized,Below average,0-2 years,0
45,1,Male,30,Asian,Physical disability,American,Associate Degree,Somewhat related,Unpersonalized,Average,10+ years,1
46,1,Non-binary,45,Black,Mental health history,Indian,Bachelor Degree,Somewhat related,Unpersonalized,Below average,3-7 years,0
47,1,Male,35,Black,Mental health history,American,Associate Degree,Closely related,Unpersonalized,Above average,10+ years,1
48,1,Male,55,Black,Physical disability,German,Master Degree,Closely related,Unpersonalized,Average,10+ years,1
49,1,Non-binary,55,Asian,Physical disability,American,Bachelor Degree,Unrelated,Unpersonalized,Below average,3-7 years,0
50,1,Non-binary,40,White,None stated,Canadian,Master Degree,Unrelated,Personalized,Below average,3-7 years,0
51,1,Non-binary,45,White,Physical disability,Mexican,Bachelor Degree,Somewhat related,Unpersonalized,Below average,0-2 years,0
52,1,Female,30,Asian,Physical disability,Mexican,Associate Degree,Somewhat related,Personalized,Below average,10+ years,0
53,1,Male,35,Asian,Mental health history,Canadian,Bachelor Degree,Somewhat related,Unpersonalized,Average,0-2 years,0
54,1,Male,45,White,Mental health history,Canadian,Bachelor Degree,Unrelated,Unpersonalized,Below average,10+ years,0
55,1,Non-binary,50,Black,None stated,Mexican,Bachelor Degree,Somewhat related,Unpersonalized,Average,3-7 years,1
56,1,Female,40,Black,Mental health history,Canadian,Master Degree,Somewhat related,Personalized,Above average,0-2 years,1
57,1,Non-binary,50,Asian,None stated,Indian,Associate Degree,Unrelated,Unpersonalized,Average,10+ years,0
58,1,Non-binary,30,Asian,Mental health history,German,Bachelor Degree,Somewhat related,Unpersonalized,Below average,0-2 years,0
59,1,Female,30,White,Physical disability,Canadian,Master Degree,Somewhat related,Personalized,Average,3-7 years,1
60,1,Non-binary,55,Black,None stated,Canadian,Associate Degree,Unrelated,Unpersonalized,Below average,10+ years,0
61,1,Female,40,Black,None stated,Indian,Bachelor Degree,Unrelated,Unpersonalized,Below average,3-7 years,0
62,1,Non-binary,40,Asian,Mental health history,Mexican,Associate Degree,Unrelated,Unpersonalized,Above average,0-2 years,0
63,1,Non-binary,40,Black,Mental health history,American,Master Degree,Unrelated,Personalized,Above average,3-7 years,1
64,1,Male,50,Asian,Mental health history,German,Bachelor Degree,Closely related,Unpersonalized,Above average,3-7 years,1
65,1,Male,45,White,Physical disability,German,Associate Degree,Somewhat related,Unpersonalized,Below average,10+ years,0
66,1,Non-binary,35,White,Mental health history,Indian,Master Degree,Somewhat related,Unpersonalized,Average,0-2 years,0
67,1,Female,45,Asian,Mental health history,German,Bachelor Degree,Unrelated,Personalized,Above average,10+ years,1
68,1,Male,40,White,Mental health history,Mexican,Master Degree,Unrelated,Unpersonalized,Average,3-7 years,0
69,1,Male,40,Black,None stated,German,Associate Degree,Closely related,Personalized,Below average,0-2 years,0
70,1,Non-binary,40,Black,None stated,American,Associate Degree,Closely related,Unpersonalized,Average,10+ years,0
71,1,Non-binary,30,Hispanic,Physical disability,Mexican,Master Degree,Unrelated,Personalized,Above average,10+ years,0
72,1,Female,55,White,Physical disability,Indian,Associate Degree,Closely related,Unpersonalized,Below average,0-2 years,0
73,1,Female,50,Hispanic,None stated,American,Master Degree,Unrelated,Personalized,Above average,3-7 years,0
74,1,Female,45,Asian,Mental health history,Mexican,Bachelor Degree,Closely related,Unpersonalized,Average,0-2 years,1
75,1,Non-binary,50,Asian,Mental health history,American,Bachelor Degree,Somewhat related,Unpersonalized,Below average,0-2 years,0
76,1,Male,30,Asian,Mental health history,Mexican,Associate Degree,Somewhat related,Personalized,Above average,10+ years,1
77,1,Non-binary,40,Asian,Physical disability,American,Associate Degree,Closely related,Unpersonalized,Average,0-2 years,0
78,1,Female,55,Asian,Mental health history,German,Associate Degree,Closely related,Personalized,Average,10+ years,1
79,1,Female,40,Black,Mental health history,American,Bachelor Degree,Somewhat related,Personalized,Above average,10+ years,1
80,1,Female,35,Black,Physical disability,Mexican,Bachelor Degree,Closely related,Personalized,Above average,10+ years,1
81,1,Non-binary,30,Hispanic,None stated,Indian,Associate Degree,Somewhat related,Unpersonalized,Below average,3-7 years,0
82,1,Non-binary,40,White,Physical disability,American,Associate Degree,Somewhat related,Unpersonalized,Below average,0-2 years,0
83,1,Non-binary,50,Black,Physical disability,Mexican,Master Degree,Unrelated,Personalized,Average,0-2 years,0
84,1,Female,50,Hispanic,Mental health history,German,Master Degree,Unrelated,Unpersonalized,Below average,3-7 years,0
85,1,Female,50,White,Physical disability,Indian,Bachelor Degree,Closely related,Personalized,Above average,3-7 years,1
86,1,Female,50,Hispanic,Mental health history,Canadian,Associate Degree,Somewhat related,Personalized,Above average,10+ years,1
87,1,Female,40,Asian,Physical disability,Indian,Bachelor Degree,Unrelated,Personalized,Below average,10+ years,0
88,1,Female,30,Black,Physical disability,Mexican,Master Degree,Unrelated,Unpersonalized,Average,10+ years,0
89,1,Non-binary,40,White,Physical disability,Mexican,Associate Degree,Closely related,Unpersonalized,Above average,0-2 years,0
90,1,Non-binary,35,Hispanic,None stated,Canadian,Associate Degree,Unrelated,Personalized,Below average,3-7 years,0
91,1,Non-binary,45,Black,Mental health history,Canadian,Bachelor Degree,Somewhat related,Personalized,Above average,10+ years,1
92,1,Non-binary,35,Asian,None stated,Indian,Bachelor Degree,Unrelated,Personalized,Below average,10+ years,0
93,1,Female,30,Black,Physical disability,Mexican,Associate Degree,Somewhat related,Personalized,Above average,10+ years,1
94,1,Non-binary,55,Asian,None stated,Canadian,Associate Degree,Somewhat related,Unpersonalized,Below average,0-2 years,0
95,1,Male,40,Black,Physical disability,American,Associate Degree,Closely related,Unpersonalized,Below average,10+ years,0
96,1,Non-binary,35,Asian,Physical disability,American,Master Degree,Somewhat related,Personalized,Below average,3-7 years,1
97,1,Male,55,Hispanic,Physical disability,Mexican,Master Degree,Closely related,Unpersonalized,Average,3-7 years,1
98,1,Non-binary,45,Hispanic,Mental health history,Canadian,Associate Degree,Closely related,Unpersonalized,Average,3-7 years,1
99,1,Female,30,Black,Physical disability,Mexican,Associate Degree,Unrelated,Unpersonalized,Above average,0-2 years,0
100,1,Non-binary,45,Asian,Mental health history,Mexican,Associate Degree,Unrelated,Unpersonalized,Average,3-7 years,0
101,1,Female,45,Hispanic,None stated,Indian,Bachelor Degree,Somewhat related,Personalized,Below average,3-7 years,1
102,1,Male,35,Hispanic,None stated,Canadian,Associate Degree,Closely related,Unpersonalized,Above average,3-7 years,1
103,1,Non-binary,35,Asian,Physical disability,Mexican,Master Degree,Somewhat related,Personalized,Average,0-2 years,0
104,1,Male,50,Asian,Mental health history,Indian,Associate Degree,Closely related,Personalized,Average,3-7 years,1
105,1,Non-binary,50,Asian,Physical disability,Canadian,Master Degree,Unrelated,Personalized,Above average,10+ years,1
106,1,Non-binary,50,Asian,Physical disability,German,Associate Degree,Unrelated,Personalized,Average,3-7 years,0
107,1,Non-binary,30,Hispanic,Physical disability,German,Bachelor Degree,Closely related,Personalized,Average,3-7 years,1
108,1,Non-binary,35,Asian,Mental health history,Mexican,Associate Degree,Somewhat related,Personalized,Below average,10+ years,1
109,1,Male,55,Asian,Mental health history,American,Associate Degree,Closely related,Personalized,Below average,10+ years,1
110,1,Non-binary,40,Hispanic,None stated,Indian,Bachelor Degree,Somewhat related,Personalized,Below average,0-2 years,0
111,1,Female,55,Asian,Mental health history,Mexican,Bachelor Degree,Closely related,Unpersonalized,Below average,10+ years,0
112,1,Male,30,Asian,Physical disability,German,Bachelor Degree,Closely related,Personalized,Above average,10+ years,1
113,1,Male,30,Hispanic,Mental health history,Indian,Associate Degree,Closely related,Unpersonalized,Average,0-2 years,0
114,1,Female,55,Asian,Physical disability,Mexican,Associate Degree,Somewhat related,Personalized,Below average,10+ years,1
115,1,Non-binary,55,White,None stated,American,Bachelor Degree,Somewhat related,Unpersonalized,Below average,3-7 years,0
116,1,Female,50,Hispanic,None stated,German,Master Degree,Closely related,Unpersonalized,Below average,3-7 years,0
117,1,Female,30,Asian,Physical disability,American,Bachelor Degree,Unrelated,Unpersonalized,Below average,10+ years,0
118,1,Non-binary,45,Black,Mental health history,German,Bachelor Degree,Closely related,Personalized,Average,10+ years,1
119,1,Female,50,Hispanic,Mental health history,American,Master Degree,Closely related,Personalized,Below average,3-7 years,1
120,1,Non-binary,55,Asian,Mental health history,Indian,Associate Degree,Closely related,Unpersonalized,Below average,3-7 years,0
121,1,Non-binary,55,Asian,Physical disability,American,Master Degree,Unrelated,Unpersonalized,Above average,3-7 years,1
122,1,Non-binary,45,Black,None stated,German,Bachelor Degree,Unrelated,Unpersonalized,Average,0-2 years,0
123,1,Male,30,Hispanic,Physical disability,Indian,Associate Degree,Unrelated,Personalized,Average,10+ years,0
124,1,Non-binary,30,White,Mental health history,German,Associate Degree,Unrelated,Personalized,Average,3-7 years,1
125,1,Female,50,White,Physical disability,Mexican,Bachelor Degree,Unrelated,Unpersonalized,Average,10+ years,0
126,1,Non-binary,40,Black,None stated,Mexican,Bachelor Degree,Unrelated,Personalized,Average,10+ years,1
127,1,Female,35,White,Physical disability,Indian,Associate Degree,Somewhat related,Unpersonalized,Above average,3-7 years,1
128,1,Female,40,Black,Physical disability,German,Master Degree,Somewhat related,Personalized,Below average,3-7 years,1
129,1,Female,55,Hispanic,Mental health history,Canadian,Associate Degree,Unrelated,Personalized,Below average,3-7 years,0
130,1,Male,40,Hispanic,None stated,Canadian,Master Degree,Unrelated,Unpersonalized,Average,10+ years,0
131,1,Non-binary,45,Asian,Mental health history,American,Bachelor Degree,Somewhat related,Personalized,Below average,0-2 years,0
132,1,Male,40,Hispanic,None stated,Canadian,Master Degree,Unrelated,Unpersonalized,Above average,3-7 years,0
133,1,Male,35,Hispanic,Mental health history,Canadian,Master Degree,Closely related,Personalized,Average,3-7 years,1
134,1,Male,40,Black,Mental health history,American,Associate Degree,Unrelated,Unpersonalized,Below average,0-2 years,0
135,1,Male,55,White,Physical disability,Indian,Associate Degree,Unrelated,Personalized,Average,0-2 years,0
136,1,Male,40,Black,Mental health history,German,Associate Degree,Somewhat related,Unpersonalized,Above average,0-2 years,0
137,1,Non-binary,40,Hispanic,Physical disability,Canadian,Bachelor Degree,Somewhat related,Personalized,Below average,3-7 years,1
138,1,Female,50,Black,Physical disability,Canadian,Bachelor Degree,Closely related,Unpersonalized,Below average,0-2 years,0
139,1,Non-binary,50,White,None stated,Canadian,Master Degree,Unrelated,Personalized,Above average,0-2 years,0
140,1,Female,35,Asian,Physical disability,Indian,Bachelor Degree,Unrelated,Unpersonalized,Above average,3-7 years,1
141,1,Female,45,White,Mental health history,Canadian,Master Degree,Closely related,Personalized,Above average,10+ years,1
142,1,Female,50,Asian,Physical disability,Indian,Master Degree,Unrelated,Unpersonalized,Above average,0-2 years,0
143,1,Non-binary,30,White,Mental health history,American,Associate Degree,Somewhat related,Personalized,Below average,0-2 years,0
144,1,Non-binary,45,White,None stated,German,Master Degree,Somewhat related,Personalized,Average,10+ years,1
145,1,Non-binary,35,Black,None stated,German,Master Degree,Somewhat related,Unpersonalized,Above average,3-7 years,1
146,1,Non-binary,55,White,None stated,Indian,Bachelor Degree,Somewhat related,Unpersonalized,Average,10+ years,0
147,1,Male,35,Hispanic,Physical disability,American,Associate Degree,Unrelated,Unpersonalized,Below average,10+ years,0
148,1,Male,40,Black,Mental health history,Canadian,Master Degree,Somewhat related,Unpersonalized,Above average,10+ years,1
149,1,Non-binary,50,Hispanic,Physical disability,American,Master Degree,Somewhat related,Unpersonalized,Above average,0-2 years,1
150,1,Male,55,White,None stated,Mexican,Associate Degree,Somewhat related,Personalized,Below average,3-7 years,0
151,1,Male,35,White,None stated,Indian,Bachelor Degree,Unrelated,Unpersonalized,Average,0-2 years,0
152,1,Female,45,White,Mental health history,German,Associate Degree,Unrelated,Personalized,Below average,3-7 years,0
153,1,Female,40,Hispanic,Physical disability,Indian,Associate Degree,Somewhat related,Unpersonalized,Average,10+ years,1
154,1,Non-binary,45,Asian,Physical disability,Mexican,Bachelor Degree,Unrelated,Personalized,Above average,3-7 years,1
155,1,Non-binary,35,Asian,Physical disability,Mexican,Bachelor Degree,Somewhat related,Personalized,Below average,0-2 years,1
156,1,Female,40,White,Physical disability,Indian,Associate Degree,Unrelated,Unpersonalized,Average,3-7 years,0
157,1,Non-binary,50,Hispanic,Mental health history,American,Bachelor Degree,Unrelated,Personalized,Average,0-2 years,0
158,1,Male,30,Asian,None stated,German,Master Degree,Unrelated,Personalized,Above average,3-7 years,0
159,1,Male,30,Black,Physical disability,Mexican,Bachelor Degree,Somewhat related,Personalized,Below average,3-7 years,1
160,1,Male,55,White,None stated,Mexican,Master Degree,Closely related,Personalized,Below average,0-2 years,0
161,1,Non-binary,35,Black,Mental health history,Indian,Bachelor Degree,Closely related,Personalized,Above average,10+ years,1
162,1,Non-binary,30,Black,Physical disability,Mexican,Associate Degree,Somewhat related,Personalized,Above average,10+ years,1
163,1,Female,40,Hispanic,Mental health history,Canadian,Master Degree,Unrelated,Unpersonalized,Below average,10+ years,0
164,1,Non-binary,35,Hispanic,Physical disability,German,Associate Degree,Unrelated,Unpersonalized,Above average,0-2 years,0
165,1,Female,45,White,Physical disability,American,Bachelor Degree,Closely related,Personalized,Above average,10+ years,1
166,1,Male,50,White,None stated,Mexican,Associate Degree,Somewhat related,Personalized,Below average,3-7 years,1
167,1,Non-binary,30,Hispanic,Mental health history,Canadian,Bachelor Degree,Closely related,Personalized,Above average,0-2 years,1
168,1,Non-binary,50,Asian,Mental health history,German,Master Degree,Somewhat related,Personalized,Below average,0-2 years,0
169,1,Female,55,Asian,Physical disability,German,Bachelor Degree,Unrelated,Personalized,Average,3-7 years,0
170,1,Male,55,Hispanic,Physical disability,Canadian,Master Degree,Unrelated,Unpersonalized,Below average,3-7 years,0
171,1,Female,45,Asian,Mental health history,American,Master Degree,Closely related,Unpersonalized,Below average,10+ years,1
172,1,Female,40,Black,Mental health history,Indian,Bachelor Degree,Unrelated,Personalized,Average,0-2 years,1
173,1,Male,55,Black,Mental health history,Mexican,Associate Degree,Somewhat related,Personalized,Below average,3-7 years,0
174,1,Non-binary,55,Black,Physical disability,American,Master Degree,Closely related,Personalized,Average,3-7 years,1
175,1,Male,45,Black,Physical disability,American,Associate Degree,Somewhat related,Personalized,Below average,0-2 years,0
176,1,Male,50,White,Mental health history,Canadian,Bachelor Degree,Somewhat related,Personalized,Below average,10+ years,1
177,1,Non-binary,55,Hispanic,Physical disability,Indian,Bachelor Degree,Closely related,Personalized,Above average,10+ years,1
178,1,Non-binary,45,Asian,Mental health history,American,Associate Degree,Somewhat related,Unpersonalized,Average,0-2 years,0
179,1,Female,50,Black,Physical disability,American,Associate Degree,Unrelated,Personalized,Average,3-7 years,1
180,1,Female,55,Hispanic,None stated,German,Master Degree,Unrelated,Personalized,Above average,0-2 years,0
181,1,Female,55,Hispanic,Mental health history,Canadian,Associate Degree,Closely related,Personalized,Above average,0-2 years,0
182,1,Non-binary,30,Black,Physical disability,Mexican,Master Degree,Unrelated,Unpersonalized,Average,3-7 years,1
183,1,Female,55,White,Physical disability,Indian,Master Degree,Somewhat related,Personalized,Above average,10+ years,1
184,1,Male,30,Black,None stated,Indian,Bachelor Degree,Somewhat related,Personalized,Average,0-2 years,1
185,1,Non-binary,40,White,Mental health history,American,Associate Degree,Closely related,Personalized,Above average,0-2 years,1
186,1,Male,40,Asian,Mental health history,German,Associate Degree,Somewhat related,Unpersonalized,Below average,3-7 years,0
187,1,Non-binary,55,White,Physical disability,American,Master Degree,Somewhat related,Unpersonalized,Average,0-2 years,0
188,1,Male,50,Hispanic,Mental health history,Mexican,Bachelor Degree,Unrelated,Personalized,Below average,0-2 years,0
189,1,Male,40,Asian,Physical disability,Indian,Master Degree,Unrelated,Unpersonalized,Above average,3-7 years,0
190,1,Male,45,Hispanic,Physical disability,Indian,Associate Degree,Unrelated,Unpersonalized,Average,3-7 years,0
191,1,Non-binary,55,White,None stated,Mexican,Associate Degree,Closely related,Personalized,Above average,3-7 years,1
192,1,Male,45,White,None stated,American,Associate Degree,Closely related,Personalized,Average,0-2 years,0
193,1,Male,55,Hispanic,None stated,American,Bachelor Degree,Closely related,Personalized,Above average,0-2 years,0
194,1,Male,35,Asian,Physical disability,Indian,Associate Degree,Closely related,Personalized,Below average,3-7 years,1
195,1,Male,55,Black,Mental health history,German,Associate Degree,Somewhat related,Unpersonalized,Above average,10+ years,0
196,1,Male,40,White,Physical disability,German,Bachelor Degree,Unrelated,Personalized,Average,0-2 years,0
197,1,Female,35,Black,None stated,German,Bachelor Degree,Unrelated,Unpersonalized,Below average,0-2 years,0
198,1,Male,30,White,None stated,German,Associate Degree,Closely related,Unpersonalized,Average,3-7 years,0
199,1,Male,50,Black,None stated,German,Bachelor Degree,Closely related,Unpersonalized,Below average,10+ years,1
200,1,Non-binary,45,Asian,None stated,German,Master Degree,Unrelated,Unpersonalized,Average,10+ years,0
201,1,Non-binary,50,Hispanic,Mental health history,American,Associate Degree,Unrelated,Unpersonalized,Below average,0-2 years,0
202,1,Male,55,White,Mental health history,Mexican,Bachelor Degree,Closely related,Unpersonalized,Average,0-2 years,0
203,1,Non-binary,45,Black,Physical disability,Indian,Bachelor Degree,Somewhat related,Unpersonalized,Average,3-7 years,1
204,1,Female,30,White,Physical disability,Canadian,Bachelor Degree,Closely related,Personalized,Below average,0-2 years,1
205,1,Male,40,Black,None stated,Indian,Master Degree,Unrelated,Unpersonalized,Below average,3-7 years,0
206,1,Female,30,Hispanic,None stated,Mexican,Master Degree,Unrelated,Unpersonalized,Average,0-2 years,0
207,1,Female,45,Hispanic,Mental health history,Mexican,Associate Degree,Unrelated,Unpersonalized,Average,3-7 years,0
208,1,Male,40,White,None stated,American,Associate Degree,Unrelated,Unpersonalized,Below average,3-7 years,0
209,1,Non-binary,35,Hispanic,Physical disability,American,Bachelor Degree,Unrelated,Personalized,Below average,10+ years,0
210,1,Male,30,Hispanic,None stated,Indian,Associate Degree,Unrelated,Personalized,Below average,3-7 years,0
211,1,Male,55,Hispanic,None stated,Indian,Associate Degree,Closely related,Personalized,Average,10+ years,1
212,1,Male,35,Asian,Physical disability,Canadian,Master Degree,Unrelated,Unpersonalized,Average,3-7 years,0
213,1,Female,40,Asian,Physical disability,American,Associate Degree,Closely related,Unpersonalized,Below average,3-7 years,1
214,1,Female,55,Hispanic,Mental health history,Mexican,Associate Degree,Unrelated,Personalized,Average,3-7 years,0
215,1,Male,30,Black,None stated,Indian,Associate Degree,Somewhat related,Personalized,Above average,3-7 years,1
216,1,Non-binary,45,Black,Physical disability,German,Master Degree,Somewhat related,Unpersonalized,Average,3-7 years,1
217,1,Non-binary,35,Asian,Mental health history,Indian,Master Degree,Closely related,Personalized,Above average,0-2 years,1
218,1,Female,45,Asian,None stated,Indian,Bachelor Degree,Unrelated,Unpersonalized,Below average,0-2 years,0
219,1,Female,30,Asian,Physical disability,Mexican,Bachelor Degree,Somewhat related,Unpersonalized,Average,0-2 years,0
220,1,Non-binary,30,Hispanic,Physical disability,Mexican,Bachelor Degree,Somewhat related,Unpersonalized,Below average,0-2 years,0
221,1,Non-binary,40,Black,Mental health history,German,Associate Degree,Somewhat related,Personalized,Above average,0-2 years,1
222,1,Non-binary,40,Hispanic,Physical disability,Mexican,Bachelor Degree,Unrelated,Unpersonalized,Above average,0-2 years,0
223,1,Non-binary,40,Hispanic,None stated,Canadian,Associate Degree,Closely related,Unpersonalized,Above average,10+ years,1
224,1,Non-binary,35,Asian,Mental health history,American,Associate Degree,Somewhat related,Unpersonalized,Average,0-2 years,0
225,1,Female,45,Hispanic,Physical disability,American,Associate Degree,Unrelated,Personalized,Below average,3-7 years,1
226,1,Female,35,White,Physical disability,German,Master Degree,Somewhat related,Personalized,Average,0-2 years,1
227,1,Female,45,Asian,None stated,Canadian,Bachelor Degree,Closely related,Personalized,Average,10+ years,1
228,1,Female,55,Asian,Mental health history,German,Associate Degree,Unrelated,Personalized,Below average,0-2 years,0
229,1,Female,55,Black,None stated,American,Bachelor Degree,Somewhat related,Personalized,Below average,10+ years,1
230,1,Male,45,Black,Mental health history,Canadian,Bachelor Degree,Unrelated,Personalized,Above average,10+ years,1
231,1,Female,35,White,None stated,American,Associate Degree,Unrelated,Unpersonalized,Average,0-2 years,0
232,1,Female,30,White,None stated,American,Bachelor Degree,Somewhat related,Unpersonalized,Above average,10+ years,1
233,1,Non-binary,40,White,Physical disability,Mexican,Associate Degree,Closely related,Unpersonalized,Above average,3-7 years,1
234,1,Male,30,Hispanic,Mental health history,Indian,Master Degree,Unrelated,Unpersonalized,Average,10+ years,0
235,1,Female,45,White,None stated,Mexican,Master Degree,Somewhat related,Personalized,Below average,10+ years,0
236,1,Female,40,Hispanic,None stated,German,Master Degree,Closely related,Personalized,Below average,0-2 years,0
237,1,Female,40,White,Mental health history,Canadian,Master Degree,Unrelated,Unpersonalized,Above average,0-2 years,0
238,1,Female,30,Hispanic,Mental health history,American,Associate Degree,Somewhat related,Unpersonalized,Average,10+ years,1
239,1,Non-binary,55,Hispanic,Physical disability,Mexican,Associate Degree,Closely related,Unpersonalized,Above average,10+ years,1
240,1,Male,40,Asian,Mental health history,Mexican,Master Degree,Unrelated,Unpersonalized,Below average,0-2 years,0
241,1,Male,30,Hispanic,None stated,Indian,Associate Degree,Unrelated,Unpersonalized,Average,3-7 years,0
242,1,Non-binary,55,White,Mental health history,Indian,Master Degree,Somewhat related,Personalized,Below average,10+ years,1
243,1,Female,50,Black,Physical disability,Indian,Bachelor Degree,Somewhat related,Unpersonalized,Average,0-2 years,0
244,1,Male,35,Asian,Mental health history,Mexican,Master Degree,Closely related,Personalized,Below average,10+ years,1
245,1,Female,30,White,None stated,Indian,Associate Degree,Closely related,Personalized,Average,3-7 years,1
246,1,Female,45,White,Mental health history,German,Associate Degree,Unrelated,Unpersonalized,Average,10+ years,0
247,1,Male,50,Hispanic,None stated,Mexican,Master Degree,Unrelated,Personalized,Below average,0-2 years,0
248,1,Female,30,Hispanic,Physical disability,German,Bachelor Degree,Closely related,Personalized,Below average,3-7 years,1
249,1,Non-binary,50,Asian,Physical disability,German,Master Degree,Somewhat related,Personalized,Below average,3-7 years,0
250,1,Male,40,Black,None stated,Mexican,Bachelor Degree,Somewhat related,Unpersonalized,Average,10+ years,1
251,1,Male,55,Asian,Physical disability,American,Bachelor Degree,Somewhat related,Unpersonalized,Average,10+ years,1
252,1,Male,35,White,Mental health history,American,Associate Degree,Unrelated,Personalized,Below average,3-7 years,0
253,1,Male,30,White,None stated,Canadian,Bachelor Degree,Unrelated,Personalized,Below average,0-2 years,0
254,1,Female,55,White,Mental health history,American,Master Degree,Unrelated,Personalized,Below average,10+ years,0
255,1,Female,45,Hispanic,Physical disability,American,Bachelor Degree,Closely related,Personalized,Average,10+ years,1
256,1,Male,30,White,Mental health history,German,Bachelor Degree,Unrelated,Personalized,Above average,0-2 years,0
257,1,Non-binary,40,Black,None stated,Canadian,Master Degree,Unrelated,Personalized,Below average,3-7 years,0
258,1,Female,40,Black,Mental health history,Canadian,Associate Degree,Somewhat related,Personalized,Average,3-7 years,1
259,1,Female,45,Black,None stated,Mexican,Associate Degree,Closely related,Unpersonalized,Above average,3-7 years,1
260,1,Male,55,White,Physical disability,Canadian,Master Degree,Closely related,Unpersonalized,Below average,10+ years,0
261,1,Male,50,Asian,Mental health history,German,Bachelor Degree,Unrelated,Personalized,Above average,3-7 years,0
262,1,Non-binary,30,Black,Mental health history,Canadian,Master Degree,Closely related,Unpersonalized,Average,0-2 years,1
263,1,Female,40,Black,None stated,Canadian,Master Degree,Somewhat related,Unpersonalized,Above average,3-7 years,1
264,1,Non-binary,50,Black,Physical disability,Indian,Bachelor Degree,Unrelated,Personalized,Below average,3-7 years,0
265,1,Non-binary,35,Hispanic,None stated,Canadian,Associate Degree,Unrelated,Unpersonalized,Average,0-2 years,0
266,1,Non-binary,30,Hispanic,Mental health history,Indian,Bachelor Degree,Closely related,Personalized,Below average,3-7 years,1
267,1,Non-binary,35,White,None stated,Mexican,Associate Degree,Unrelated,Unpersonalized,Below average,10+ years,0
268,1,Male,45,Black,Mental health history,Canadian,Master Degree,Unrelated,Unpersonalized,Average,10+ years,1
269,1,Male,50,Hispanic,None stated,German,Associate Degree,Closely related,Unpersonalized,Below average,10+ years,1
270,1,Non-binary,45,Asian,None stated,German,Bachelor Degree,Closely related,Unpersonalized,Above average,3-7 years,1
271,1,Non-binary,50,Hispanic,Physical disability,Canadian,Associate Degree,Unrelated,Personalized,Below average,10+ years,0
272,1,Male,35,Hispanic,Mental health history,German,Bachelor Degree,Somewhat related,Unpersonalized,Below average,3-7 years,0
273,1,Non-binary,50,Hispanic,Physical disability,Mexican,Master Degree,Somewhat related,Unpersonalized,Below average,0-2 years,0
274,1,Female,50,White,None stated,Indian,Master Degree,Closely related,Personalized,Average,3-7 years,1
275,1,Non-binary,45,Hispanic,Mental health history,German,Bachelor Degree,Unrelated,Personalized,Average,10+ years,1
276,1,Non-binary,50,Black,Mental health history,Canadian,Master Degree,Closely related,Unpersonalized,Average,10+ years,1
277,1,Non-binary,30,White,None stated,German,Bachelor Degree,Unrelated,Unpersonalized,Above average,3-7 years,0
278,1,Non-binary,30,White,Mental health history,Mexican,Bachelor Degree,Closely related,Unpersonalized,Below average,10+ years,1
279,1,Non-binary,30,Hispanic,None stated,Mexican,Associate Degree,Somewhat related,Personalized,Below average,10+ years,0
280,1,Male,40,White,Physical disability,Mexican,Associate Degree,Unrelated,Personalized,Above average,3-7 years,1
281,1,Male,55,Black,Physical disability,Canadian,Associate Degree,Closely related,Personalized,Below average,3-7 years,0
282,1,Female,40,Asian,Physical disability,German,Bachelor Degree,Somewhat related,Personalized,Below average,3-7 years,1
283,1,Non-binary,40,Hispanic,Mental health history,Canadian,Bachelor Degree,Closely related,Unpersonalized,Above average,10+ years,1
284,1,Male,50,Asian,None stated,Mexican,Bachelor Degree,Unrelated,Unpersonalized,Above average,0-2 years,0
285,1,Female,35,Black,Mental health history,Canadian,Associate Degree,Unrelated,Unpersonalized,Average,10+ years,1
286,1,Female,45,Black,Mental health history,German,Master Degree,Unrelated,Unpersonalized,Above average,3-7 years,1
287,1,Female,55,White,Physical disability,Mexican,Bachelor Degree,Somewhat related,Unpersonalized,Below average,10+ years,1
288,1,Female,40,Asian,Mental health history,German,Bachelor Degree,Unrelated,Unpersonalized,Average,3-7 years,0
289,1,Male,30,Black,Physical disability,Canadian,Bachelor Degree,Somewhat related,Unpersonalized,Below average,3-7 years,0
290,1,Male,30,Black,Mental health history,Canadian,Master Degree,Somewhat related,Personalized,Average,0-2 years,1
291,1,Non-binary,30,White,Physical disability,German,Associate Degree,Closely related,Unpersonalized,Above average,0-2 years,0
292,1,Non-binary,40,Asian,Physical disability,Indian,Master Degree,Somewhat related,Unpersonalized,Average,10+ years,1
293,1,Female,45,Black,None stated,Indian,Bachelor Degree,Somewhat related,Unpersonalized,Above average,0-2 years,1
294,1,Non-binary,45,Hispanic,Physical disability,American,Bachelor Degree,Somewhat related,Personalized,Average,10+ years,1
295,1,Female,35,Asian,None stated,Indian,Master Degree,Closely related,Unpersonalized,Above average,10+ years,1
296,1,Non-binary,45,Hispanic,Physical disability,German,Bachelor Degree,Closely related,Unpersonalized,Average,0-2 years,0
297,1,Non-binary,30,Black,None stated,Canadian,Associate Degree,Somewhat related,Personalized,Above average,3-7 years,1
298,1,Male,40,Hispanic,None stated,German,Bachelor Degree,Closely related,Personalized,Above average,3-7 years,1
299,1,Non-binary,30,Black,Physical disability,Indian,Master Degree,Somewhat related,Unpersonalized,Average,10+ years,1
300,1,Non-binary,35,White,None stated,Indian,Bachelor Degree,Closely related,Personalized,Above average,10+ years,1
301,1,Female,30,Black,None stated,Indian,Associate Degree,Unrelated,Unpersonalized,Below average,0-2 years,0
302,1,Female,50,Asian,Physical disability,Canadian,Associate Degree,Unrelated,Unpersonalized,Above average,10+ years,0
303,1,Male,50,Black,Mental health history,Mexican,Bachelor Degree,Unrelated,Unpersonalized,Above average,10+ years,0
304,1,Female,30,Hispanic,Mental health history,Canadian,Associate Degree,Unrelated,Unpersonalized,Below average,0-2 years,0
305,1,Female,45,Asian,None stated,American,Master Degree,Unrelated,Personalized,Average,0-2 years,0
306,1,Non-binary,45,Asian,None stated,Mexican,Associate Degree,Unrelated,Personalized,Average,0-2 years,0
307,1,Female,55,White,Mental health history,Mexican,Master Degree,Closely related,Personalized,Above average,0-2 years,1
308,1,Non-binary,55,Black,Mental health history,Canadian,Master Degree,Unrelated,Unpersonalized,Below average,0-2 years,0
309,1,Non-binary,45,Asian,Mental health history,Canadian,Master Degree,Unrelated,Unpersonalized,Above average,3-7 years,1
310,1,Non-binary,50,Black,Physical disability,German,Master Degree,Somewhat related,Unpersonalized,Above average,3-7 years,1
311,1,Female,35,Black,Physical disability,American,Master Degree,Somewhat related,Personalized,Average,0-2 years,1
312,1,Female,30,Hispanic,Mental health history,Canadian,Master Degree,Closely related,Unpersonalized,Above average,0-2 years,1
313,1,Female,40,Hispanic,Physical disability,American,Associate Degree,Unrelated,Personalized,Below average,10+ years,0
314,1,Male,30,Hispanic,Physical disability,German,Master Degree,Unrelated,Personalized,Average,3-7 years,0
315,1,Non-binary,45,Asian,None stated,Indian,Master Degree,Somewhat related,Personalized,Average,3-7 years,1
316,1,Male,30,Asian,Physical disability,Mexican,Master Degree,Unrelated,Personalized,Average,10+ years,1
317,1,Female,35,Asian,Mental health history,Indian,Master Degree,Closely related,Unpersonalized,Average,0-2 years,0
318,1,Male,50,Black,Physical disability,American,Bachelor Degree,Unrelated,Personalized,Above average,3-7 years,1
319,1,Non-binary,45,Black,Mental health history,American,Bachelor Degree,Unrelated,Personalized,Above average,0-2 years,0
320,1,Non-binary,30,White,Physical disability,Mexican,Master Degree,Unrelated,Unpersonalized,Average,0-2 years,0
321,1,Male,35,Hispanic,Mental health history,American,Associate Degree,Closely related,Unpersonalized,Above average,3-7 years,1
322,1,Male,50,Asian,None stated,Mexican,Bachelor Degree,Closely related,Unpersonalized,Average,0-2 years,0
323,1,Non-binary,35,Hispanic,Physical disability,German,Bachelor Degree,Somewhat related,Personalized,Average,10+ years,1
324,1,Non-binary,50,Black,Physical disability,American,Master Degree,Unrelated,Personalized,Average,3-7 years,1
325,1,Male,35,White,None stated,Canadian,Associate Degree,Unrelated,Unpersonalized,Below average,10+ years,0
326,1,Male,50,Hispanic,Mental health history,Mexican,Associate Degree,Somewhat related,Unpersonalized,Above average,0-2 years,0
327,1,Non-binary,55,Black,None stated,American,Associate Degree,Somewhat related,Unpersonalized,Below average,3-7 years,0
328,1,Female,50,White,Mental health history,American,Bachelor Degree,Somewhat related,Personalized,Average,10+ years,1
329,1,Female,45,Asian,Physical disability,Indian,Associate Degree,Somewhat related,Unpersonalized,Below average,0-2 years,0
330,1,Male,50,Black,Physical disability,Indian,Bachelor Degree,Somewhat related,Personalized,Average,3-7 years,1
331,1,Male,30,Hispanic,Mental health history,Mexican,Associate Degree,Unrelated,Unpersonalized,Below average,10+ years,0
332,1,Male,35,Black,Mental health history,American,Bachelor Degree,Somewhat related,Unpersonalized,Below average,3-7 years,0
333,1,Female,45,White,Mental health history,Indian,Associate Degree,Closely related,Unpersonalized,Above average,3-7 years,1
334,1,Male,30,Asian,None stated,Canadian,Associate Degree,Unrelated,Unpersonalized,Above average,0-2 years,0
335,1,Male,30,Asian,Physical disability,Mexican,Bachelor Degree,Closely related,Unpersonalized,Below average,0-2 years,0
336,1,Non-binary,35,Black,Mental health history,American,Associate Degree,Unrelated,Personalized,Above average,10+ years,1
337,1,Non-binary,55,Hispanic,Physical disability,Canadian,Master Degree,Closely related,Unpersonalized,Average,0-2 years,0
338,1,Female,40,Black,None stated,Canadian,Master Degree,Somewhat related,Unpersonalized,Average,3-7 years,1
339,1,Non-binary,50,White,None stated,Canadian,Bachelor Degree,Somewhat related,Unpersonalized,Above average,0-2 years,0
340,1,Non-binary,30,Asian,Mental health history,Mexican,Master Degree,Unrelated,Personalized,Average,10+ years,1
341,1,Non-binary,50,Hispanic,None stated,German,Associate Degree,Somewhat related,Unpersonalized,Below average,0-2 years,0
342,1,Non-binary,40,Black,None stated,Mexican,Associate Degree,Closely related,Personalized,Above average,10+ years,1
343,1,Male,50,Black,None stated,American,Bachelor Degree,Somewhat related,Personalized,Average,3-7 years,1
344,1,Non-binary,35,Asian,None stated,Canadian,Bachelor Degree,Somewhat related,Unpersonalized,Above average,10+ years,1
345,1,Male,50,Asian,Mental health history,Mexican,Bachelor Degree,Closely related,Unpersonalized,Below average,0-2 years,0
346,1,Male,45,White,None stated,Indian,Associate Degree,Closely related,Unpersonalized,Above average,0-2 years,0
347,1,Male,55,Hispanic,None stated,Indian,Bachelor Degree,Unrelated,Unpersonalized,Above average,0-2 years,0
348,1,Female,30,White,Physical disability,American,Bachelor Degree,Somewhat related,Unpersonalized,Average,3-7 years,1
349,1,Female,50,Hispanic,Physical disability,German,Bachelor Degree,Closely related,Personalized,Below average,0-2 years,1
350,1,Non-binary,55,Black,None stated,American,Master Degree,Unrelated,Unpersonalized,Average,10+ years,0
351,1,Male,50,White,Mental health history,German,Bachelor Degree,Somewhat related,Unpersonalized,Below average,10+ years,0
352,1,Female,50,Asian,Physical disability,German,Master Degree,Somewhat related,Personalized,Average,10+ years,1
353,1,Non-binary,50,Hispanic,None stated,Mexican,Associate Degree,Somewhat related,Personalized,Average,10+ years,1
354,1,Non-binary,40,Hispanic,Physical disability,Indian,Bachelor Degree,Unrelated,Personalized,Below average,0-2 years,0
355,1,Non-binary,35,Black,None stated,American,Master Degree,Closely related,Personalized,Below average,3-7 years,1
356,1,Non-binary,35,Hispanic,Mental health history,Indian,Master Degree,Somewhat related,Unpersonalized,Above average,0-2 years,0
357,1,Male,30,Hispanic,Mental health history,Mexican,Associate Degree,Unrelated,Unpersonalized,Below average,0-2 years,0
358,1,Non-binary,55,White,Mental health history,German,Master Degree,Somewhat related,Personalized,Above average,10+ years,1
359,1,Female,40,Black,None stated,German,Master Degree,Somewhat related,Unpersonalized,Average,10+ years,1
360,1,Male,35,White,Physical disability,Mexican,Associate Degree,Unrelated,Unpersonalized,Above average,3-7 years,0
361,1,Female,55,Black,Physical disability,Canadian,Master Degree,Closely related,Unpersonalized,Average,0-2 years,0
362,1,Non-binary,55,Black,None stated,German,Master Degree,Somewhat related,Personalized,Below average,3-7 years,0
363,1,Female,55,Hispanic,Physical disability,Mexican,Associate Degree,Unrelated,Unpersonalized,Average,3-7 years,0
364,1,Female,50,Asian,Physical disability,Mexican,Bachelor Degree,Closely related,Unpersonalized,Below average,10+ years,1
365,1,Non-binary,55,Black,Physical disability,German,Associate Degree,Unrelated,Personalized,Average,0-2 years,0
366,1,Female,35,White,None stated,German,Associate Degree,Closely related,Personalized,Below average,10+ years,1
367,1,Male,55,Black,Physical disability,Mexican,Bachelor Degree,Unrelated,Personalized,Below average,3-7 years,0
368,1,Female,40,White,Physical disability,Mexican,Associate Degree,Somewhat related,Personalized,Above average,0-2 years,0
369,1,Male,50,White,Physical disability,Mexican,Associate Degree,Closely related,Personalized,Average,10+ years,1
370,1,Female,35,Asian,Physical disability,German,Associate Degree,Unrelated,Unpersonalized,Above average,3-7 years,0
371,1,Female,55,Asian,Physical disability,American,Master Degree,Unrelated,Personalized,Above average,10+ years,1
372,1,Female,55,Black,Physical disability,Indian,Associate Degree,Unrelated,Unpersonalized,Above average,0-2 years,0
373,1,Male,50,Asian,Physical disability,German,Bachelor Degree,Closely related,Personalized,Above average,0-2 years,1
374,1,Non-binary,50,Black,None stated,American,Master Degree,Closely related,Unpersonalized,Below average,0-2 years,0
375,1,Female,30,Hispanic,Mental health history,Canadian,Master Degree,Closely related,Personalized,Average,3-7 years,1
376,1,Female,30,Black,Physical disability,Canadian,Associate Degree,Unrelated,Personalized,Above average,0-2 years,1
377,1,Female,35,White,None stated,American,Master Degree,Unrelated,Unpersonalized,Average,0-2 years,0
378,1,Non-binary,35,Black,None stated,Mexican,Master Degree,Somewhat related,Unpersonalized,Average,0-2 years,0
379,1,Female,45,White,Mental health history,Canadian,Associate Degree,Closely related,Personalized,Below average,3-7 years,0
380,1,Male,35,Hispanic,Physical disability,Canadian,Associate Degree,Unrelated,Personalized,Average,10+ years,1
381,1,Non-binary,30,Black,None stated,American,Bachelor Degree,Unrelated,Personalized,Average,0-2 years,1
382,1,Male,30,Black,Mental health history,Indian,Associate Degree,Somewhat related,Personalized,Average,3-7 years,1
383,1,Female,35,Hispanic,Mental health history,Canadian,Master Degree,Somewhat related,Unpersonalized,Average,3-7 years,1
384,1,Male,40,Black,Physical disability,German,Associate Degree,Unrelated,Personalized,Below average,10+ years,1
385,1,Female,40,White,Mental health history,Indian,Master Degree,Closely related,Personalized,Above average,3-7 years,1
386,1,Non-binary,50,White,Physical disability,German,Bachelor Degree,Somewhat related,Personalized,Above average,3-7 years,1
387,1,Female,35,White,None stated,Indian,Master Degree,Somewhat related,Personalized,Below average,3-7 years,0
388,1,Non-binary,55,White,Mental health history,American,Bachelor Degree,Unrelated,Unpersonalized,Below average,0-2 years,0
389,1,Non-binary,40,White,Mental health history,Mexican,Associate Degree,Closely related,Unpersonalized,Above average,3-7 years,1
390,1,Male,40,Black,Mental health history,American,Master Degree,Somewhat related,Personalized,Below average,0-2 years,0
391,1,Female,40,Hispanic,Physical disability,German,Master Degree,Closely related,Unpersonalized,Below average,10+ years,1
392,1,Male,45,Black,Physical disability,American,Associate Degree,Closely related,Unpersonalized,Average,10+ years,1
393,1,Non-binary,50,Black,Physical disability,Mexican,Bachelor Degree,Somewhat related,Personalized,Above average,0-2 years,1
394,1,Non-binary,55,Asian,Physical disability,German,Master Degree,Unrelated,Unpersonalized,Above average,3-7 years,0
395,1,Male,35,Asian,Physical disability,Indian,Associate Degree,Unrelated,Personalized,Below average,10+ years,0
396,1,Male,40,Black,Physical disability,Mexican,Bachelor Degree,Closely related,Personalized,Below average,10+ years,1
397,1,Male,30,Hispanic,Physical disability,Canadian,Bachelor Degree,Somewhat related,Personalized,Average,10+ years,1
398,1,Non-binary,55,Hispanic,Physical disability,American,Master Degree,Somewhat related,Personalized,Average,10+ years,1
399,1,Male,40,White,Mental health history,Canadian,Master Degree,Unrelated,Personalized,Above average,0-2 years,1
400,1,Female,50,White,Mental health history,Mexican,Bachelor Degree,Closely related,Unpersonalized,Above average,3-7 years,1
401,1,Male,55,Hispanic,Mental health history,Indian,Bachelor Degree,Somewhat related,Personalized,Below average,3-7 years,0
402,1,Male,50,Hispanic,None stated,American,Bachelor Degree,Unrelated,Unpersonalized,Above average,0-2 years,0
403,1,Male,40,Asian,Physical disability,German,Master Degree,Somewhat related,Personalized,Average,0-2 years,0
404,1,Female,35,Hispanic,Mental health history,Canadian,Associate Degree,Closely related,Unpersonalized,Above average,0-2 years,0
405,1,Female,50,White,Physical disability,Canadian,Master Degree,Closely related,Personalized,Above average,3-7 years,1
406,1,Male,40,Asian,Mental health history,American,Master Degree,Closely related,Personalized,Average,10+ years,1
407,1,Male,50,Asian,None stated,American,Associate Degree,Unrelated,Unpersonalized,Above average,3-7 years,0
408,1,Female,45,White,None stated,Canadian,Associate Degree,Somewhat related,Unpersonalized,Above average,10+ years,1
409,1,Male,55,White,None stated,Canadian,Master Degree,Closely related,Personalized,Above average,0-2 years,0
410,1,Female,30,Black,None stated,American,Master Degree,Unrelated,Personalized,Above average,0-2 years,0
411,1,Non-binary,35,Black,Mental health history,Mexican,Associate Degree,Closely related,Personalized,Below average,3-7 years,0
412,1,Male,50,White,Mental health history,Canadian,Master Degree,Closely related,Unpersonalized,Average,10+ years,1
413,1,Female,55,White,None stated,Mexican,Bachelor Degree,Somewhat related,Personalized,Below average,0-2 years,0
414,1,Non-binary,40,White,None stated,Mexican,Bachelor Degree,Closely related,Unpersonalized,Above average,3-7 years,1
415,1,Male,45,Asian,None stated,American,Master Degree,Somewhat related,Personalized,Above average,3-7 years,1
416,1,Male,40,Black,Physical disability,Canadian,Master Degree,Somewhat related,Personalized,Average,3-7 years,1
417,1,Female,50,Asian,None stated,Indian,Associate Degree,Closely related,Unpersonalized,Above average,3-7 years,1
418,1,Male,45,Asian,None stated,Mexican,Master Degree,Unrelated,Personalized,Average,10+ years,1
419,1,Non-binary,40,White,None stated,Indian,Associate Degree,Somewhat related,Unpersonalized,Above average,3-7 years,0
420,1,Female,45,Black,Physical disability,Indian,Bachelor Degree,Closely related,Unpersonalized,Below average,10+ years,0
421,1,Female,50,Hispanic,Mental health history,Mexican,Bachelor Degree,Somewhat related,Personalized,Average,10+ years,1
422,1,Female,30,Hispanic,Physical disability,Mexican,Bachelor Degree,Somewhat related,Personalized,Below average,0-2 years,0
423,1,Male,30,Asian,None stated,Indian,Master Degree,Somewhat related,Unpersonalized,Above average,0-2 years,0
424,1,Female,30,Black,Physical disability,Indian,Master Degree,Unrelated,Unpersonalized,Average,10+ years,0
425,1,Male,40,Hispanic,None stated,German,Master Degree,Closely related,Personalized,Below average,3-7 years,1
426,1,Non-binary,40,Hispanic,Mental health history,German,Bachelor Degree,Closely related,Unpersonalized,Above average,3-7 years,1
427,1,Non-binary,45,Black,Mental health history,Indian,Bachelor Degree,Unrelated,Unpersonalized,Below average,10+ years,0
428,1,Female,45,Asian,None stated,Canadian,Bachelor Degree,Somewhat related,Unpersonalized,Below average,0-2 years,0
429,1,Female,45,Hispanic,Mental health history,Indian,Bachelor Degree,Unrelated,Personalized,Average,0-2 years,0
430,1,Non-binary,45,White,None stated,American,Bachelor Degree,Unrelated,Unpersonalized,Average,3-7 years,0
431,1,Non-binary,55,Asian,Physical disability,American,Associate Degree,Unrelated,Personalized,Above average,3-7 years,0
432,1,Female,45,Hispanic,Physical disability,German,Associate Degree,Somewhat related,Unpersonalized,Below average,0-2 years,0
433,1,Female,55,Asian,Physical disability,American,Master Degree,Unrelated,Personalized,Below average,10+ years,1
434,1,Non-binary,35,Hispanic,Physical disability,American,Bachelor Degree,Somewhat related,Unpersonalized,Average,0-2 years,0
435,1,Male,45,Hispanic,Mental health history,Indian,Bachelor Degree,Unrelated,Unpersonalized,Average,0-2 years,0
436,1,Male,55,Black,Mental health history,Indian,Master Degree,Closely related,Personalized,Above average,0-2 years,1
437,1,Female,45,Hispanic,Mental health history,Canadian,Bachelor Degree,Closely related,Unpersonalized,Above average,0-2 years,0
438,1,Non-binary,55,Black,None stated,Indian,Associate Degree,Somewhat related,Personalized,Average,3-7 years,1
439,1,Male,55,Hispanic,Physical disability,Indian,Associate Degree,Closely related,Personalized,Average,3-7 years,1
440,1,Female,35,Hispanic,None stated,American,Bachelor Degree,Somewhat related,Personalized,Below average,3-7 years,0
441,1,Non-binary,35,Hispanic,Mental health history,Indian,Master Degree,Unrelated,Unpersonalized,Average,0-2 years,0
442,1,Male,40,Hispanic,Physical disability,Indian,Master Degree,Somewhat related,Personalized,Below average,0-2 years,0
443,1,Male,40,Hispanic,None stated,Mexican,Associate Degree,Somewhat related,Personalized,Average,3-7 years,1
444,1,Female,35,Asian,Mental health history,Indian,Associate Degree,Unrelated,Unpersonalized,Average,0-2 years,0
445,1,Female,30,Hispanic,None stated,Indian,Bachelor Degree,Unrelated,Unpersonalized,Above average,3-7 years,0
446,1,Non-binary,50,Asian,Mental health history,German,Associate Degree,Unrelated,Personalized,Below average,10+ years,0
447,1,Non-binary,55,White,Physical disability,Mexican,Master Degree,Closely related,Unpersonalized,Average,0-2 years,0
448,1,Non-binary,50,Hispanic,Physical disability,German,Associate Degree,Closely related,Personalized,Below average,3-7 years,1
449,1,Male,35,Hispanic,None stated,American,Associate Degree,Closely related,Unpersonalized,Above average,3-7 years,0
450,1,Female,50,Black,Physical disability,Indian,Bachelor Degree,Somewhat related,Unpersonalized,Below average,10+ years,0
451,1,Male,30,Asian,Physical disability,Canadian,Master Degree,Unrelated,Personalized,Above average,10+ years,1
452,1,Male,55,Asian,None stated,German,Bachelor Degree,Somewhat related,Personalized,Below average,0-2 years,0
453,1,Female,40,White,Mental health history,American,Associate Degree,Unrelated,Unpersonalized,Average,0-2 years,0
454,1,Non-binary,45,Asian,Physical disability,Canadian,Associate Degree,Closely related,Personalized,Below average,10+ years,1
455,1,Male,55,Hispanic,Physical disability,Indian,Master Degree,Unrelated,Unpersonalized,Above average,10+ years,0
456,1,Male,30,White,Mental health history,Canadian,Associate Degree,Closely related,Unpersonalized,Below average,0-2 years,0
457,1,Male,30,Black,None stated,Indian,Bachelor Degree,Somewhat related,Personalized,Above average,10+ years,1
458,1,Non-binary,55,Hispanic,Physical disability,Indian,Master Degree,Unrelated,Unpersonalized,Average,3-7 years,0
459,1,Non-binary,30,Asian,Mental health history,Indian,Bachelor Degree,Closely related,Unpersonalized,Below average,10+ years,0
460,1,Female,35,Black,Mental health history,Mexican,Master Degree,Unrelated,Unpersonalized,Average,3-7 years,0
461,1,Non-binary,45,Black,None stated,Canadian,Associate Degree,Unrelated,Unpersonalized,Average,3-7 years,0
462,1,Female,55,Black,None stated,German,Associate Degree,Closely related,Unpersonalized,Above average,0-2 years,0
463,1,Male,50,Asian,None stated,German,Master Degree,Unrelated,Personalized,Below average,0-2 years,0
464,1,Non-binary,30,Black,Mental health history,American,Associate Degree,Somewhat related,Personalized,Below average,3-7 years,1
465,1,Male,35,Hispanic,Physical disability,American,Associate Degree,Somewhat related,Unpersonalized,Above average,10+ years,1
466,1,Male,50,Hispanic,None stated,Canadian,Bachelor Degree,Somewhat related,Unpersonalized,Above average,10+ years,1
467,1,Female,45,Black,Physical disability,American,Bachelor Degree,Closely related,Personalized,Below average,0-2 years,0
468,1,Female,30,Asian,Mental health history,German,Associate Degree,Unrelated,Unpersonalized,Above average,10+ years,0
469,1,Male,50,Asian,Physical disability,Canadian,Master Degree,Unrelated,Unpersonalized,Average,0-2 years,0
470,1,Male,40,Hispanic,Mental health history,American,Master Degree,Closely related,Unpersonalized,Above average,10+ years,1
471,1,Female,40,Black,Mental health history,German,Master Degree,Unrelated,Personalized,Above average,3-7 years,1
472,1,Female,45,White,None stated,Indian,Bachelor Degree,Closely related,Personalized,Average,3-7 years,1
473,1,Female,50,Hispanic,Mental health history,Indian,Bachelor Degree,Unrelated,Unpersonalized,Below average,3-7 years,0
474,1,Non-binary,35,Hispanic,Physical disability,American,Master Degree,Closely related,Unpersonalized,Average,10+ years,1
475,1,Male,40,Asian,Physical disability,Mexican,Bachelor Degree,Somewhat related,Personalized,Average,0-2 years,0
476,1,Male,30,Asian,None stated,American,Bachelor Degree,Somewhat related,Unpersonalized,Below average,3-7 years,0
477,1,Female,55,Hispanic,None stated,Mexican,Associate Degree,Unrelated,Unpersonalized,Above average,0-2 years,0
478,1,Non-binary,55,Asian,Mental health history,American,Master Degree,Unrelated,Personalized,Average,10+ years,1
479,1,Male,40,Black,None stated,German,Bachelor Degree,Closely related,Unpersonalized,Above average,10+ years,1
480,1,Female,40,White,None stated,American,Master Degree,Closely related,Unpersonalized,Average,0-2 years,0
481,1,Male,30,White,Physical disability,Indian,Associate Degree,Somewhat related,Personalized,Above average,3-7 years,1
482,1,Male,40,White,Physical disability,Indian,Master Degree,Somewhat related,Personalized,Above average,0-2 years,0
483,1,Female,50,Hispanic,Physical disability,American,Master Degree,Unrelated,Personalized,Average,3-7 years,1
484,1,Female,50,Asian,Mental health history,Canadian,Associate Degree,Closely related,Unpersonalized,Above average,10+ years,1
485,1,Non-binary,50,White,Physical disability,American,Bachelor Degree,Unrelated,Personalized,Average,10+ years,1
486,1,Non-binary,40,Hispanic,Physical disability,Canadian,Master Degree,Somewhat related,Unpersonalized,Average,3-7 years,1
487,1,Non-binary,35,Hispanic,Mental health history,Indian,Bachelor Degree,Unrelated,Personalized,Below average,10+ years,0
488,1,Non-binary,40,Hispanic,None stated,American,Associate Degree,Somewhat related,Unpersonalized,Average,3-7 years,0
489,1,Non-binary,35,Black,Physical disability,Mexican,Associate Degree,Somewhat related,Unpersonalized,Below average,10+ years,1
490,1,Male,50,Black,Mental health history,German,Master Degree,Unrelated,Personalized,Average,10+ years,1
491,1,Non-binary,55,Asian,Mental health history,German,Bachelor Degree,Closely related,Unpersonalized,Below average,10+ years,0
492,1,Female,40,White,Mental health history,Canadian,Associate Degree,Somewhat related,Unpersonalized,Below average,3-7 years,0
493,1,Non-binary,45,White,None stated,Canadian,Associate Degree,Somewhat related,Unpersonalized,Average,10+ years,1
494,1,Male,45,Black,Physical disability,American,Bachelor Degree,Unrelated,Personalized,Average,10+ years,1
495,1,Male,45,Asian,Mental health history,American,Associate Degree,Closely related,Unpersonalized,Average,3-7 years,1
496,1,Female,30,Hispanic,None stated,German,Master Degree,Unrelated,Personalized,Above average,3-7 years,1
497,1,Non-binary,35,White,None stated,American,Master Degree,Unrelated,Personalized,Below average,0-2 years,0
498,1,Male,30,White,None stated,Mexican,Master Degree,Somewhat related,Unpersonalized,Above average,10+ years,1
499,1,Male,50,Black,None stated,Canadian,Master Degree,Unrelated,Personalized,Above average,3-7 years,0
500,1,Non-binary,55,Hispanic,Mental health history,Mexican,Master Degree,Unrelated,Unpersonalized,Below average,3-7 years,0
501,1,Non-binary,35,Black,Physical disability,German,Associate Degree,Closely related,Unpersonalized,Below average,3-7 years,1
502,1,Male,50,White,None stated,Mexican,Bachelor Degree,Closely related,Unpersonalized,Average,0-2 years,0
503,1,Male,35,White,None stated,Mexican,Associate Degree,Closely related,Personalized,Above average,10+ years,1
504,1,Non-binary,50,Hispanic,Mental health history,American,Associate Degree,Closely related,Personalized,Average,0-2 years,1
505,1,Non-binary,40,Black,Physical disability,Canadian,Associate Degree,Unrelated,Unpersonalized,Average,10+ years,1
506,1,Non-binary,50,Asian,Physical disability,German,Bachelor Degree,Closely related,Unpersonalized,Below average,3-7 years,0
507,1,Male,35,Black,Physical disability,Canadian,Bachelor Degree,Closely related,Unpersonalized,Above average,3-7 years,1
508,1,Female,50,Asian,None stated,German,Associate Degree,Somewhat related,Unpersonalized,Above average,3-7 years,0
509,1,Male,45,Black,Physical disability,American,Bachelor Degree,Closely related,Unpersonalized,Below average,10+ years,0
510,1,Non-binary,35,Asian,None stated,Mexican,Bachelor Degree,Somewhat related,Unpersonalized,Average,10+ years,1
511,1,Non-binary,55,White,Physical disability,German,Associate Degree,Somewhat related,Personalized,Average,10+ years,1
512,1,Female,30,Asian,None stated,Indian,Master Degree,Somewhat related,Personalized,Above average,3-7 years,1
513,1,Female,55,Asian,Physical disability,Canadian,Bachelor Degree,Somewhat related,Unpersonalized,Below average,10+ years,0
514,1,Female,35,Hispanic,None stated,German,Bachelor Degree,Closely related,Unpersonalized,Average,3-7 years,1
515,1,Male,35,Black,None stated,Indian,Bachelor Degree,Closely related,Personalized,Above average,10+ years,1
516,1,Female,45,Black,None stated,Canadian,Master Degree,Somewhat related,Unpersonalized,Below average,0-2 years,0
517,1,Male,50,Asian,Mental health history,Canadian,Master Degree,Unrelated,Unpersonalized,Above average,0-2 years,0
518,1,Non-binary,45,Hispanic,Physical disability,German,Associate Degree,Unrelated,Personalized,Above average,10+ years,1
519,1,Non-binary,55,Hispanic,Physical disability,Indian,Master Degree,Closely related,Personalized,Above average,10+ years,1
520,1,Non-binary,55,Black,Physical disability,Indian,Master Degree,Closely related,Unpersonalized,Average,0-2 years,1
521,1,Female,30,White,Mental health history,Indian,Bachelor Degree,Somewhat related,Unpersonalized,Average,3-7 years,1
522,1,Female,45,White,None stated,German,Master Degree,Closely related,Unpersonalized,Average,3-7 years,1
523,1,Male,50,Hispanic,None stated,American,Master Degree,Closely related,Unpersonalized,Average,3-7 years,1
524,1,Non-binary,50,White,Physical disability,Mexican,Bachelor Degree,Closely related,Personalized,Average,3-7 years,1
525,1,Male,40,Black,Mental health history,American,Associate Degree,Closely related,Personalized,Below average,0-2 years,0
526,1,Non-binary,45,Hispanic,None stated,Canadian,Associate Degree,Closely related,Unpersonalized,Above average,0-2 years,0
527,1,Non-binary,40,Asian,None stated,American,Associate Degree,Somewhat related,Unpersonalized,Below average,3-7 years,0
528,1,Non-binary,55,Black,Physical disability,Canadian,Master Degree,Unrelated,Unpersonalized,Below average,3-7 years,0
529,1,Non-binary,50,White,None stated,American,Master Degree,Closely related,Unpersonalized,Average,10+ years,1
530,1,Male,45,Black,Mental health history,American,Associate Degree,Unrelated,Unpersonalized,Below average,3-7 years,0
531,1,Male,35,Asian,Physical disability,Canadian,Associate Degree,Unrelated,Personalized,Below average,0-2 years,0
532,1,Male,30,Black,None stated,Canadian,Associate Degree,Closely related,Personalized,Average,10+ years,1
533,1,Non-binary,35,Asian,Physical disability,German,Bachelor Degree,Unrelated,Personalized,Above average,3-7 years,1
534,1,Male,45,White,Physical disability,Indian,Associate Degree,Somewhat related,Personalized,Below average,10+ years,1
535,1,Male,40,Black,Mental health history,Indian,Associate Degree,Closely related,Personalized,Average,0-2 years,0
536,1,Female,55,White,Physical disability,American,Associate Degree,Somewhat related,Personalized,Average,3-7 years,1
537,1,Female,55,Black,None stated,Indian,Associate Degree,Somewhat related,Personalized,Below average,10+ years,1
538,1,Male,30,White,Mental health history,Indian,Bachelor Degree,Unrelated,Personalized,Below average,0-2 years,0
539,1,Non-binary,45,White,None stated,German,Bachelor Degree,Closely related,Unpersonalized,Below average,0-2 years,0
540,1,Non-binary,45,Asian,Mental health history,Indian,Associate Degree,Closely related,Unpersonalized,Average,10+ years,1
541,1,Male,35,White,Mental health history,Canadian,Associate Degree,Somewhat related,Unpersonalized,Above average,10+ years,1
542,1,Male,40,White,Mental health history,Canadian,Bachelor Degree,Somewhat related,Personalized,Average,0-2 years,1
543,1,Female,45,Asian,Mental health history,Indian,Bachelor Degree,Somewhat related,Unpersonalized,Above average,0-2 years,0
544,1,Female,55,Hispanic,Mental health history,Canadian,Associate Degree,Unrelated,Personalized,Below average,3-7 years,0
545,1,Male,55,Asian,None stated,Mexican,Associate Degree,Unrelated,Unpersonalized,Below average,3-7 years,0
546,1,Non-binary,55,White,Mental health history,Indian,Bachelor Degree,Unrelated,Personalized,Below average,0-2 years,0
547,1,Male,45,White,Physical disability,German,Associate Degree,Closely related,Personalized,Average,10+ years,1
548,1,Male,55,Asian,Mental health history,Indian,Master Degree,Closely related,Personalized,Below average,10+ years,1
549,1,Female,55,Hispanic,Mental health history,German,Bachelor Degree,Closely related,Personalized,Above average,0-2 years,1
550,1,Non-binary,40,Black,Physical disability,Indian,Master Degree,Unrelated,Personalized,Above average,0-2 years,0
551,1,Non-binary,55,Black,None stated,Indian,Associate Degree,Unrelated,Unpersonalized,Above average,0-2 years,0
552,1,Non-binary,40,Asian,Mental health history,American,Bachelor Degree,Unrelated,Unpersonalized,Below average,0-2 years,0
553,1,Non-binary,55,White,None stated,Indian,Master Degree,Somewhat related,Unpersonalized,Below average,0-2 years,0
554,1,Male,50,Asian,Physical disability,Canadian,Master Degree,Unrelated,Unpersonalized,Average,0-2 years,0
555,1,Female,35,Black,None stated,Canadian,Master Degree,Unrelated,Personalized,Above average,10+ years,0
556,1,Female,35,White,None stated,German,Master Degree,Somewhat related,Unpersonalized,Average,10+ years,1
557,1,Non-binary,55,Hispanic,Mental health history,American,Bachelor Degree,Unrelated,Unpersonalized,Above average,10+ years,0
558,1,Male,50,Hispanic,Physical disability,American,Master Degree,Closely related,Unpersonalized,Above average,10+ years,1
559,1,Female,50,Hispanic,None stated,German,Master Degree,Unrelated,Personalized,Average,10+ years,0
560,1,Male,50,Black,Mental health history,Canadian,Associate Degree,Unrelated,Unpersonalized,Average,0-2 years,0
561,1,Male,40,White,Mental health history,Mexican,Master Degree,Unrelated,Unpersonalized,Average,10+ years,1
562,1,Non-binary,30,Black,None stated,Canadian,Associate Degree,Somewhat related,Personalized,Average,10+ years,1
563,1,Female,45,Black,Physical disability,Indian,Associate Degree,Somewhat related,Unpersonalized,Below average,0-2 years,0
564,1,Non-binary,55,Black,Physical disability,Canadian,Bachelor Degree,Somewhat related,Unpersonalized,Average,10+ years,1
565,1,Non-binary,30,Asian,Physical disability,Mexican,Associate Degree,Closely related,Unpersonalized,Average,0-2 years,1
566,1,Male,50,Asian,Mental health history,German,Bachelor Degree,Unrelated,Unpersonalized,Below average,0-2 years,0
567,1,Female,50,Black,Physical disability,American,Master Degree,Unrelated,Personalized,Below average,0-2 years,0
568,1,Non-binary,45,Black,Physical disability,Mexican,Bachelor Degree,Unrelated,Unpersonalized,Above average,3-7 years,0
569,1,Non-binary,30,White,Mental health history,Canadian,Associate Degree,Closely related,Personalized,Average,10+ years,1
570,1,Non-binary,55,White,Physical disability,American,Master Degree,Closely related,Personalized,Below average,3-7 years,1
571,1,Male,55,Black,None stated,American,Bachelor Degree,Closely related,Unpersonalized,Average,3-7 years,1
572,1,Female,40,Hispanic,Physical disability,Mexican,Associate Degree,Closely related,Unpersonalized,Average,3-7 years,1
573,1,Female,40,Asian,None stated,American,Bachelor Degree,Unrelated,Personalized,Above average,3-7 years,0
574,1,Female,30,Black,Mental health history,Mexican,Associate Degree,Somewhat related,Unpersonalized,Above average,3-7 years,1
575,1,Male,35,Asian,Mental health history,Indian,Associate Degree,Somewhat related,Personalized,Average,0-2 years,0
576,1,Female,55,Asian,None stated,Indian,Bachelor Degree,Unrelated,Unpersonalized,Below average,10+ years,0
577,1,Male,35,Black,Physical disability,German,Associate Degree,Unrelated,Personalized,Average,10+ years,0
578,1,Female,35,Black,Mental health history,German,Associate Degree,Closely related,Unpersonalized,Average,3-7 years,1
579,1,Male,30,Black,Physical disability,American,Bachelor Degree,Closely related,Personalized,Above average,0-2 years,1
580,1,Non-binary,55,Black,None stated,Mexican,Bachelor Degree,Somewhat related,Personalized,Below average,3-7 years,1
581,1,Male,40,White,None stated,American,Associate Degree,Closely related,Unpersonalized,Average,3-7 years,1
582,1,Female,30,White,Mental health history,American,Master Degree,Unrelated,Personalized,Above average,3-7 years,1
583,1,Male,30,Black,Mental health history,German,Associate Degree,Closely related,Personalized,Average,10+ years,1
584,1,Male,50,Black,None stated,Canadian,Associate Degree,Somewhat related,Unpersonalized,Below average,3-7 years,0
585,1,Male,50,Asian,Mental health history,Canadian,Bachelor Degree,Closely related,Personalized,Below average,0-2 years,0
586,1,Female,50,Asian,None stated,Canadian,Associate Degree,Closely related,Personalized,Below average,10+ years,1
587,1,Female,55,Asian,Mental health history,American,Associate Degree,Closely related,Personalized,Below average,0-2 years,0
588,1,Male,50,White,None stated,Mexican,Master Degree,Unrelated,Unpersonalized,Above average,0-2 years,0
589,1,Female,35,Asian,None stated,Mexican,Associate Degree,Unrelated,Personalized,Below average,10+ years,0
590,1,Non-binary,55,Hispanic,None stated,Indian,Associate Degree,Unrelated,Unpersonalized,Above average,0-2 years,0
591,1,Non-binary,35,Asian,None stated,Mexican,Associate Degree,Closely related,Unpersonalized,Below average,10+ years,1
592,1,Male,55,Black,Mental health history,American,Master Degree,Closely related,Unpersonalized,Above average,0-2 years,1
593,1,Male,30,Asian,Mental health history,American,Associate Degree,Closely related,Unpersonalized,Below average,3-7 years,0
594,1,Non-binary,50,White,None stated,American,Associate Degree,Unrelated,Unpersonalized,Average,10+ years,0
595,1,Female,55,Asian,None stated,Indian,Master Degree,Unrelated,Personalized,Above average,0-2 years,0
596,1,Male,30,Black,None stated,Indian,Master Degree,Somewhat related,Personalized,Below average,3-7 years,1
597,1,Female,55,White,None stated,Canadian,Master Degree,Closely related,Unpersonalized,Average,3-7 years,1
598,1,Female,35,Black,Physical disability,Mexican,Bachelor Degree,Somewhat related,Unpersonalized,Above average,10+ years,1
599,1,Non-binary,50,Hispanic,Mental health history,German,Associate Degree,Somewhat related,Personalized,Below average,10+ years,0
600,1,Male,40,Hispanic,None stated,American,Associate Degree,Somewhat related,Unpersonalized,Average,3-7 years,0
601,1,Male,55,Black,Physical disability,American,Master Degree,Somewhat related,Unpersonalized,Average,10+ years,1
602,1,Male,30,Black,None stated,American,Master Degree,Somewhat related,Personalized,Average,3-7 years,1
603,1,Female,30,Black,None stated,American,Master Degree,Closely related,Personalized,Average,3-7 years,1
604,1,Female,30,Hispanic,None stated,Canadian,Bachelor Degree,Unrelated,Personalized,Average,3-7 years,0
605,1,Female,35,White,Physical disability,Indian,Associate Degree,Somewhat related,Personalized,Average,0-2 years,1
606,1,Non-binary,30,Asian,None stated,German,Associate Degree,Unrelated,Personalized,Average,3-7 years,1
607,1,Female,40,Hispanic,Mental health history,Canadian,Bachelor Degree,Somewhat related,Unpersonalized,Average,10+ years,1
608,1,Female,50,White,Physical disability,Canadian,Associate Degree,Unrelated,Unpersonalized,Average,10+ years,0
609,1,Female,35,Asian,Physical disability,Mexican,Master Degree,Somewhat related,Personalized,Below average,10+ years,1
610,1,Male,30,Black,Physical disability,German,Associate Degree,Somewhat related,Personalized,Above average,3-7 years,1
611,1,Male,35,Hispanic,Physical disability,Indian,Bachelor Degree,Somewhat related,Personalized,Average,10+ years,1
612,1,Female,40,Asian,Physical disability,American,Master Degree,Somewhat related,Unpersonalized,Above average,10+ years,1
613,1,Female,35,Hispanic,None stated,Canadian,Bachelor Degree,Somewhat related,Personalized,Above average,3-7 years,1
614,1,Male,45,Asian,None stated,Mexican,Bachelor Degree,Unrelated,Unpersonalized,Average,10+ years,0
615,1,Non-binary,35,Asian,Mental health history,American,Master Degree,Somewhat related,Personalized,Above average,3-7 years,1
616,1,Male,35,White,Physical disability,Indian,Associate Degree,Somewhat related,Unpersonalized,Above average,10+ years,1
617,1,Male,35,Asian,Physical disability,Indian,Bachelor Degree,Unrelated,Personalized,Below average,3-7 years,0
618,1,Female,55,Asian,None stated,Canadian,Bachelor Degree,Closely related,Unpersonalized,Above average,0-2 years,0
619,1,Non-binary,35,Hispanic,Mental health history,German,Associate Degree,Unrelated,Unpersonalized,Average,3-7 years,0
620,1,Non-binary,45,Hispanic,Physical disability,Indian,Bachelor Degree,Somewhat related,Unpersonalized,Below average,3-7 years,0
621,1,Female,40,Hispanic,Mental health history,Mexican,Master Degree,Unrelated,Personalized,Average,0-2 years,0
622,1,Non-binary,50,White,Mental health history,Mexican,Bachelor Degree,Closely related,Personalized,Above average,10+ years,1
623,1,Non-binary,55,Hispanic,None stated,Mexican,Associate Degree,Unrelated,Unpersonalized,Above average,10+ years,0
624,1,Male,35,Asian,Mental health history,German,Bachelor Degree,Somewhat related,Personalized,Below average,3-7 years,0
625,1,Male,55,Hispanic,Mental health history,Canadian,Bachelor Degree,Somewhat related,Personalized,Above average,0-2 years,1
626,1,Female,35,White,None stated,American,Bachelor Degree,Closely related,Personalized,Average,10+ years,1
627,1,Male,35,Black,Physical disability,Canadian,Master Degree,Closely related,Unpersonalized,Above average,10+ years,1
628,1,Non-binary,30,White,None stated,Mexican,Bachelor Degree,Closely related,Personalized,Average,3-7 years,1
629,1,Non-binary,30,Black,Mental health history,Indian,Bachelor Degree,Somewhat related,Unpersonalized,Average,0-2 years,0
630,1,Female,45,White,None stated,German,Master Degree,Somewhat related,Personalized,Average,10+ years,1
631,1,Male,30,Asian,None stated,Canadian,Associate Degree,Unrelated,Personalized,Above average,3-7 years,1
632,1,Female,50,Hispanic,None stated,Mexican,Associate Degree,Closely related,Unpersonalized,Above average,0-2 years,0
633,1,Non-binary,55,Asian,Physical disability,German,Associate Degree,Unrelated,Unpersonalized,Above average,0-2 years,0
634,1,Non-binary,45,Asian,Mental health history,German,Bachelor Degree,Somewhat related,Personalized,Average,0-2 years,1
635,1,Female,35,Asian,None stated,American,Bachelor Degree,Unrelated,Personalized,Below average,3-7 years,0
636,1,Non-binary,35,White,Mental health history,Mexican,Master Degree,Unrelated,Personalized,Below average,10+ years,0
637,1,Female,30,Asian,Physical disability,American,Associate Degree,Somewhat related,Personalized,Below average,3-7 years,0
638,1,Female,40,Black,Physical disability,American,Master Degree,Unrelated,Personalized,Above average,10+ years,1
639,1,Female,30,Asian,Physical disability,German,Associate Degree,Somewhat related,Unpersonalized,Below average,3-7 years,0
640,1,Male,30,Asian,Mental health history,Indian,Associate Degree,Closely related,Personalized,Average,10+ years,1
641,1,Female,30,Asian,Physical disability,German,Bachelor Degree,Somewhat related,Personalized,Average,10+ years,1
642,1,Non-binary,30,Black,Mental health history,Indian,Master Degree,Somewhat related,Unpersonalized,Above average,10+ years,1
643,1,Non-binary,55,Black,Mental health history,American,Associate Degree,Somewhat related,Personalized,Average,0-2 years,0
644,1,Female,55,Hispanic,Mental health history,Canadian,Master Degree,Closely related,Personalized,Average,3-7 years,1
645,1,Male,55,Asian,Mental health history,American,Associate Degree,Somewhat related,Personalized,Below average,0-2 years,0
646,1,Female,40,White,Mental health history,American,Bachelor Degree,Somewhat related,Personalized,Average,3-7 years,1
647,1,Non-binary,45,Hispanic,None stated,Mexican,Associate Degree,Somewhat related,Personalized,Below average,3-7 years,0
648,1,Male,30,White,Mental health history,Mexican,Associate Degree,Closely related,Personalized,Above average,0-2 years,1
649,1,Male,35,Asian,Mental health history,Mexican,Master Degree,Unrelated,Unpersonalized,Below average,0-2 years,0
650,1,Male,35,Asian,Physical disability,Canadian,Associate Degree,Unrelated,Unpersonalized,Above average,3-7 years,0
651,1,Female,35,Hispanic,None stated,American,Associate Degree,Unrelated,Unpersonalized,Average,10+ years,0
652,1,Female,45,Asian,Mental health history,Mexican,Master Degree,Somewhat related,Unpersonalized,Above average,3-7 years,1
653,1,Non-binary,50,White,None stated,Indian,Associate Degree,Unrelated,Personalized,Above average,3-7 years,0
654,1,Female,55,Hispanic,Mental health history,Canadian,Bachelor Degree,Unrelated,Unpersonalized,Above average,3-7 years,0
655,1,Female,45,Asian,Physical disability,American,Associate Degree,Somewhat related,Personalized,Above average,10+ years,1
656,1,Male,40,White,Physical disability,American,Associate Degree,Somewhat related,Personalized,Average,3-7 years,1
657,1,Female,40,Black,None stated,Mexican,Associate Degree,Unrelated,Personalized,Above average,10+ years,0
658,1,Female,45,White,Physical disability,Mexican,Master Degree,Somewhat related,Personalized,Below average,3-7 years,1
659,1,Male,40,Hispanic,Mental health history,Canadian,Bachelor Degree,Somewhat related,Personalized,Average,10+ years,1
660,1,Female,30,White,Physical disability,American,Associate Degree,Unrelated,Unpersonalized,Average,10+ years,0
661,1,Male,45,White,Physical disability,German,Bachelor Degree,Closely related,Personalized,Average,3-7 years,1
662,1,Male,30,White,Mental health history,Canadian,Master Degree,Closely related,Unpersonalized,Average,0-2 years,0
663,1,Male,35,White,Mental health history,American,Associate Degree,Closely related,Personalized,Above average,0-2 years,1
664,1,Male,50,Asian,Mental health history,Indian,Master Degree,Unrelated,Personalized,Above average,0-2 years,0
665,1,Female,45,Asian,Physical disability,American,Master Degree,Somewhat related,Unpersonalized,Below average,3-7 years,1
666,1,Female,30,Hispanic,None stated,German,Bachelor Degree,Closely related,Unpersonalized,Average,3-7 years,1
667,1,Female,55,Hispanic,Mental health history,American,Associate Degree,Unrelated,Personalized,Above average,10+ years,1
668,1,Non-binary,45,Hispanic,Physical disability,German,Master Degree,Closely related,Unpersonalized,Average,10+ years,1
669,1,Non-binary,30,Hispanic,Mental health history,Indian,Bachelor Degree,Closely related,Personalized,Average,0-2 years,1
670,1,Female,40,White,None stated,Mexican,Associate Degree,Unrelated,Unpersonalized,Above average,0-2 years,0
671,1,Male,35,Black,Physical disability,German,Associate Degree,Closely related,Personalized,Below average,10+ years,1
672,1,Female,35,Hispanic,None stated,Canadian,Master Degree,Somewhat related,Unpersonalized,Above average,10+ years,1
673,1,Male,50,Asian,None stated,American,Bachelor Degree,Closely related,Personalized,Below average,10+ years,0
674,1,Male,35,Asian,None stated,German,Master Degree,Closely related,Unpersonalized,Above average,10+ years,1
675,1,Female,40,Black,Physical disability,American,Associate Degree,Closely related,Unpersonalized,Below average,0-2 years,0
676,1,Female,50,White,Mental health history,Indian,Associate Degree,Somewhat related,Personalized,Average,0-2 years,0
677,1,Male,30,White,None stated,German,Master Degree,Somewhat related,Personalized,Below average,3-7 years,1
678,1,Male,45,White,Mental health history,Mexican,Bachelor Degree,Closely related,Unpersonalized,Above average,0-2 years,0
679,1,Male,55,Black,None stated,American,Associate Degree,Closely related,Unpersonalized,Average,3-7 years,0
680,1,Female,55,White,Mental health history,American,Associate Degree,Somewhat related,Personalized,Above average,10+ years,1
681,1,Non-binary,40,Asian,Mental health history,German,Master Degree,Closely related,Personalized,Above average,3-7 years,1
682,1,Male,40,Black,None stated,Canadian,Master Degree,Somewhat related,Unpersonalized,Average,0-2 years,0
683,1,Female,50,Hispanic,Physical disability,American,Bachelor Degree,Somewhat related,Unpersonalized,Average,0-2 years,0
684,1,Male,50,Asian,None stated,German,Bachelor Degree,Somewhat related,Personalized,Average,3-7 years,1
685,1,Non-binary,55,Asian,Mental health history,Indian,Bachelor Degree,Unrelated,Unpersonalized,Average,3-7 years,0
686,1,Female,50,Hispanic,None stated,German,Bachelor Degree,Somewhat related,Unpersonalized,Below average,3-7 years,0
687,1,Female,30,Hispanic,None stated,Indian,Associate Degree,Somewhat related,Unpersonalized,Below average,10+ years,0
688,1,Male,40,Asian,Physical disability,Indian,Associate Degree,Closely related,Personalized,Average,10+ years,1
689,1,Male,50,Black,None stated,Mexican,Bachelor Degree,Closely related,Unpersonalized,Below average,10+ years,1
690,1,Male,35,Asian,Mental health history,Mexican,Master Degree,Somewhat related,Personalized,Below average,3-7 years,1
691,1,Female,40,White,None stated,Mexican,Associate Degree,Somewhat related,Personalized,Below average,0-2 years,0
692,1,Non-binary,30,Black,Physical disability,American,Associate Degree,Closely related,Unpersonalized,Below average,10+ years,0
693,1,Male,50,Asian,None stated,Mexican,Associate Degree,Somewhat related,Personalized,Above average,3-7 years,1
694,1,Female,55,Hispanic,Mental health history,Canadian,Bachelor Degree,Somewhat related,Personalized,Below average,0-2 years,0
695,1,Female,30,White,Physical disability,Indian,Master Degree,Closely related,Unpersonalized,Below average,0-2 years,0
696,1,Non-binary,30,Black,None stated,Indian,Associate Degree,Unrelated,Personalized,Average,0-2 years,0
697,1,Non-binary,40,White,Physical disability,Mexican,Master Degree,Unrelated,Personalized,Below average,0-2 years,1
698,1,Non-binary,35,Black,Mental health history,German,Master Degree,Closely related,Personalized,Average,10+ years,1
699,1,Male,35,Asian,Physical disability,Mexican,Associate Degree,Unrelated,Unpersonalized,Above average,3-7 years,0
700,1,Non-binary,50,Asian,None stated,Mexican,Bachelor Degree,Closely related,Personalized,Above average,3-7 years,1
701,1,Male,30,Black,Mental health history,German,Associate Degree,Closely related,Personalized,Below average,10+ years,1
702,1,Non-binary,45,Black,Physical disability,Mexican,Associate Degree,Unrelated,Personalized,Above average,3-7 years,1
703,1,Non-binary,35,White,Physical disability,Canadian,Master Degree,Somewhat related,Unpersonalized,Above average,10+ years,1
704,1,Non-binary,55,White,None stated,Canadian,Master Degree,Somewhat related,Personalized,Below average,0-2 years,0
705,1,Non-binary,30,Black,None stated,Indian,Associate Degree,Somewhat related,Personalized,Below average,0-2 years,0
706,1,Female,50,Black,Physical disability,Canadian,Bachelor Degree,Unrelated,Unpersonalized,Above average,10+ years,0
707,1,Female,40,Black,Mental health history,Indian,Associate Degree,Closely related,Unpersonalized,Above average,10+ years,1
708,1,Non-binary,35,White,Physical disability,Mexican,Master Degree,Closely related,Unpersonalized,Average,10+ years,1
709,1,Male,40,Hispanic,Mental health history,Canadian,Bachelor Degree,Unrelated,Personalized,Above average,3-7 years,0
710,1,Non-binary,30,Hispanic,None stated,Mexican,Bachelor Degree,Unrelated,Personalized,Below average,0-2 years,0
711,1,Female,35,Asian,Physical disability,Indian,Associate Degree,Unrelated,Personalized,Average,0-2 years,0
712,1,Female,30,Black,Mental health history,Canadian,Associate Degree,Somewhat related,Personalized,Above average,10+ years,1
713,1,Male,30,Black,None stated,German,Bachelor Degree,Closely related,Unpersonalized,Above average,3-7 years,1
714,1,Female,40,Hispanic,None stated,Canadian,Bachelor Degree,Unrelated,Unpersonalized,Above average,3-7 years,1
715,1,Female,35,White,Physical disability,Canadian,Bachelor Degree,Somewhat related,Unpersonalized,Below average,0-2 years,0
716,1,Male,45,Black,None stated,Canadian,Bachelor Degree,Unrelated,Unpersonalized,Below average,10+ years,0
717,1,Male,30,Asian,Mental health history,German,Master Degree,Somewhat related,Personalized,Above average,10+ years,1
718,1,Non-binary,45,White,None stated,Indian,Master Degree,Closely related,Unpersonalized,Average,0-2 years,0
719,1,Female,35,Hispanic,None stated,German,Bachelor Degree,Somewhat related,Personalized,Above average,0-2 years,0
720,1,Male,40,Black,Mental health history,Mexican,Master Degree,Unrelated,Unpersonalized,Above average,3-7 years,0
721,1,Male,35,Hispanic,None stated,American,Bachelor Degree,Unrelated,Personalized,Average,10+ years,1
722,1,Male,40,Black,Physical disability,American,Associate Degree,Somewhat related,Unpersonalized,Above average,10+ years,1
723,1,Male,55,Black,Physical disability,Canadian,Bachelor Degree,Unrelated,Personalized,Average,10+ years,0
724,1,Male,35,White,None stated,Canadian,Associate Degree,Unrelated,Personalized,Average,0-2 years,0
725,1,Female,40,White,None stated,German,Bachelor Degree,Somewhat related,Unpersonalized,Below average,3-7 years,1
726,1,Non-binary,35,Hispanic,Mental health history,Indian,Bachelor Degree,Unrelated,Unpersonalized,Below average,0-2 years,0
727,1,Non-binary,45,Black,Mental health history,German,Associate Degree,Somewhat related,Unpersonalized,Average,10+ years,1
728,1,Female,30,Asian,Physical disability,German,Associate Degree,Unrelated,Unpersonalized,Average,10+ years,1
729,1,Non-binary,30,Hispanic,Mental health history,Indian,Bachelor Degree,Closely related,Unpersonalized,Below average,10+ years,0
730,1,Male,30,Hispanic,None stated,American,Bachelor Degree,Unrelated,Personalized,Above average,0-2 years,0
731,1,Non-binary,35,Asian,Mental health history,American,Master Degree,Somewhat related,Unpersonalized,Below average,10+ years,0
732,1,Female,30,Asian,Mental health history,Canadian,Master Degree,Unrelated,Unpersonalized,Average,10+ years,1
733,1,Non-binary,45,White,None stated,American,Associate Degree,Unrelated,Personalized,Average,3-7 years,0
734,1,Non-binary,35,Asian,Mental health history,Canadian,Master Degree,Unrelated,Personalized,Above average,0-2 years,1
735,1,Male,40,Black,None stated,Mexican,Bachelor Degree,Unrelated,Unpersonalized,Above average,0-2 years,0
736,1,Male,50,Hispanic,None stated,German,Master Degree,Closely related,Unpersonalized,Above average,10+ years,1
737,1,Female,35,Hispanic,Physical disability,American,Associate Degree,Unrelated,Personalized,Above average,0-2 years,1
738,1,Non-binary,40,White,None stated,Indian,Bachelor Degree,Somewhat related,Unpersonalized,Below average,0-2 years,0
739,1,Non-binary,45,Hispanic,Mental health history,Indian,Bachelor Degree,Closely related,Unpersonalized,Below average,3-7 years,0
740,1,Female,45,Asian,Mental health history,Indian,Master Degree,Closely related,Personalized,Below average,0-2 years,0
741,1,Female,35,Asian,Physical disability,Indian,Associate Degree,Somewhat related,Personalized,Below average,0-2 years,0
742,1,Male,55,Black,None stated,German,Bachelor Degree,Closely related,Unpersonalized,Average,3-7 years,1
743,1,Male,45,Black,Physical disability,Canadian,Bachelor Degree,Somewhat related,Unpersonalized,Below average,10+ years,1
744,1,Male,40,Asian,Physical disability,German,Associate Degree,Unrelated,Unpersonalized,Average,10+ years,0
745,1,Female,45,Black,Physical disability,Canadian,Bachelor Degree,Somewhat related,Unpersonalized,Below average,3-7 years,0
746,1,Female,55,White,Mental health history,Indian,Associate Degree,Closely related,Unpersonalized,Average,10+ years,1
747,1,Female,40,White,Mental health history,Indian,Master Degree,Somewhat related,Unpersonalized,Below average,3-7 years,0
748,1,Male,30,Asian,Mental health history,German,Bachelor Degree,Closely related,Unpersonalized,Above average,0-2 years,0
749,1,Female,45,Asian,Mental health history,Mexican,Associate Degree,Unrelated,Unpersonalized,Average,3-7 years,0
750,1,Female,55,White,Mental health history,Indian,Associate Degree,Closely related,Personalized,Below average,0-2 years,0
751,1,Non-binary,50,Hispanic,None stated,American,Bachelor Degree,Somewhat related,Personalized,Average,10+ years,1
752,1,Male,55,Asian,Mental health history,American,Bachelor Degree,Closely related,Personalized,Below average,3-7 years,0
753,1,Female,55,Black,Physical disability,German,Master Degree,Closely related,Unpersonalized,Average,10+ years,1
754,1,Female,40,Hispanic,Mental health history,Mexican,Associate Degree,Closely related,Personalized,Average,10+ years,1
755,1,Non-binary,50,Asian,Mental health history,Indian,Bachelor Degree,Unrelated,Personalized,Above average,3-7 years,1
756,1,Non-binary,45,Asian,Physical disability,American,Master Degree,Unrelated,Personalized,Below average,3-7 years,0
757,1,Female,45,Hispanic,None stated,Canadian,Master Degree,Unrelated,Personalized,Below average,3-7 years,0
758,1,Non-binary,35,Hispanic,Mental health history,American,Associate Degree,Somewhat related,Personalized,Average,0-2 years,1
759,1,Female,50,Asian,Physical disability,Mexican,Master Degree,Closely related,Unpersonalized,Below average,10+ years,1
760,1,Male,35,Hispanic,Physical disability,American,Master Degree,Somewhat related,Unpersonalized,Below average,0-2 years,0
761,1,Male,50,White,Mental health history,German,Master Degree,Somewhat related,Personalized,Above average,10+ years,1
762,1,Non-binary,50,Black,None stated,Indian,Bachelor Degree,Unrelated,Personalized,Average,3-7 years,1
763,1,Female,35,Hispanic,None stated,Canadian,Bachelor Degree,Unrelated,Personalized,Below average,3-7 years,0
764,1,Non-binary,45,Hispanic,None stated,Indian,Bachelor Degree,Unrelated,Personalized,Below average,10+ years,0
765,1,Female,45,Hispanic,Physical disability,American,Associate Degree,Closely related,Unpersonalized,Below average,0-2 years,0
766,1,Female,30,Asian,Mental health history,American,Bachelor Degree,Unrelated,Unpersonalized,Average,3-7 years,0
767,1,Male,35,Asian,None stated,Canadian,Bachelor Degree,Unrelated,Unpersonalized,Below average,3-7 years,0
768,1,Male,50,Asian,Physical disability,Mexican,Master Degree,Closely related,Personalized,Average,10+ years,1
769,1,Female,55,Black,Mental health history,German,Bachelor Degree,Unrelated,Unpersonalized,Above average,3-7 years,0
770,1,Female,35,Asian,None stated,Canadian,Associate Degree,Somewhat related,Personalized,Below average,0-2 years,0
771,1,Female,55,White,Physical disability,American,Bachelor Degree,Unrelated,Personalized,Above average,10+ years,1
772,1,Non-binary,35,Black,None stated,Indian,Associate Degree,Closely related,Unpersonalized,Below average,3-7 years,0
773,1,Male,50,Hispanic,Physical disability,American,Master Degree,Closely related,Unpersonalized,Below average,0-2 years,0
774,1,Non-binary,45,Asian,Mental health history,American,Master Degree,Somewhat related,Personalized,Below average,3-7 years,1
775,1,Female,50,Hispanic,Mental health history,Mexican,Master Degree,Somewhat related,Unpersonalized,Below average,0-2 years,0
776,1,Female,50,Hispanic,Physical disability,Canadian,Associate Degree,Closely related,Unpersonalized,Below average,3-7 years,0
777,1,Male,35,Asian,Mental health history,Mexican,Bachelor Degree,Unrelated,Unpersonalized,Average,10+ years,0
778,1,Non-binary,55,Black,Physical disability,German,Bachelor Degree,Unrelated,Unpersonalized,Below average,3-7 years,0
779,1,Non-binary,40,Asian,Physical disability,Mexican,Bachelor Degree,Unrelated,Unpersonalized,Above average,0-2 years,0
780,1,Non-binary,35,Black,Mental health history,Mexican,Bachelor Degree,Somewhat related,Personalized,Above average,3-7 years,1
781,1,Male,35,Black,Physical disability,Indian,Master Degree,Unrelated,Unpersonalized,Average,10+ years,0
782,1,Male,55,Asian,Physical disability,German,Bachelor Degree,Somewhat related,Unpersonalized,Average,3-7 years,0
783,1,Non-binary,35,White,Physical disability,Canadian,Bachelor Degree,Unrelated,Unpersonalized,Below average,10+ years,0
784,1,Male,40,Hispanic,None stated,Indian,Bachelor Degree,Somewhat related,Personalized,Below average,10+ years,1
785,1,Male,50,White,Mental health history,Mexican,Associate Degree,Unrelated,Unpersonalized,Average,10+ years,0
786,1,Non-binary,30,White,Mental health history,Canadian,Master Degree,Closely related,Unpersonalized,Below average,10+ years,1
787,1,Non-binary,40,White,None stated,German,Bachelor Degree,Somewhat related,Unpersonalized,Average,3-7 years,1
788,1,Female,35,Asian,None stated,German,Master Degree,Somewhat related,Unpersonalized,Below average,10+ years,0
789,1,Male,50,White,None stated,German,Bachelor Degree,Closely related,Unpersonalized,Above average,0-2 years,0
790,1,Male,35,Hispanic,None stated,Indian,Associate Degree,Somewhat related,Personalized,Above average,0-2 years,0
791,1,Non-binary,50,White,None stated,Canadian,Associate Degree,Somewhat related,Unpersonalized,Below average,3-7 years,0
792,1,Female,30,White,Physical disability,Indian,Bachelor Degree,Closely related,Unpersonalized,Above average,3-7 years,1
793,1,Female,55,Asian,None stated,Canadian,Associate Degree,Closely related,Personalized,Average,10+ years,1
794,1,Female,50,Hispanic,None stated,Indian,Associate Degree,Closely related,Personalized,Below average,10+ years,0
795,1,Female,55,Asian,Physical disability,German,Bachelor Degree,Closely related,Personalized,Above average,0-2 years,1
796,1,Male,30,White,Physical disability,Canadian,Associate Degree,Somewhat related,Personalized,Average,3-7 years,1
797,1,Female,35,Asian,Mental health history,German,Bachelor Degree,Unrelated,Personalized,Above average,3-7 years,1
798,1,Non-binary,30,Hispanic,Physical disability,German,Associate Degree,Closely related,Personalized,Above average,0-2 years,1
799,1,Female,40,Black,Mental health history,American,Master Degree,Somewhat related,Personalized,Average,0-2 years,0
800,1,Non-binary,45,Hispanic,Physical disability,Canadian,Master Degree,Unrelated,Unpersonalized,Above average,0-2 years,0
801,1,Female,40,Hispanic,Mental health history,Indian,Master Degree,Closely related,Unpersonalized,Below average,3-7 years,1
802,1,Female,30,White,Mental health history,Mexican,Associate Degree,Somewhat related,Unpersonalized,Above average,3-7 years,1
803,1,Male,35,Asian,Mental health history,German,Associate Degree,Unrelated,Personalized,Below average,3-7 years,0
804,1,Non-binary,35,Hispanic,None stated,Mexican,Associate Degree,Somewhat related,Unpersonalized,Above average,10+ years,1
805,1,Non-binary,50,Asian,None stated,German,Master Degree,Closely related,Personalized,Above average,0-2 years,1
806,1,Female,50,Black,None stated,Mexican,Associate Degree,Closely related,Unpersonalized,Average,3-7 years,1
807,1,Non-binary,40,White,Mental health history,German,Bachelor Degree,Closely related,Unpersonalized,Above average,0-2 years,1
808,1,Female,30,Hispanic,Physical disability,German,Associate Degree,Unrelated,Unpersonalized,Above average,0-2 years,0
809,1,Non-binary,45,Hispanic,None stated,American,Bachelor Degree,Unrelated,Unpersonalized,Above average,10+ years,1
810,1,Non-binary,45,Black,Mental health history,Indian,Associate Degree,Unrelated,Unpersonalized,Below average,3-7 years,0
811,1,Non-binary,55,White,Mental health history,American,Associate Degree,Closely related,Unpersonalized,Below average,10+ years,1
812,1,Female,50,White,Physical disability,Indian,Master Degree,Closely related,Personalized,Below average,0-2 years,1
813,1,Non-binary,40,Asian,None stated,Mexican,Bachelor Degree,Closely related,Unpersonalized,Above average,10+ years,1
814,1,Female,30,Asian,Physical disability,German,Master Degree,Unrelated,Personalized,Above average,3-7 years,1
815,1,Female,55,Hispanic,Physical disability,Mexican,Bachelor Degree,Somewhat related,Personalized,Average,3-7 years,1
816,1,Female,50,White,None stated,American,Associate Degree,Unrelated,Unpersonalized,Above average,0-2 years,0
817,1,Non-binary,50,White,Physical disability,Canadian,Bachelor Degree,Closely related,Personalized,Below average,0-2 years,1
818,1,Non-binary,35,Black,None stated,Mexican,Associate Degree,Closely related,Unpersonalized,Above average,3-7 years,1
819,1,Non-binary,40,Asian,Physical disability,Indian,Bachelor Degree,Somewhat related,Personalized,Above average,10+ years,1
820,1,Non-binary,40,White,Mental health history,Canadian,Master Degree,Somewhat related,Personalized,Above average,3-7 years,1
821,1,Male,50,Hispanic,Mental health history,American,Bachelor Degree,Somewhat related,Personalized,Average,10+ years,1
822,1,Female,35,Hispanic,Physical disability,German,Master Degree,Unrelated,Unpersonalized,Above average,0-2 years,0
823,1,Non-binary,40,White,None stated,German,Associate Degree,Unrelated,Unpersonalized,Below average,0-2 years,0
824,1,Female,30,White,Physical disability,German,Master Degree,Unrelated,Unpersonalized,Above average,3-7 years,1
825,1,Female,45,White,None stated,Mexican,Bachelor Degree,Closely related,Personalized,Above average,10+ years,1
826,1,Non-binary,30,Asian,None stated,Canadian,Associate Degree,Unrelated,Personalized,Average,3-7 years,1
827,1,Male,55,Hispanic,None stated,German,Associate Degree,Somewhat related,Personalized,Below average,0-2 years,0
828,1,Non-binary,30,White,Physical disability,Mexican,Associate Degree,Somewhat related,Personalized,Below average,10+ years,1
829,1,Female,30,White,Physical disability,Canadian,Bachelor Degree,Closely related,Personalized,Above average,0-2 years,1
830,1,Non-binary,55,Asian,Mental health history,German,Master Degree,Unrelated,Unpersonalized,Below average,10+ years,0
831,1,Female,45,Hispanic,None stated,Indian,Associate Degree,Somewhat related,Personalized,Above average,10+ years,1
832,1,Female,50,Black,Mental health history,Mexican,Master Degree,Closely related,Personalized,Average,3-7 years,1
833,1,Non-binary,55,White,None stated,American,Bachelor Degree,Closely related,Personalized,Below average,3-7 years,1
834,1,Male,55,White,Physical disability,American,Associate Degree,Unrelated,Unpersonalized,Average,3-7 years,0
835,1,Female,55,Asian,None stated,Mexican,Bachelor Degree,Unrelated,Personalized,Above average,3-7 years,0
836,1,Male,55,Hispanic,None stated,Canadian,Associate Degree,Unrelated,Personalized,Average,0-2 years,0
837,1,Female,50,Asian,Physical disability,German,Bachelor Degree,Closely related,Personalized,Above average,0-2 years,1
838,1,Male,30,Black,None stated,Indian,Associate Degree,Closely related,Personalized,Average,3-7 years,1
839,1,Male,55,Asian,None stated,German,Associate Degree,Closely related,Unpersonalized,Above average,0-2 years,0
840,1,Non-binary,30,Black,None stated,Canadian,Bachelor Degree,Unrelated,Unpersonalized,Average,3-7 years,0
841,1,Non-binary,30,Hispanic,Mental health history,German,Associate Degree,Unrelated,Personalized,Below average,3-7 years,0
842,1,Non-binary,30,Hispanic,Mental health history,American,Associate Degree,Unrelated,Personalized,Below average,10+ years,0
843,1,Female,55,Black,Mental health history,Indian,Master Degree,Somewhat related,Unpersonalized,Below average,3-7 years,0
844,1,Female,40,Black,Physical disability,American,Bachelor Degree,Somewhat related,Personalized,Average,3-7 years,1
845,1,Female,45,Hispanic,Physical disability,Indian,Bachelor Degree,Somewhat related,Unpersonalized,Above average,10+ years,1
846,1,Female,50,Hispanic,Physical disability,Mexican,Associate Degree,Somewhat related,Personalized,Above average,0-2 years,1
847,1,Female,50,Black,Mental health history,Indian,Master Degree,Somewhat related,Personalized,Above average,0-2 years,1
848,1,Non-binary,35,Black,Physical disability,Mexican,Bachelor Degree,Closely related,Personalized,Above average,3-7 years,1
849,1,Male,40,White,Physical disability,Mexican,Associate Degree,Unrelated,Personalized,Average,3-7 years,1
850,1,Female,40,White,Mental health history,Canadian,Associate Degree,Closely related,Unpersonalized,Average,10+ years,1
851,1,Male,55,Black,Physical disability,American,Associate Degree,Closely related,Unpersonalized,Above average,3-7 years,0
852,1,Female,30,Hispanic,Mental health history,German,Bachelor Degree,Somewhat related,Personalized,Above average,0-2 years,1
853,1,Non-binary,40,Asian,Mental health history,American,Bachelor Degree,Unrelated,Unpersonalized,Average,10+ years,0
854,1,Female,40,Black,None stated,Canadian,Master Degree,Somewhat related,Unpersonalized,Above average,3-7 years,1
855,1,Male,50,White,Mental health history,German,Associate Degree,Somewhat related,Unpersonalized,Average,3-7 years,0
856,1,Non-binary,45,Hispanic,Mental health history,Mexican,Associate Degree,Somewhat related,Unpersonalized,Below average,0-2 years,0
857,1,Male,35,White,None stated,American,Associate Degree,Somewhat related,Personalized,Average,10+ years,1
858,1,Male,50,Hispanic,Mental health history,Mexican,Master Degree,Closely related,Personalized,Average,10+ years,1
859,1,Male,30,White,Physical disability,Mexican,Master Degree,Unrelated,Personalized,Above average,0-2 years,0
860,1,Non-binary,30,White,None stated,Canadian,Bachelor Degree,Closely related,Personalized,Below average,0-2 years,1
861,1,Non-binary,45,Asian,None stated,Indian,Bachelor Degree,Somewhat related,Personalized,Below average,0-2 years,0
862,1,Non-binary,45,White,Mental health history,Indian,Associate Degree,Unrelated,Personalized,Above average,10+ years,1
863,1,Female,45,Asian,Physical disability,Mexican,Master Degree,Unrelated,Personalized,Average,10+ years,1
864,1,Female,45,Black,None stated,Indian,Bachelor Degree,Closely related,Personalized,Above average,3-7 years,1
865,1,Male,30,White,Physical disability,Indian,Associate Degree,Somewhat related,Unpersonalized,Average,0-2 years,0
866,1,Non-binary,55,Hispanic,Physical disability,Indian,Associate Degree,Somewhat related,Personalized,Above average,0-2 years,1
867,1,Male,45,Hispanic,None stated,Mexican,Master Degree,Closely related,Unpersonalized,Below average,3-7 years,0
868,1,Non-binary,35,Asian,Mental health history,Indian,Associate Degree,Closely related,Unpersonalized,Above average,3-7 years,1
869,1,Non-binary,40,Black,None stated,Mexican,Master Degree,Unrelated,Personalized,Below average,10+ years,1
870,1,Female,35,Asian,None stated,German,Bachelor Degree,Somewhat related,Unpersonalized,Average,3-7 years,0
871,1,Male,55,White,Physical disability,Mexican,Master Degree,Somewhat related,Personalized,Above average,3-7 years,1
872,1,Non-binary,35,Asian,None stated,Indian,Bachelor Degree,Unrelated,Personalized,Above average,3-7 years,1
873,1,Male,45,Hispanic,Mental health history,Canadian,Master Degree,Somewhat related,Unpersonalized,Average,3-7 years,0
874,1,Female,30,White,None stated,Mexican,Master Degree,Somewhat related,Unpersonalized,Average,3-7 years,1
875,1,Non-binary,30,Asian,Physical disability,German,Master Degree,Closely related,Personalized,Below average,10+ years,1
876,1,Non-binary,35,White,Physical disability,Mexican,Bachelor Degree,Closely related,Unpersonalized,Above average,0-2 years,1
877,1,Male,45,Black,None stated,Mexican,Associate Degree,Closely related,Personalized,Below average,10+ years,0
878,1,Male,35,Black,None stated,German,Bachelor Degree,Somewhat related,Unpersonalized,Below average,10+ years,0
879,1,Non-binary,30,Black,None stated,German,Bachelor Degree,Closely related,Unpersonalized,Below average,0-2 years,0
880,1,Female,50,Asian,Mental health history,Indian,Associate Degree,Closely related,Unpersonalized,Above average,0-2 years,0
881,1,Non-binary,55,Hispanic,None stated,Canadian,Associate Degree,Closely related,Unpersonalized,Average,10+ years,1
882,1,Male,55,Black,Mental health history,Mexican,Associate Degree,Unrelated,Personalized,Above average,0-2 years,0
883,1,Non-binary,35,Hispanic,Physical disability,German,Master Degree,Somewhat related,Personalized,Average,10+ years,1
884,1,Female,45,Black,None stated,American,Bachelor Degree,Closely related,Personalized,Above average,10+ years,1
885,1,Female,35,Asian,Physical disability,Canadian,Associate Degree,Unrelated,Personalized,Above average,0-2 years,1
886,1,Non-binary,50,Hispanic,None stated,Canadian,Associate Degree,Closely related,Unpersonalized,Below average,3-7 years,0
887,1,Non-binary,30,Asian,Mental health history,Mexican,Master Degree,Somewhat related,Personalized,Above average,0-2 years,1
888,1,Non-binary,55,Hispanic,None stated,American,Bachelor Degree,Somewhat related,Personalized,Below average,3-7 years,1
889,1,Female,35,Hispanic,Physical disability,Indian,Bachelor Degree,Somewhat related,Personalized,Below average,3-7 years,1
890,1,Female,55,Hispanic,Physical disability,German,Master Degree,Closely related,Personalized,Above average,10+ years,1
891,1,Male,45,White,Mental health history,German,Associate Degree,Unrelated,Personalized,Below average,0-2 years,0
892,1,Non-binary,40,Hispanic,Mental health history,Indian,Associate Degree,Unrelated,Unpersonalized,Below average,3-7 years,0
893,1,Female,35,White,Mental health history,Mexican,Associate Degree,Somewhat related,Unpersonalized,Average,10+ years,0
894,1,Non-binary,30,White,Physical disability,Indian,Associate Degree,Somewhat related,Unpersonalized,Below average,3-7 years,0
895,1,Non-binary,50,White,Mental health history,Indian,Associate Degree,Somewhat related,Unpersonalized,Above average,0-2 years,0
896,1,Non-binary,45,White,Physical disability,American,Bachelor Degree,Closely related,Unpersonalized,Above average,10+ years,1
897,1,Male,50,Hispanic,None stated,Mexican,Bachelor Degree,Unrelated,Unpersonalized,Average,10+ years,0
898,1,Male,50,Black,Physical disability,Mexican,Master Degree,Unrelated,Unpersonalized,Below average,10+ years,0
899,1,Male,30,Asian,Mental health history,Mexican,Bachelor Degree,Closely related,Personalized,Average,0-2 years,1
900,1,Male,35,Asian,Mental health history,German,Bachelor Degree,Closely related,Unpersonalized,Below average,0-2 years,0
901,1,Female,55,Hispanic,None stated,German,Master Degree,Somewhat related,Personalized,Above average,3-7 years,1
902,1,Female,55,Asian,Physical disability,Indian,Master Degree,Closely related,Personalized,Average,0-2 years,0
903,1,Female,30,Black,Mental health history,Indian,Associate Degree,Unrelated,Personalized,Average,0-2 years,0
904,1,Non-binary,30,White,Mental health history,Mexican,Master Degree,Unrelated,Personalized,Above average,0-2 years,1
905,1,Male,30,Black,Physical disability,German,Master Degree,Unrelated,Personalized,Average,10+ years,1
906,1,Male,55,Hispanic,Mental health history,Mexican,Associate Degree,Somewhat related,Unpersonalized,Average,3-7 years,0
907,1,Non-binary,35,Hispanic,Mental health history,German,Bachelor Degree,Unrelated,Personalized,Average,10+ years,1
908,1,Non-binary,30,Black,Mental health history,American,Bachelor Degree,Somewhat related,Unpersonalized,Above average,3-7 years,1
909,1,Female,40,White,Mental health history,Indian,Bachelor Degree,Unrelated,Personalized,Above average,10+ years,1
910,1,Non-binary,35,Asian,Physical disability,Canadian,Bachelor Degree,Unrelated,Unpersonalized,Above average,3-7 years,0
911,1,Non-binary,50,Asian,None stated,Indian,Master Degree,Unrelated,Personalized,Average,10+ years,1
912,1,Female,35,Hispanic,Physical disability,Mexican,Master Degree,Somewhat related,Unpersonalized,Average,3-7 years,1
913,1,Male,40,Hispanic,Physical disability,German,Master Degree,Somewhat related,Unpersonalized,Average,3-7 years,1
914,1,Male,35,Black,None stated,Mexican,Associate Degree,Closely related,Personalized,Above average,0-2 years,1
915,1,Male,30,Asian,Mental health history,Mexican,Bachelor Degree,Somewhat related,Personalized,Average,0-2 years,1
916,1,Male,35,Hispanic,None stated,German,Master Degree,Closely related,Personalized,Average,10+ years,1
917,1,Female,50,Black,None stated,Canadian,Bachelor Degree,Closely related,Personalized,Average,10+ years,1
918,1,Non-binary,45,Hispanic,None stated,Indian,Master Degree,Somewhat related,Personalized,Below average,3-7 years,1
919,1,Non-binary,50,Hispanic,Physical disability,German,Associate Degree,Somewhat related,Personalized,Below average,0-2 years,0
920,1,Female,40,Black,Mental health history,Mexican,Associate Degree,Somewhat related,Unpersonalized,Average,10+ years,1
921,1,Female,45,White,Physical disability,Indian,Master Degree,Somewhat related,Unpersonalized,Average,3-7 years,1
922,1,Male,50,Black,None stated,Indian,Bachelor Degree,Closely related,Personalized,Average,10+ years,1
923,1,Female,35,Hispanic,Physical disability,Canadian,Associate Degree,Somewhat related,Unpersonalized,Average,10+ years,1
924,1,Female,35,Black,None stated,Canadian,Master Degree,Unrelated,Personalized,Average,0-2 years,0
925,1,Male,50,Black,None stated,American,Bachelor Degree,Closely related,Unpersonalized,Below average,0-2 years,0
926,1,Male,35,Asian,Mental health history,Mexican,Bachelor Degree,Closely related,Unpersonalized,Average,10+ years,1
927,1,Male,40,Hispanic,Mental health history,Indian,Master Degree,Somewhat related,Unpersonalized,Below average,3-7 years,0
928,1,Male,30,Black,None stated,German,Bachelor Degree,Somewhat related,Personalized,Below average,3-7 years,0
929,1,Male,45,Black,Physical disability,German,Master Degree,Closely related,Unpersonalized,Above average,0-2 years,0
930,1,Female,35,Hispanic,None stated,Indian,Associate Degree,Closely related,Personalized,Below average,0-2 years,0
931,1,Female,50,Hispanic,None stated,Indian,Associate Degree,Somewhat related,Unpersonalized,Average,3-7 years,0
932,1,Non-binary,35,Asian,None stated,Indian,Bachelor Degree,Somewhat related,Unpersonalized,Above average,10+ years,1
933,1,Female,50,White,Mental health history,German,Master Degree,Unrelated,Personalized,Average,3-7 years,1
934,1,Female,45,Black,None stated,American,Bachelor Degree,Closely related,Personalized,Average,3-7 years,1
935,1,Male,35,White,Physical disability,Indian,Associate Degree,Closely related,Unpersonalized,Average,10+ years,0
936,1,Non-binary,50,Asian,Mental health history,Mexican,Master Degree,Closely related,Unpersonalized,Below average,0-2 years,0
937,1,Male,50,Asian,Physical disability,American,Associate Degree,Unrelated,Personalized,Average,0-2 years,0
938,1,Female,50,Asian,Physical disability,American,Associate Degree,Closely related,Unpersonalized,Below average,0-2 years,0
939,1,Female,40,White,Physical disability,Canadian,Bachelor Degree,Somewhat related,Unpersonalized,Below average,0-2 years,0
940,1,Non-binary,40,Hispanic,None stated,American,Associate Degree,Closely related,Personalized,Average,10+ years,1
941,1,Male,30,Black,Physical disability,Mexican,Master Degree,Unrelated,Unpersonalized,Below average,10+ years,0
942,1,Male,50,White,None stated,Canadian,Bachelor Degree,Somewhat related,Personalized,Above average,10+ years,1
943,1,Non-binary,40,Black,Mental health history,German,Associate Degree,Somewhat related,Personalized,Below average,3-7 years,1
944,1,Female,55,Hispanic,Physical disability,Canadian,Bachelor Degree,Unrelated,Unpersonalized,Average,0-2 years,0
945,1,Female,35,Black,Mental health history,American,Bachelor Degree,Somewhat related,Unpersonalized,Below average,0-2 years,0
946,1,Female,55,White,Physical disability,Canadian,Bachelor Degree,Closely related,Unpersonalized,Average,0-2 years,0
947,1,Female,35,Asian,Mental health history,Indian,Master Degree,Somewhat related,Personalized,Average,0-2 years,0
948,1,Non-binary,50,Hispanic,Physical disability,Canadian,Master Degree,Closely related,Unpersonalized,Average,0-2 years,0
949,1,Male,35,Asian,Mental health history,German,Bachelor Degree,Unrelated,Unpersonalized,Below average,10+ years,0
950,1,Non-binary,45,White,Physical disability,Mexican,Associate Degree,Somewhat related,Personalized,Above average,3-7 years,1
951,1,Non-binary,30,Black,Mental health history,German,Bachelor Degree,Somewhat related,Unpersonalized,Average,10+ years,1
952,1,Male,30,Asian,Mental health history,German,Bachelor Degree,Closely related,Unpersonalized,Below average,10+ years,0
953,1,Female,50,Asian,None stated,German,Master Degree,Closely related,Personalized,Below average,3-7 years,1
954,1,Male,55,Asian,Mental health history,Mexican,Bachelor Degree,Closely related,Unpersonalized,Average,10+ years,1
955,1,Male,30,Black,None stated,Mexican,Associate Degree,Closely related,Unpersonalized,Above average,0-2 years,0
956,1,Male,40,Black,Physical disability,Canadian,Master Degree,Somewhat related,Personalized,Below average,0-2 years,1
957,1,Male,40,Hispanic,Physical disability,American,Master Degree,Somewhat related,Personalized,Average,0-2 years,0
958,1,Non-binary,40,Black,None stated,American,Bachelor Degree,Closely related,Personalized,Below average,3-7 years,1
959,1,Male,30,White,Mental health history,Canadian,Bachelor Degree,Somewhat related,Unpersonalized,Average,10+ years,0
960,1,Male,40,Black,Mental health history,Mexican,Bachelor Degree,Closely related,Unpersonalized,Above average,3-7 years,1
961,1,Male,40,Asian,None stated,American,Associate Degree,Unrelated,Personalized,Above average,0-2 years,0
962,1,Male,30,Asian,Physical disability,German,Master Degree,Closely related,Unpersonalized,Below average,10+ years,0
963,1,Female,55,White,None stated,American,Associate Degree,Unrelated,Personalized,Average,3-7 years,0
964,1,Male,40,Black,None stated,German,Master Degree,Closely related,Personalized,Above average,0-2 years,0
965,1,Female,50,Black,None stated,Indian,Associate Degree,Unrelated,Unpersonalized,Average,10+ years,0
966,1,Non-binary,30,Hispanic,Physical disability,German,Bachelor Degree,Closely related,Personalized,Above average,10+ years,1
967,1,Male,55,White,None stated,Canadian,Master Degree,Closely related,Personalized,Below average,3-7 years,0
968,1,Non-binary,30,Hispanic,None stated,Mexican,Associate Degree,Somewhat related,Personalized,Average,10+ years,1
969,1,Non-binary,35,Black,Physical disability,Mexican,Associate Degree,Unrelated,Personalized,Above average,3-7 years,1
970,1,Male,55,Hispanic,Mental health history,Mexican,Associate Degree,Somewhat related,Personalized,Above average,0-2 years,0
971,1,Female,40,Black,Physical disability,Canadian,Master Degree,Somewhat related,Unpersonalized,Above average,3-7 years,1
972,1,Female,35,Black,None stated,Mexican,Master Degree,Somewhat related,Unpersonalized,Below average,0-2 years,0
973,1,Male,40,Asian,None stated,German,Master Degree,Unrelated,Personalized,Below average,3-7 years,0
974,1,Male,45,Black,None stated,American,Master Degree,Somewhat related,Unpersonalized,Above average,10+ years,1
975,1,Female,50,Black,None stated,Mexican,Associate Degree,Somewhat related,Unpersonalized,Above average,0-2 years,0
976,1,Male,50,Black,None stated,Indian,Associate Degree,Closely related,Unpersonalized,Above average,10+ years,1
977,1,Male,30,Asian,None stated,German,Bachelor Degree,Closely related,Unpersonalized,Below average,10+ years,0
978,1,Non-binary,50,Black,None stated,Indian,Master Degree,Somewhat related,Personalized,Below average,10+ years,1
979,1,Non-binary,40,White,Physical disability,Mexican,Bachelor Degree,Somewhat related,Personalized,Average,10+ years,1
980,1,Non-binary,35,Black,None stated,Canadian,Associate Degree,Somewhat related,Unpersonalized,Average,10+ years,0
981,1,Non-binary,45,Black,Mental health history,American,Associate Degree,Somewhat related,Unpersonalized,Average,0-2 years,0
982,1,Male,35,Hispanic,None stated,Indian,Associate Degree,Unrelated,Personalized,Above average,10+ years,1
983,1,Male,50,Hispanic,Physical disability,Mexican,Bachelor Degree,Unrelated,Personalized,Below average,0-2 years,0
984,1,Non-binary,35,White,None stated,German,Associate Degree,Unrelated,Unpersonalized,Above average,10+ years,0
985,1,Male,50,White,None stated,German,Master Degree,Closely related,Unpersonalized,Below average,10+ years,0
986,1,Female,35,Black,None stated,American,Master Degree,Closely related,Unpersonalized,Average,3-7 years,1
987,1,Male,30,White,Mental health history,American,Associate Degree,Somewhat related,Personalized,Below average,10+ years,1
988,1,Male,55,White,Mental health history,Canadian,Bachelor Degree,Somewhat related,Unpersonalized,Below average,0-2 years,0
989,1,Female,45,White,None stated,Canadian,Bachelor Degree,Unrelated,Personalized,Above average,3-7 years,0
990,1,Male,45,Asian,Mental health history,Mexican,Associate Degree,Somewhat related,Unpersonalized,Below average,0-2 years,0
991,1,Female,40,White,Physical disability,Mexican,Associate Degree,Unrelated,Unpersonalized,Below average,0-2 years,0
992,1,Non-binary,40,White,Mental health history,German,Associate Degree,Closely related,Personalized,Average,3-7 years,1
993,1,Non-binary,35,Hispanic,Physical disability,Canadian,Master Degree,Closely related,Unpersonalized,Below average,0-2 years,0
994,1,Non-binary,55,Asian,Mental health history,Canadian,Master Degree,Unrelated,Unpersonalized,Above average,3-7 years,0
995,1,Male,30,Asian,Physical disability,American,Bachelor Degree,Closely related,Unpersonalized,Above average,10+ years,1
996,1,Male,55,Asian,Physical disability,German,Master Degree,Closely related,Unpersonalized,Average,10+ years,1
997,1,Male,55,White,Physical disability,Canadian,Master Degree,Unrelated,Personalized,Above average,3-7 years,0
998,1,Female,35,Black,None stated,Canadian,Bachelor Degree,Closely related,Unpersonalized,Below average,3-7 years,1
999,1,Non-binary,45,White,Mental health history,American,Master Degree,Closely related,Personalized,Below average,0-2 years,0
1000,1,Male,55,White,None stated,German,Master Degree,Somewhat related,Unpersonalized,Above average,0-2 years,0
1001,1,Male,30,White,Mental health history,American,Bachelor Degree,Somewhat related,Personalized,Below average,0-2 years,0
1002,1,Female,55,Asian,Mental health history,American,Master Degree,Somewhat related,Personalized,Below average,10+ years,1
1003,1,Non-binary,30,White,Mental health history,German,Bachelor Degree,Closely related,Unpersonalized,Average,0-2 years,1
1004,1,Male,55,Black,None stated,German,Master Degree,Unrelated,Personalized,Average,0-2 years,0
1005,1,Non-binary,55,Asian,None stated,German,Master Degree,Somewhat related,Personalized,Above average,10+ years,1
1006,1,Non-binary,55,White,None stated,Canadian,Bachelor Degree,Closely related,Personalized,Average,0-2 years,1
1007,1,Male,55,Hispanic,None stated,Mexican,Master Degree,Closely related,Personalized,Average,0-2 years,0
1008,1,Female,55,Hispanic,Physical disability,German,Master Degree,Closely related,Personalized,Below average,3-7 years,1
1009,1,Male,40,Asian,None stated,Indian,Master Degree,Unrelated,Personalized,Above average,0-2 years,0
1010,1,Female,55,White,Mental health history,American,Master Degree,Somewhat related,Personalized,Above average,3-7 years,1
1011,1,Non-binary,50,Hispanic,Mental health history,Mexican,Master Degree,Unrelated,Unpersonalized,Average,10+ years,1
1012,1,Non-binary,30,Asian,None stated,German,Bachelor Degree,Unrelated,Personalized,Average,0-2 years,0
1013,1,Female,50,White,Mental health history,Indian,Associate Degree,Somewhat related,Personalized,Above average,3-7 years,1
1014,1,Female,55,Asian,Mental health history,Canadian,Master Degree,Closely related,Personalized,Above average,0-2 years,1
1015,1,Non-binary,35,Hispanic,Mental health history,Mexican,Master Degree,Unrelated,Personalized,Above average,10+ years,1
1016,1,Male,30,Hispanic,Physical disability,American,Master Degree,Unrelated,Personalized,Average,10+ years,1
1017,1,Male,50,Asian,Mental health history,Mexican,Master Degree,Closely related,Personalized,Average,3-7 years,1
1018,1,Male,30,Hispanic,Mental health history,Canadian,Associate Degree,Closely related,Personalized,Below average,3-7 years,1
1019,1,Non-binary,50,White,Mental health history,Mexican,Associate Degree,Somewhat related,Unpersonalized,Average,10+ years,1
1020,1,Male,55,Asian,Physical disability,American,Bachelor Degree,Somewhat related,Unpersonalized,Below average,3-7 years,0
1021,1,Non-binary,35,Asian,None stated,German,Associate Degree,Unrelated,Unpersonalized,Below average,10+ years,0
1022,1,Female,50,Asian,None stated,Canadian,Associate Degree,Closely related,Unpersonalized,Average,0-2 years,0
1023,1,Female,50,White,Physical disability,American,Associate Degree,Closely related,Personalized,Average,10+ years,1
1024,1,Male,45,Hispanic,Mental health history,German,Bachelor Degree,Somewhat related,Personalized,Average,0-2 years,1
1025,1,Non-binary,40,White,None stated,Indian,Bachelor Degree,Unrelated,Personalized,Average,3-7 years,0
1026,1,Female,50,White,None stated,Indian,Master Degree,Somewhat related,Personalized,Average,0-2 years,0
1027,1,Female,50,Hispanic,None stated,German,Master Degree,Somewhat related,Unpersonalized,Below average,10+ years,0
1028,1,Non-binary,55,Asian,Physical disability,American,Bachelor Degree,Closely related,Unpersonalized,Below average,0-2 years,0
1029,1,Female,45,Black,Physical disability,German,Associate Degree,Closely related,Unpersonalized,Average,3-7 years,1
1030,1,Female,55,Black,None stated,Indian,Master Degree,Unrelated,Unpersonalized,Average,3-7 years,0
1031,1,Non-binary,55,Black,None stated,German,Associate Degree,Somewhat related,Unpersonalized,Above average,10+ years,1
1032,1,Male,35,White,Physical disability,American,Master Degree,Unrelated,Personalized,Below average,10+ years,0
1033,1,Non-binary,30,Asian,Physical disability,Indian,Master Degree,Unrelated,Unpersonalized,Average,10+ years,1
1034,1,Female,35,Black,None stated,German,Bachelor Degree,Somewhat related,Unpersonalized,Average,10+ years,1
1035,1,Non-binary,50,Hispanic,Mental health history,Indian,Master Degree,Closely related,Personalized,Above average,10+ years,1
1036,1,Female,55,Black,Mental health history,Canadian,Bachelor Degree,Closely related,Unpersonalized,Average,10+ years,1
1037,1,Male,55,White,None stated,Mexican,Master Degree,Closely related,Unpersonalized,Above average,3-7 years,1
1038,1,Non-binary,40,Black,Mental health history,Canadian,Master Degree,Closely related,Unpersonalized,Above average,0-2 years,1
1039,1,Male,50,Asian,Mental health history,Indian,Associate Degree,Somewhat related,Unpersonalized,Average,10+ years,0
1040,1,Male,35,White,Mental health history,Indian,Bachelor Degree,Somewhat related,Personalized,Below average,3-7 years,0
1041,1,Female,55,Asian,Physical disability,Canadian,Associate Degree,Closely related,Unpersonalized,Below average,10+ years,0
1042,1,Male,50,Asian,Mental health history,Canadian,Bachelor Degree,Closely related,Personalized,Above average,0-2 years,1
1043,1,Male,30,Black,Mental health history,Canadian,Bachelor Degree,Unrelated,Personalized,Above average,3-7 years,1
1044,1,Non-binary,40,Black,Mental health history,American,Bachelor Degree,Closely related,Personalized,Above average,0-2 years,1
1045,1,Non-binary,55,Black,Physical disability,American,Bachelor Degree,Somewhat related,Personalized,Average,10+ years,1
1046,1,Female,30,Asian,Mental health history,German,Bachelor Degree,Somewhat related,Unpersonalized,Above average,3-7 years,1
1047,1,Non-binary,55,Asian,Mental health history,German,Bachelor Degree,Somewhat related,Unpersonalized,Below average,10+ years,1
1048,1,Female,30,Black,None stated,American,Associate Degree,Closely related,Unpersonalized,Above average,10+ years,1
1049,1,Male,30,Asian,Physical disability,Indian,Associate Degree,Unrelated,Personalized,Below average,10+ years,0
1050,1,Female,50,Hispanic,None stated,Indian,Master Degree,Closely related,Unpersonalized,Above average,10+ years,1
1051,1,Female,40,Black,None stated,German,Associate Degree,Closely related,Personalized,Below average,0-2 years,0
1052,1,Non-binary,30,White,Physical disability,American,Associate Degree,Unrelated,Personalized,Above average,3-7 years,1
1053,1,Female,45,White,Mental health history,Indian,Associate Degree,Closely related,Unpersonalized,Above average,3-7 years,1
1054,1,Male,50,White,Physical disability,Canadian,Master Degree,Closely related,Unpersonalized,Above average,10+ years,1
1055,1,Male,55,Hispanic,None stated,American,Bachelor Degree,Unrelated,Personalized,Average,3-7 years,0
1056,1,Non-binary,45,Black,None stated,Indian,Bachelor Degree,Unrelated,Personalized,Below average,3-7 years,0
1057,1,Non-binary,50,Black,Physical disability,German,Bachelor Degree,Somewhat related,Unpersonalized,Average,3-7 years,1
1058,1,Female,40,Hispanic,Mental health history,American,Associate Degree,Somewhat related,Unpersonalized,Average,0-2 years,0
1059,1,Non-binary,45,White,None stated,Indian,Master Degree,Somewhat related,Personalized,Below average,10+ years,0
1060,1,Non-binary,55,White,Mental health history,Canadian,Associate Degree,Closely related,Personalized,Above average,10+ years,1
1061,1,Male,35,Hispanic,None stated,American,Associate Degree,Closely related,Unpersonalized,Above average,0-2 years,0
1062,1,Non-binary,50,White,None stated,Canadian,Master Degree,Unrelated,Personalized,Below average,10+ years,0
1063,1,Male,50,Black,None stated,German,Bachelor Degree,Somewhat related,Personalized,Average,10+ years,1
1064,1,Non-binary,35,White,None stated,Canadian,Associate Degree,Unrelated,Unpersonalized,Above average,3-7 years,0
1065,1,Female,30,Black,None stated,American,Associate Degree,Unrelated,Personalized,Above average,0-2 years,1
1066,1,Non-binary,35,Hispanic,Physical disability,Mexican,Associate Degree,Unrelated,Personalized,Below average,0-2 years,0
1067,1,Male,50,Hispanic,Mental health history,German,Associate Degree,Somewhat related,Personalized,Below average,10+ years,0
1068,1,Non-binary,40,Asian,Mental health history,Indian,Associate Degree,Unrelated,Personalized,Average,10+ years,0
1069,1,Male,45,White,None stated,Mexican,Associate Degree,Somewhat related,Unpersonalized,Below average,3-7 years,0
1070,1,Non-binary,35,White,None stated,Indian,Associate Degree,Somewhat related,Personalized,Above average,10+ years,1
1071,1,Female,55,White,Physical disability,Indian,Master Degree,Closely related,Unpersonalized,Average,0-2 years,0
1072,1,Male,55,Asian,None stated,Canadian,Associate Degree,Closely related,Personalized,Below average,3-7 years,0
1073,1,Non-binary,55,Asian,Physical disability,Mexican,Bachelor Degree,Closely related,Personalized,Above average,3-7 years,1
1074,1,Male,50,White,None stated,Canadian,Associate Degree,Unrelated,Unpersonalized,Below average,0-2 years,0
1075,1,Non-binary,30,White,Mental health history,Mexican,Bachelor Degree,Closely related,Personalized,Below average,0-2 years,1
1076,1,Male,35,White,Physical disability,Canadian,Bachelor Degree,Closely related,Personalized,Above average,3-7 years,1
1077,1,Male,30,Hispanic,None stated,Mexican,Master Degree,Unrelated,Unpersonalized,Above average,3-7 years,0
1078,1,Non-binary,35,Hispanic,None stated,Indian,Bachelor Degree,Somewhat related,Unpersonalized,Above average,0-2 years,0
1079,1,Male,40,Hispanic,Physical disability,Indian,Associate Degree,Somewhat related,Unpersonalized,Below average,10+ years,0
1080,1,Male,40,White,None stated,Mexican,Master Degree,Closely related,Personalized,Below average,10+ years,1
1081,1,Female,50,White,Mental health history,Mexican,Master Degree,Unrelated,Unpersonalized,Above average,10+ years,0
1082,1,Non-binary,30,Hispanic,Physical disability,German,Master Degree,Unrelated,Unpersonalized,Average,3-7 years,0
1083,1,Non-binary,40,Black,None stated,Canadian,Bachelor Degree,Somewhat related,Personalized,Average,10+ years,1
1084,1,Male,45,Black,None stated,Canadian,Bachelor Degree,Closely related,Unpersonalized,Below average,0-2 years,0
1085,1,Male,40,Hispanic,None stated,American,Associate Degree,Somewhat related,Personalized,Below average,10+ years,0
1086,1,Non-binary,35,Black,None stated,Indian,Bachelor Degree,Unrelated,Personalized,Below average,3-7 years,0
1087,1,Non-binary,30,Hispanic,Physical disability,Mexican,Bachelor Degree,Unrelated,Personalized,Average,0-2 years,1
1088,1,Non-binary,50,Asian,None stated,German,Master Degree,Somewhat related,Personalized,Above average,10+ years,1
1089,1,Female,30,Hispanic,None stated,Mexican,Bachelor Degree,Closely related,Unpersonalized,Below average,10+ years,0
1090,1,Female,30,Hispanic,Mental health history,Indian,Associate Degree,Somewhat related,Personalized,Below average,3-7 years,1
1091,1,Female,50,Asian,None stated,American,Bachelor Degree,Closely related,Personalized,Below average,3-7 years,1
1092,1,Female,50,Black,None stated,German,Master Degree,Closely related,Unpersonalized,Below average,3-7 years,0
1093,1,Female,35,Hispanic,Mental health history,German,Associate Degree,Somewhat related,Personalized,Below average,0-2 years,1
1094,1,Male,55,Hispanic,None stated,Canadian,Associate Degree,Somewhat related,Unpersonalized,Average,3-7 years,0
1095,1,Non-binary,30,Black,Physical disability,Mexican,Bachelor Degree,Somewhat related,Personalized,Above average,0-2 years,1
1096,1,Female,30,Hispanic,Physical disability,American,Bachelor Degree,Unrelated,Unpersonalized,Below average,0-2 years,0
1097,1,Female,45,Black,None stated,Mexican,Associate Degree,Somewhat related,Unpersonalized,Above average,10+ years,1
1098,1,Non-binary,55,Black,Mental health history,German,Bachelor Degree,Unrelated,Unpersonalized,Above average,10+ years,1
1099,1,Male,30,Black,Mental health history,German,Master Degree,Closely related,Personalized,Below average,3-7 years,1
1100,1,Male,45,White,None stated,German,Master Degree,Unrelated,Unpersonalized,Average,3-7 years,0
1101,1,Female,40,White,Physical disability,Indian,Associate Degree,Closely related,Personalized,Below average,10+ years,1
1102,1,Female,45,Hispanic,Mental health history,Mexican,Master Degree,Unrelated,Unpersonalized,Above average,3-7 years,0
1103,1,Female,45,Asian,Physical disability,Indian,Bachelor Degree,Unrelated,Personalized,Below average,3-7 years,1
1104,1,Male,40,Asian,Physical disability,Indian,Associate Degree,Unrelated,Personalized,Above average,3-7 years,0
1105,1,Male,55,Hispanic,None stated,Canadian,Associate Degree,Closely related,Personalized,Above average,0-2 years,0
1106,1,Female,50,White,Physical disability,American,Associate Degree,Closely related,Personalized,Above average,10+ years,1
1107,1,Non-binary,30,White,Physical disability,German,Master Degree,Somewhat related,Unpersonalized,Below average,3-7 years,0
1108,1,Female,45,Black,Mental health history,Indian,Bachelor Degree,Closely related,Unpersonalized,Average,0-2 years,0
1109,1,Female,35,Hispanic,Physical disability,German,Master Degree,Somewhat related,Personalized,Above average,10+ years,1
1110,1,Non-binary,50,Black,Mental health history,Mexican,Bachelor Degree,Somewhat related,Unpersonalized,Average,0-2 years,1
1111,1,Male,30,White,None stated,Canadian,Associate Degree,Unrelated,Unpersonalized,Above average,10+ years,0
1112,1,Non-binary,55,Black,Physical disability,Canadian,Associate Degree,Closely related,Unpersonalized,Below average,0-2 years,0
1113,1,Male,30,Asian,Physical disability,Canadian,Associate Degree,Somewhat related,Personalized,Above average,10+ years,1
1114,1,Male,30,White,Mental health history,American,Master Degree,Somewhat related,Unpersonalized,Above average,10+ years,1
1115,1,Female,55,Asian,Physical disability,Mexican,Bachelor Degree,Closely related,Personalized,Below average,3-7 years,1
1116,1,Male,55,White,None stated,German,Bachelor Degree,Unrelated,Unpersonalized,Below average,10+ years,0
1117,1,Female,50,Black,Physical disability,American,Bachelor Degree,Somewhat related,Personalized,Above average,3-7 years,1
1118,1,Male,40,Black,None stated,German,Master Degree,Closely related,Unpersonalized,Average,10+ years,1
1119,1,Male,50,Black,None stated,German,Master Degree,Closely related,Personalized,Average,0-2 years,1
1120,1,Male,55,Hispanic,Physical disability,Indian,Bachelor Degree,Closely related,Personalized,Average,10+ years,1
1121,1,Female,35,Asian,Physical disability,American,Bachelor Degree,Closely related,Personalized,Below average,3-7 years,1
1122,1,Non-binary,55,Black,None stated,Mexican,Bachelor Degree,Somewhat related,Unpersonalized,Below average,0-2 years,0
1123,1,Female,40,Asian,Mental health history,German,Bachelor Degree,Somewhat related,Personalized,Above average,0-2 years,1
1124,1,Male,55,Hispanic,Physical disability,Mexican,Associate Degree,Unrelated,Personalized,Below average,0-2 years,0
1125,1,Non-binary,45,White,Mental health history,German,Associate Degree,Somewhat related,Personalized,Above average,3-7 years,1
1126,1,Non-binary,45,White,Mental health history,Canadian,Master Degree,Somewhat related,Personalized,Above average,10+ years,1
1127,1,Female,30,Hispanic,Physical disability,American,Master Degree,Unrelated,Personalized,Average,0-2 years,0
1128,1,Female,30,White,Mental health history,Mexican,Associate Degree,Closely related,Unpersonalized,Above average,3-7 years,1
1129,1,Non-binary,55,Black,Physical disability,Mexican,Bachelor Degree,Unrelated,Personalized,Average,0-2 years,0
1130,1,Female,35,Black,None stated,German,Bachelor Degree,Somewhat related,Personalized,Above average,0-2 years,1
1131,1,Female,45,White,Physical disability,Indian,Master Degree,Closely related,Personalized,Below average,0-2 years,0
1132,1,Male,55,Hispanic,None stated,Mexican,Bachelor Degree,Somewhat related,Personalized,Above average,0-2 years,0
1133,1,Non-binary,40,White,None stated,American,Bachelor Degree,Unrelated,Personalized,Average,10+ years,1
1134,1,Male,45,White,None stated,Mexican,Master Degree,Unrelated,Personalized,Average,0-2 years,0
1135,1,Female,35,Hispanic,None stated,American,Master Degree,Somewhat related,Personalized,Above average,0-2 years,0
1136,1,Non-binary,30,White,Physical disability,Mexican,Master Degree,Unrelated,Personalized,Below average,10+ years,1
1137,1,Female,50,Black,Physical disability,Mexican,Associate Degree,Unrelated,Unpersonalized,Above average,3-7 years,0
1138,1,Female,50,White,None stated,American,Associate Degree,Somewhat related,Unpersonalized,Average,0-2 years,0
1139,1,Male,55,Asian,Physical disability,Mexican,Master Degree,Closely related,Unpersonalized,Average,3-7 years,1
1140,1,Female,35,Black,Mental health history,Mexican,Bachelor Degree,Unrelated,Personalized,Below average,3-7 years,1
1141,1,Female,40,White,Physical disability,Indian,Bachelor Degree,Unrelated,Personalized,Above average,3-7 years,1
1142,1,Non-binary,30,White,Mental health history,Mexican,Bachelor Degree,Closely related,Personalized,Above average,10+ years,1
1143,1,Male,50,White,None stated,Mexican,Bachelor Degree,Unrelated,Unpersonalized,Below average,3-7 years,0
1144,1,Female,55,White,Mental health history,Canadian,Associate Degree,Closely related,Personalized,Average,3-7 years,1
1145,1,Male,40,Black,Mental health history,Canadian,Bachelor Degree,Unrelated,Unpersonalized,Above average,10+ years,1
1146,1,Non-binary,35,Black,Physical disability,German,Master Degree,Closely related,Unpersonalized,Below average,10+ years,1
1147,1,Female,55,Black,Physical disability,American,Associate Degree,Unrelated,Personalized,Average,3-7 years,0
1148,1,Non-binary,40,White,None stated,Mexican,Master Degree,Unrelated,Personalized,Below average,3-7 years,0
1149,1,Female,30,White,None stated,Indian,Bachelor Degree,Unrelated,Personalized,Below average,0-2 years,0
1150,1,Male,55,Black,Physical disability,German,Bachelor Degree,Unrelated,Personalized,Below average,0-2 years,0
1151,1,Female,45,Hispanic,Physical disability,Canadian,Bachelor Degree,Somewhat related,Personalized,Average,0-2 years,1
1152,1,Female,35,Asian,None stated,Indian,Master Degree,Somewhat related,Personalized,Below average,0-2 years,0
1153,1,Male,55,White,Mental health history,American,Master Degree,Somewhat related,Personalized,Above average,0-2 years,1
1154,1,Male,45,Hispanic,Physical disability,Canadian,Associate Degree,Unrelated,Personalized,Above average,10+ years,1
1155,1,Male,35,Hispanic,Physical disability,Canadian,Bachelor Degree,Closely related,Personalized,Average,3-7 years,1
1156,1,Female,45,White,Mental health history,German,Associate Degree,Closely related,Unpersonalized,Average,0-2 years,0
1157,1,Non-binary,35,White,Mental health history,German,Master Degree,Unrelated,Personalized,Average,3-7 years,1
1158,1,Male,50,Hispanic,None stated,German,Bachelor Degree,Somewhat related,Personalized,Below average,10+ years,1
1159,1,Non-binary,30,Asian,None stated,Indian,Master Degree,Unrelated,Personalized,Average,10+ years,1
1160,1,Non-binary,30,Black,None stated,Indian,Associate Degree,Closely related,Personalized,Average,10+ years,1
1161,1,Male,40,Asian,Physical disability,Mexican,Master Degree,Closely related,Personalized,Below average,10+ years,1
1162,1,Non-binary,35,White,None stated,American,Master Degree,Closely related,Personalized,Above average,10+ years,1
1163,1,Non-binary,30,Black,Physical disability,Canadian,Associate Degree,Closely related,Personalized,Above average,3-7 years,1
1164,1,Female,45,Hispanic,Physical disability,Indian,Master Degree,Closely related,Personalized,Average,0-2 years,1
1165,1,Non-binary,30,Black,Mental health history,German,Associate Degree,Closely related,Personalized,Above average,0-2 years,1
1166,1,Male,30,Hispanic,Physical disability,American,Master Degree,Closely related,Unpersonalized,Above average,10+ years,1
1167,1,Male,30,Hispanic,Physical disability,Mexican,Associate Degree,Somewhat related,Unpersonalized,Above average,3-7 years,1
1168,1,Non-binary,45,Asian,None stated,Mexican,Master Degree,Unrelated,Unpersonalized,Average,3-7 years,0
1169,1,Male,40,Black,Physical disability,Canadian,Master Degree,Somewhat related,Unpersonalized,Above average,10+ years,1
1170,1,Male,55,Black,Mental health history,Mexican,Master Degree,Closely related,Unpersonalized,Above average,0-2 years,0
1171,1,Female,55,White,Physical disability,German,Associate Degree,Closely related,Personalized,Above average,0-2 years,1
1172,1,Female,55,Asian,Physical disability,Indian,Master Degree,Somewhat related,Unpersonalized,Above average,3-7 years,1
1173,1,Female,40,Hispanic,Physical disability,Indian,Bachelor Degree,Unrelated,Unpersonalized,Average,3-7 years,0
1174,1,Non-binary,55,White,Mental health history,Mexican,Master Degree,Somewhat related,Personalized,Above average,0-2 years,0
1175,1,Female,35,White,None stated,American,Bachelor Degree,Somewhat related,Personalized,Average,3-7 years,1
1176,1,Non-binary,50,Black,None stated,Canadian,Bachelor Degree,Closely related,Unpersonalized,Above average,3-7 years,1
1177,1,Non-binary,30,White,Mental health history,American,Bachelor Degree,Unrelated,Unpersonalized,Average,0-2 years,0
1178,1,Female,35,Black,Physical disability,Mexican,Master Degree,Closely related,Unpersonalized,Below average,3-7 years,0
1179,1,Non-binary,55,White,Mental health history,German,Bachelor Degree,Somewhat related,Personalized,Average,3-7 years,1
1180,1,Male,45,White,None stated,Mexican,Associate Degree,Unrelated,Personalized,Below average,10+ years,0
1181,1,Male,30,Black,Physical disability,Canadian,Master Degree,Closely related,Personalized,Above average,0-2 years,1
1182,1,Male,45,White,Physical disability,Canadian,Associate Degree,Closely related,Personalized,Average,3-7 years,1
1183,1,Non-binary,55,Black,Mental health history,Indian,Associate Degree,Somewhat related,Personalized,Below average,3-7 years,1
1184,1,Male,55,Black,Mental health history,German,Master Degree,Closely related,Personalized,Above average,3-7 years,1
1185,1,Non-binary,40,White,Physical disability,Indian,Associate Degree,Closely related,Unpersonalized,Average,10+ years,1
1186,1,Male,30,White,Physical disability,American,Associate Degree,Somewhat related,Personalized,Above average,10+ years,1
1187,1,Non-binary,40,Hispanic,Physical disability,Canadian,Bachelor Degree,Somewhat related,Unpersonalized,Average,0-2 years,0
1188,1,Non-binary,40,Asian,None stated,Mexican,Master Degree,Unrelated,Personalized,Below average,10+ years,0
1189,1,Male,40,White,Physical disability,Canadian,Master Degree,Unrelated,Unpersonalized,Average,0-2 years,0
1190,1,Male,45,Asian,None stated,German,Bachelor Degree,Closely related,Unpersonalized,Average,0-2 years,0
1191,1,Male,50,Hispanic,Mental health history,Mexican,Bachelor Degree,Closely related,Unpersonalized,Below average,3-7 years,0
1192,1,Female,30,Hispanic,Mental health history,Mexican,Associate Degree,Closely related,Unpersonalized,Above average,3-7 years,1
1193,1,Female,50,Hispanic,Physical disability,Canadian,Associate Degree,Somewhat related,Personalized,Average,0-2 years,1
1194,1,Male,35,White,None stated,Mexican,Associate Degree,Closely related,Personalized,Below average,3-7 years,1
1195,1,Male,30,Black,Physical disability,Indian,Bachelor Degree,Closely related,Personalized,Below average,0-2 years,0
1196,1,Non-binary,50,Hispanic,Physical disability,Canadian,Master Degree,Closely related,Unpersonalized,Average,0-2 years,0
1197,1,Male,35,White,None stated,American,Associate Degree,Closely related,Personalized,Above average,0-2 years,1
1198,1,Male,55,White,None stated,Canadian,Bachelor Degree,Unrelated,Unpersonalized,Above average,3-7 years,0
1199,1,Female,30,Hispanic,None stated,Indian,Bachelor Degree,Somewhat related,Personalized,Above average,3-7 years,1
1200,1,Male,50,Hispanic,Physical disability,German,Bachelor Degree,Unrelated,Personalized,Above average,3-7 years,1
1201,1,Male,55,Asian,Mental health history,Indian,Master Degree,Closely related,Personalized,Above average,3-7 years,1
1202,1,Male,40,Asian,Mental health history,German,Master Degree,Unrelated,Unpersonalized,Below average,3-7 years,0
1203,1,Female,55,Black,Physical disability,Mexican,Associate Degree,Somewhat related,Personalized,Above average,10+ years,1
1204,1,Female,35,Asian,Physical disability,Mexican,Associate Degree,Unrelated,Personalized,Average,0-2 years,0
1205,1,Male,35,Black,None stated,American,Master Degree,Somewhat related,Personalized,Average,10+ years,1
1206,1,Male,40,Hispanic,Physical disability,Mexican,Bachelor Degree,Unrelated,Personalized,Average,0-2 years,0
1207,1,Male,35,Black,Mental health history,American,Associate Degree,Closely related,Unpersonalized,Average,0-2 years,0
1208,1,Non-binary,40,Hispanic,None stated,German,Bachelor Degree,Closely related,Personalized,Average,3-7 years,1
1209,1,Male,30,Black,Mental health history,German,Bachelor Degree,Closely related,Personalized,Above average,0-2 years,1
1210,1,Female,45,Asian,None stated,Mexican,Bachelor Degree,Closely related,Personalized,Average,3-7 years,1
1211,1,Non-binary,55,Black,Mental health history,Mexican,Bachelor Degree,Unrelated,Personalized,Average,10+ years,1
1212,1,Female,35,Asian,None stated,Canadian,Associate Degree,Unrelated,Unpersonalized,Average,0-2 years,0
1213,1,Non-binary,35,Black,None stated,Canadian,Master Degree,Closely related,Personalized,Average,0-2 years,1
1214,1,Male,30,Black,None stated,Mexican,Bachelor Degree,Somewhat related,Unpersonalized,Average,10+ years,1
1215,1,Non-binary,50,Asian,Physical disability,Canadian,Master Degree,Closely related,Personalized,Above average,10+ years,1
1216,1,Male,30,Black,Physical disability,Canadian,Associate Degree,Closely related,Unpersonalized,Above average,0-2 years,1
1217,1,Female,30,Asian,None stated,Indian,Master Degree,Somewhat related,Unpersonalized,Below average,10+ years,0
1218,1,Male,50,Black,Physical disability,American,Bachelor Degree,Somewhat related,Personalized,Below average,3-7 years,1
1219,1,Non-binary,30,Asian,Physical disability,Indian,Master Degree,Somewhat related,Unpersonalized,Below average,10+ years,0
1220,1,Male,30,Black,None stated,American,Associate Degree,Closely related,Unpersonalized,Below average,0-2 years,0
1221,1,Female,30,Hispanic,Physical disability,American,Master Degree,Closely related,Personalized,Above average,0-2 years,1
1222,1,Male,35,Black,Physical disability,Indian,Master Degree,Somewhat related,Personalized,Average,10+ years,1
1223,1,Female,35,Hispanic,Mental health history,Mexican,Master Degree,Somewhat related,Unpersonalized,Average,0-2 years,0
1224,1,Female,50,Hispanic,Mental health history,German,Master Degree,Somewhat related,Personalized,Above average,3-7 years,1
1225,1,Male,50,Asian,None stated,Indian,Bachelor Degree,Somewhat related,Personalized,Above average,3-7 years,1
1226,1,Female,40,Black,None stated,Mexican,Master Degree,Closely related,Personalized,Above average,0-2 years,1
1227,1,Non-binary,55,Black,None stated,German,Bachelor Degree,Closely related,Personalized,Above average,3-7 years,1
1228,1,Male,45,Black,Mental health history,Indian,Associate Degree,Unrelated,Unpersonalized,Below average,0-2 years,0
1229,1,Male,35,Black,Mental health history,American,Associate Degree,Unrelated,Personalized,Average,3-7 years,0
1230,1,Male,35,White,Physical disability,Mexican,Master Degree,Unrelated,Personalized,Below average,3-7 years,0
1231,1,Male,30,White,Mental health history,Mexican,Bachelor Degree,Unrelated,Personalized,Above average,3-7 years,0
1232,1,Male,40,Asian,Mental health history,Indian,Master Degree,Somewhat related,Unpersonalized,Above average,10+ years,1
1233,1,Male,50,Black,Mental health history,Indian,Associate Degree,Closely related,Personalized,Average,0-2 years,1
1234,1,Male,40,Hispanic,Mental health history,German,Master Degree,Closely related,Personalized,Above average,10+ years,1
1235,1,Non-binary,35,Black,None stated,German,Associate Degree,Closely related,Personalized,Above average,3-7 years,1
1236,1,Non-binary,35,Asian,None stated,German,Bachelor Degree,Closely related,Personalized,Average,3-7 years,1
1237,1,Female,50,Black,Physical disability,German,Associate Degree,Unrelated,Personalized,Average,3-7 years,0
1238,1,Non-binary,35,Hispanic,Mental health history,Canadian,Associate Degree,Somewhat related,Unpersonalized,Below average,0-2 years,0
1239,1,Male,35,Hispanic,Mental health history,Mexican,Associate Degree,Closely related,Personalized,Average,0-2 years,0
1240,1,Female,35,Hispanic,Mental health history,German,Master Degree,Closely related,Unpersonalized,Above average,10+ years,1
1241,1,Non-binary,35,White,Mental health history,German,Master Degree,Closely related,Unpersonalized,Average,0-2 years,0
1242,1,Female,50,Hispanic,Mental health history,German,Master Degree,Closely related,Unpersonalized,Above average,10+ years,1
1243,1,Non-binary,45,Hispanic,None stated,German,Bachelor Degree,Unrelated,Personalized,Average,3-7 years,1
1244,1,Male,50,Asian,Mental health history,Indian,Master Degree,Unrelated,Personalized,Above average,10+ years,1
1245,1,Female,50,Asian,None stated,Indian,Master Degree,Unrelated,Unpersonalized,Above average,0-2 years,0
1246,1,Non-binary,50,Asian,Physical disability,Mexican,Associate Degree,Unrelated,Personalized,Below average,10+ years,0
1247,1,Male,45,White,Physical disability,Mexican,Master Degree,Unrelated,Personalized,Above average,3-7 years,1
1248,1,Male,30,White,None stated,Indian,Associate Degree,Somewhat related,Personalized,Above average,3-7 years,1
1249,1,Female,50,White,None stated,American,Master Degree,Unrelated,Personalized,Below average,0-2 years,0
1250,1,Female,55,White,Mental health history,Mexican,Bachelor Degree,Closely related,Personalized,Average,3-7 years,1
1251,1,Non-binary,45,White,Mental health history,German,Bachelor Degree,Unrelated,Personalized,Average,3-7 years,1
1252,1,Female,45,White,Mental health history,Indian,Master Degree,Closely related,Personalized,Below average,3-7 years,1
1253,1,Male,35,Asian,Physical disability,Mexican,Bachelor Degree,Closely related,Personalized,Above average,3-7 years,1
1254,1,Female,35,Black,None stated,Mexican,Bachelor Degree,Unrelated,Unpersonalized,Above average,0-2 years,0
1255,1,Male,55,Asian,Physical disability,American,Bachelor Degree,Somewhat related,Unpersonalized,Above average,3-7 years,1
1256,1,Female,35,White,None stated,German,Associate Degree,Somewhat related,Personalized,Above average,0-2 years,0
1257,1,Male,55,Black,Physical disability,Canadian,Master Degree,Closely related,Personalized,Average,10+ years,1
1258,1,Non-binary,55,Black,Mental health history,Mexican,Master Degree,Somewhat related,Unpersonalized,Below average,3-7 years,1
1259,1,Male,45,White,Mental health history,Mexican,Bachelor Degree,Somewhat related,Personalized,Above average,0-2 years,0
1260,1,Female,45,Hispanic,Physical disability,Mexican,Bachelor Degree,Closely related,Unpersonalized,Below average,0-2 years,0
1261,1,Female,50,Asian,Mental health history,German,Bachelor Degree,Closely related,Unpersonalized,Above average,10+ years,1
1262,1,Male,50,Black,Physical disability,American,Associate Degree,Unrelated,Personalized,Average,10+ years,0
1263,1,Female,35,Hispanic,Mental health history,Indian,Associate Degree,Closely related,Unpersonalized,Below average,3-7 years,0
1264,1,Female,40,Black,Physical disability,Canadian,Bachelor Degree,Unrelated,Personalized,Average,10+ years,1
1265,1,Female,45,White,Mental health history,Indian,Bachelor Degree,Unrelated,Unpersonalized,Average,10+ years,0
1266,1,Female,55,Hispanic,Physical disability,Mexican,Associate Degree,Unrelated,Personalized,Below average,0-2 years,0
1267,1,Non-binary,55,Asian,None stated,American,Master Degree,Closely related,Unpersonalized,Below average,10+ years,1
1268,1,Non-binary,55,Hispanic,Mental health history,Mexican,Bachelor Degree,Closely related,Unpersonalized,Above average,3-7 years,1
1269,1,Male,45,Hispanic,Mental health history,German,Master Degree,Unrelated,Personalized,Average,3-7 years,1
1270,1,Female,50,Asian,Physical disability,Mexican,Associate Degree,Somewhat related,Personalized,Above average,3-7 years,1
1271,1,Non-binary,30,Black,Mental health history,German,Bachelor Degree,Somewhat related,Personalized,Average,10+ years,1
1272,1,Male,45,Hispanic,Mental health history,American,Bachelor Degree,Somewhat related,Personalized,Below average,3-7 years,0
1273,1,Non-binary,45,White,Mental health history,Mexican,Associate Degree,Closely related,Unpersonalized,Average,10+ years,1
1274,1,Non-binary,45,Asian,None stated,Mexican,Bachelor Degree,Closely related,Personalized,Below average,3-7 years,1
1275,1,Female,30,Black,Physical disability,Canadian,Master Degree,Somewhat related,Personalized,Above average,0-2 years,1
1276,1,Male,55,Asian,Mental health history,German,Bachelor Degree,Unrelated,Personalized,Average,3-7 years,0
1277,1,Female,55,Asian,Physical disability,Canadian,Associate Degree,Unrelated,Unpersonalized,Above average,3-7 years,0
1278,1,Male,45,White,Mental health history,Canadian,Master Degree,Closely related,Unpersonalized,Above average,0-2 years,0
1279,1,Female,35,Asian,None stated,German,Associate Degree,Somewhat related,Unpersonalized,Above average,0-2 years,0
1280,1,Female,50,Asian,Physical disability,Mexican,Associate Degree,Somewhat related,Personalized,Average,0-2 years,1
1281,1,Female,45,Black,Physical disability,Canadian,Master Degree,Closely related,Unpersonalized,Below average,3-7 years,1
1282,1,Non-binary,45,White,Physical disability,Indian,Bachelor Degree,Somewhat related,Personalized,Below average,0-2 years,0
1283,1,Male,55,Black,Physical disability,German,Master Degree,Somewhat related,Personalized,Above average,0-2 years,1
1284,1,Female,55,White,None stated,Mexican,Associate Degree,Unrelated,Personalized,Below average,3-7 years,0
1285,1,Male,45,Asian,Physical disability,Indian,Associate Degree,Somewhat related,Personalized,Average,10+ years,1
1286,1,Non-binary,35,Hispanic,None stated,Mexican,Bachelor Degree,Closely related,Personalized,Above average,0-2 years,1
1287,1,Male,40,Asian,None stated,American,Associate Degree,Unrelated,Unpersonalized,Below average,10+ years,0
1288,1,Male,50,Hispanic,Mental health history,German,Bachelor Degree,Closely related,Personalized,Average,3-7 years,1
1289,1,Female,50,Hispanic,None stated,Canadian,Associate Degree,Somewhat related,Personalized,Above average,3-7 years,1
1290,1,Male,50,White,None stated,Canadian,Bachelor Degree,Somewhat related,Unpersonalized,Average,10+ years,1
1291,1,Male,35,White,None stated,German,Bachelor Degree,Closely related,Unpersonalized,Above average,10+ years,1
1292,1,Female,45,Asian,None stated,American,Associate Degree,Somewhat related,Personalized,Average,3-7 years,1
1293,1,Male,55,Hispanic,None stated,Canadian,Associate Degree,Closely related,Personalized,Below average,3-7 years,0
1294,1,Male,30,Asian,Physical disability,Mexican,Master Degree,Somewhat related,Personalized,Above average,0-2 years,1
1295,1,Female,30,Black,None stated,Mexican,Bachelor Degree,Closely related,Personalized,Above average,0-2 years,1
1296,1,Male,35,White,Mental health history,Mexican,Bachelor Degree,Unrelated,Unpersonalized,Above average,0-2 years,0
1297,1,Male,35,Hispanic,Physical disability,American,Master Degree,Somewhat related,Unpersonalized,Below average,10+ years,1
1298,1,Male,35,White,None stated,German,Master Degree,Closely related,Unpersonalized,Below average,10+ years,0
1299,1,Non-binary,45,Hispanic,None stated,Canadian,Bachelor Degree,Somewhat related,Personalized,Average,10+ years,1
1300,1,Non-binary,30,White,Physical disability,Mexican,Master Degree,Unrelated,Personalized,Average,3-7 years,1
1301,1,Male,40,Black,Physical disability,German,Bachelor Degree,Unrelated,Unpersonalized,Above average,3-7 years,0
1302,1,Female,35,Black,Mental health history,American,Associate Degree,Closely related,Personalized,Average,10+ years,1
1303,1,Male,30,White,Mental health history,German,Bachelor Degree,Closely related,Unpersonalized,Below average,10+ years,0
1304,1,Male,40,White,Physical disability,American,Associate Degree,Unrelated,Personalized,Above average,10+ years,1
1305,1,Non-binary,55,White,Physical disability,American,Master Degree,Unrelated,Unpersonalized,Above average,10+ years,0
1306,1,Male,50,Asian,Mental health history,Canadian,Associate Degree,Somewhat related,Personalized,Average,10+ years,1
1307,1,Non-binary,40,Asian,Mental health history,Canadian,Master Degree,Somewhat related,Personalized,Average,0-2 years,1
1308,1,Female,30,Hispanic,Physical disability,Indian,Master Degree,Unrelated,Unpersonalized,Above average,10+ years,0
1309,1,Female,55,White,None stated,German,Associate Degree,Unrelated,Personalized,Average,10+ years,0
1310,1,Male,50,Asian,Mental health history,American,Bachelor Degree,Somewhat related,Unpersonalized,Average,3-7 years,1
1311,1,Male,30,Asian,None stated,Canadian,Master Degree,Closely related,Personalized,Below average,10+ years,0
1312,1,Female,50,White,Physical disability,Indian,Associate Degree,Closely related,Personalized,Above average,10+ years,1
1313,1,Male,50,Black,Mental health history,Canadian,Bachelor Degree,Closely related,Personalized,Average,10+ years,1
1314,1,Male,30,Asian,Mental health history,Mexican,Associate Degree,Somewhat related,Unpersonalized,Above average,3-7 years,0
1315,1,Male,45,Hispanic,None stated,Mexican,Bachelor Degree,Closely related,Personalized,Below average,0-2 years,0
1316,1,Female,35,Asian,Mental health history,Indian,Associate Degree,Somewhat related,Unpersonalized,Below average,0-2 years,0
1317,1,Female,45,White,Mental health history,Indian,Bachelor Degree,Unrelated,Unpersonalized,Above average,10+ years,0
1318,1,Non-binary,40,Asian,Physical disability,Indian,Associate Degree,Unrelated,Personalized,Below average,0-2 years,0
1319,1,Female,35,Black,None stated,Mexican,Bachelor Degree,Closely related,Unpersonalized,Average,3-7 years,1
1320,1,Female,50,Asian,None stated,Mexican,Bachelor Degree,Unrelated,Personalized,Average,3-7 years,0
1321,1,Non-binary,35,Hispanic,None stated,American,Master Degree,Somewhat related,Personalized,Above average,0-2 years,1
1322,1,Non-binary,30,Hispanic,Physical disability,Mexican,Associate Degree,Somewhat related,Personalized,Average,0-2 years,1
1323,1,Male,55,Black,None stated,American,Associate Degree,Unrelated,Unpersonalized,Average,3-7 years,0
1324,1,Male,30,Black,None stated,American,Master Degree,Closely related,Personalized,Below average,3-7 years,0
1325,1,Female,30,Black,None stated,Indian,Master Degree,Closely related,Unpersonalized,Below average,10+ years,0
1326,1,Non-binary,50,Asian,None stated,German,Master Degree,Somewhat related,Unpersonalized,Below average,3-7 years,0
1327,1,Non-binary,35,White,None stated,Indian,Associate Degree,Unrelated,Unpersonalized,Below average,10+ years,0
1328,1,Female,30,Hispanic,None stated,Indian,Associate Degree,Unrelated,Personalized,Below average,3-7 years,0
1329,1,Female,30,Black,Physical disability,Mexican,Associate Degree,Closely related,Unpersonalized,Above average,10+ years,1
1330,1,Female,45,White,None stated,Canadian,Master Degree,Somewhat related,Unpersonalized,Average,0-2 years,0
1331,1,Non-binary,40,Hispanic,Physical disability,Indian,Master Degree,Somewhat related,Personalized,Above average,3-7 years,1
1332,1,Non-binary,55,Black,None stated,Mexican,Associate Degree,Unrelated,Personalized,Above average,3-7 years,0
1333,1,Male,55,Asian,None stated,Mexican,Associate Degree,Unrelated,Personalized,Below average,10+ years,0
1334,1,Male,40,White,Mental health history,Indian,Master Degree,Closely related,Personalized,Above average,0-2 years,1
1335,1,Non-binary,50,Hispanic,Mental health history,Mexican,Bachelor Degree,Unrelated,Personalized,Average,10+ years,0
1336,1,Male,30,Asian,Physical disability,Indian,Bachelor Degree,Closely related,Unpersonalized,Below average,10+ years,1
1337,1,Male,50,White,Physical disability,Indian,Bachelor Degree,Closely related,Personalized,Average,10+ years,1
1338,1,Non-binary,50,Hispanic,None stated,Canadian,Master Degree,Somewhat related,Personalized,Average,3-7 years,1
1339,1,Male,40,White,Physical disability,American,Associate Degree,Somewhat related,Personalized,Average,10+ years,1
1340,1,Male,30,Hispanic,Physical disability,Mexican,Associate Degree,Unrelated,Personalized,Average,3-7 years,1
1341,1,Male,50,Black,Physical disability,Mexican,Bachelor Degree,Unrelated,Unpersonalized,Average,3-7 years,0
1342,1,Male,45,Hispanic,Mental health history,Canadian,Associate Degree,Somewhat related,Personalized,Below average,0-2 years,0
1343,1,Male,50,Hispanic,Mental health history,German,Bachelor Degree,Unrelated,Personalized,Above average,10+ years,1
1344,1,Female,35,Asian,None stated,Mexican,Associate Degree,Unrelated,Personalized,Above average,0-2 years,0
1345,1,Female,35,Asian,Physical disability,Indian,Associate Degree,Unrelated,Unpersonalized,Below average,10+ years,0
1346,1,Male,50,Asian,None stated,Canadian,Bachelor Degree,Closely related,Unpersonalized,Below average,0-2 years,0
1347,1,Female,30,White,None stated,Indian,Bachelor Degree,Unrelated,Unpersonalized,Above average,10+ years,0
1348,1,Male,40,Asian,Mental health history,Indian,Master Degree,Unrelated,Personalized,Average,3-7 years,0
1349,1,Male,55,Hispanic,Mental health history,German,Associate Degree,Closely related,Unpersonalized,Average,10+ years,1
1350,1,Male,45,Hispanic,None stated,Canadian,Associate Degree,Somewhat related,Personalized,Above average,0-2 years,1
1351,1,Female,35,Asian,Physical disability,Indian,Master Degree,Closely related,Personalized,Above average,0-2 years,1
1352,1,Non-binary,30,Hispanic,Physical disability,Mexican,Associate Degree,Closely related,Unpersonalized,Below average,10+ years,1
1353,1,Male,45,Black,Physical disability,Canadian,Master Degree,Closely related,Personalized,Below average,0-2 years,1
1354,1,Female,55,Hispanic,Physical disability,Indian,Master Degree,Somewhat related,Personalized,Above average,0-2 years,1
1355,1,Male,45,White,Mental health history,German,Bachelor Degree,Somewhat related,Personalized,Above average,10+ years,1
1356,1,Non-binary,55,White,Mental health history,Canadian,Master Degree,Closely related,Personalized,Average,0-2 years,0
1357,1,Non-binary,35,Black,None stated,Mexican,Associate Degree,Closely related,Personalized,Average,0-2 years,1
1358,1,Female,30,White,Mental health history,Canadian,Bachelor Degree,Somewhat related,Unpersonalized,Below average,10+ years,0
1359,1,Non-binary,35,Black,None stated,Canadian,Bachelor Degree,Closely related,Unpersonalized,Average,10+ years,1
1360,1,Male,35,Asian,Physical disability,American,Associate Degree,Unrelated,Personalized,Above average,3-7 years,0
1361,1,Male,35,Hispanic,Physical disability,Canadian,Associate Degree,Somewhat related,Unpersonalized,Above average,10+ years,0
1362,1,Non-binary,30,Black,Physical disability,Mexican,Master Degree,Closely related,Personalized,Average,3-7 years,1
1363,1,Male,45,Asian,Physical disability,Mexican,Associate Degree,Unrelated,Unpersonalized,Above average,3-7 years,0
1364,1,Male,50,Black,Mental health history,German,Bachelor Degree,Somewhat related,Personalized,Above average,0-2 years,0
1365,1,Female,30,Asian,None stated,Canadian,Associate Degree,Unrelated,Personalized,Above average,0-2 years,0
1366,1,Non-binary,35,Asian,Mental health history,Mexican,Associate Degree,Closely related,Personalized,Below average,10+ years,1
1367,1,Female,50,Hispanic,Physical disability,American,Bachelor Degree,Somewhat related,Unpersonalized,Below average,0-2 years,0
1368,1,Female,50,White,None stated,Mexican,Bachelor Degree,Unrelated,Unpersonalized,Above average,3-7 years,0
1369,1,Female,55,Hispanic,Mental health history,Indian,Associate Degree,Somewhat related,Personalized,Average,10+ years,1
1370,1,Male,55,Asian,Mental health history,Mexican,Associate Degree,Unrelated,Unpersonalized,Average,10+ years,0
1371,1,Female,55,Hispanic,None stated,Mexican,Bachelor Degree,Closely related,Unpersonalized,Average,10+ years,1
1372,1,Female,50,Black,Mental health history,American,Associate Degree,Unrelated,Unpersonalized,Above average,0-2 years,0
1373,1,Non-binary,40,Hispanic,None stated,Canadian,Associate Degree,Somewhat related,Unpersonalized,Below average,0-2 years,0
1374,1,Male,50,Black,None stated,Canadian,Bachelor Degree,Somewhat related,Personalized,Average,10+ years,1
1375,1,Female,45,White,Physical disability,Indian,Bachelor Degree,Somewhat related,Personalized,Below average,10+ years,1
1376,1,Male,30,Asian,None stated,Indian,Associate Degree,Closely related,Unpersonalized,Above average,0-2 years,0
1377,1,Male,30,Asian,Physical disability,American,Bachelor Degree,Somewhat related,Personalized,Average,10+ years,1
1378,1,Female,45,Hispanic,Mental health history,Mexican,Bachelor Degree,Somewhat related,Personalized,Above average,10+ years,1
1379,1,Female,40,Asian,None stated,German,Master Degree,Somewhat related,Personalized,Average,3-7 years,1
1380,1,Non-binary,35,Hispanic,Physical disability,Mexican,Bachelor Degree,Closely related,Unpersonalized,Average,0-2 years,1
1381,1,Female,50,White,None stated,Mexican,Bachelor Degree,Unrelated,Unpersonalized,Below average,0-2 years,0
1382,1,Male,35,Hispanic,Mental health history,Mexican,Associate Degree,Unrelated,Personalized,Average,10+ years,1
1383,1,Female,55,Asian,None stated,Mexican,Master Degree,Unrelated,Personalized,Average,10+ years,1
1384,1,Non-binary,55,Hispanic,Mental health history,American,Bachelor Degree,Closely related,Unpersonalized,Below average,10+ years,1
1385,1,Non-binary,40,Hispanic,Physical disability,Indian,Bachelor Degree,Closely related,Unpersonalized,Average,3-7 years,1
1386,1,Male,35,Hispanic,Physical disability,Canadian,Master Degree,Closely related,Personalized,Below average,3-7 years,1
1387,1,Female,45,Hispanic,None stated,Mexican,Associate Degree,Closely related,Personalized,Above average,3-7 years,1
1388,1,Non-binary,35,White,Physical disability,Indian,Master Degree,Closely related,Personalized,Average,10+ years,1
1389,1,Non-binary,45,Hispanic,Physical disability,Canadian,Master Degree,Somewhat related,Personalized,Above average,3-7 years,1
1390,1,Non-binary,40,Asian,None stated,Mexican,Master Degree,Closely related,Personalized,Average,10+ years,1
1391,1,Non-binary,55,Hispanic,None stated,Indian,Bachelor Degree,Closely related,Personalized,Average,0-2 years,0
1392,1,Non-binary,50,Black,Physical disability,American,Master Degree,Closely related,Unpersonalized,Below average,3-7 years,1
1393,1,Male,45,Asian,None stated,American,Associate Degree,Unrelated,Personalized,Average,10+ years,0
1394,1,Female,50,Hispanic,Physical disability,American,Bachelor Degree,Unrelated,Personalized,Average,10+ years,0
1395,1,Female,35,Asian,Mental health history,Canadian,Associate Degree,Unrelated,Personalized,Below average,10+ years,0
1396,1,Non-binary,40,Black,Mental health history,American,Bachelor Degree,Unrelated,Personalized,Average,3-7 years,1
1397,1,Female,30,Black,Physical disability,Mexican,Associate Degree,Somewhat related,Personalized,Average,0-2 years,1
1398,1,Male,50,Black,Mental health history,Indian,Master Degree,Closely related,Unpersonalized,Above average,10+ years,1
1399,1,Non-binary,55,Hispanic,Mental health history,Mexican,Associate Degree,Closely related,Unpersonalized,Below average,0-2 years,0
1400,1,Male,30,White,Mental health history,Canadian,Associate Degree,Closely related,Personalized,Above average,0-2 years,1
1401,1,Non-binary,45,Black,Mental health history,Mexican,Bachelor Degree,Unrelated,Unpersonalized,Average,0-2 years,0
1402,1,Male,45,White,Mental health history,American,Associate Degree,Closely related,Unpersonalized,Above average,0-2 years,0
1403,1,Non-binary,45,White,None stated,Mexican,Associate Degree,Somewhat related,Unpersonalized,Average,10+ years,0
1404,1,Non-binary,50,Hispanic,Physical disability,Mexican,Master Degree,Closely related,Personalized,Above average,10+ years,1
1405,1,Non-binary,40,Asian,Mental health history,Indian,Bachelor Degree,Closely related,Personalized,Average,0-2 years,1
1406,1,Male,40,Asian,Mental health history,Indian,Master Degree,Closely related,Personalized,Below average,0-2 years,0
1407,1,Female,45,White,Physical disability,German,Master Degree,Somewhat related,Personalized,Average,3-7 years,1
1408,1,Non-binary,45,Hispanic,Mental health history,Canadian,Bachelor Degree,Somewhat related,Personalized,Above average,0-2 years,1
1409,1,Male,50,Black,Mental health history,American,Associate Degree,Closely related,Unpersonalized,Average,0-2 years,0
1410,1,Female,55,Black,None stated,Mexican,Master Degree,Unrelated,Personalized,Average,3-7 years,0
1411,1,Male,30,Hispanic,Mental health history,Mexican,Master Degree,Somewhat related,Unpersonalized,Average,10+ years,1
1412,1,Male,40,Black,None stated,German,Bachelor Degree,Somewhat related,Unpersonalized,Below average,0-2 years,0
1413,1,Female,50,Black,None stated,American,Bachelor Degree,Unrelated,Unpersonalized,Average,10+ years,0
1414,1,Female,35,Asian,None stated,Mexican,Associate Degree,Somewhat related,Unpersonalized,Above average,0-2 years,0
1415,1,Female,30,White,None stated,Indian,Bachelor Degree,Somewhat related,Personalized,Below average,0-2 years,0
1416,1,Male,35,Asian,Mental health history,German,Master Degree,Unrelated,Personalized,Below average,0-2 years,0
1417,1,Female,40,Asian,Physical disability,Mexican,Master Degree,Unrelated,Personalized,Above average,3-7 years,1
1418,1,Male,30,Hispanic,Physical disability,Mexican,Associate Degree,Unrelated,Personalized,Above average,10+ years,0
1419,1,Male,40,Asian,Physical disability,Canadian,Bachelor Degree,Closely related,Personalized,Below average,3-7 years,0
1420,1,Female,40,Hispanic,Mental health history,Mexican,Associate Degree,Unrelated,Personalized,Above average,0-2 years,0
1421,1,Female,40,White,Mental health history,Mexican,Associate Degree,Closely related,Personalized,Average,0-2 years,1
1422,1,Male,50,Asian,Mental health history,German,Bachelor Degree,Unrelated,Unpersonalized,Below average,10+ years,0
1423,1,Male,45,Asian,Mental health history,Indian,Master Degree,Unrelated,Personalized,Average,10+ years,1
1424,1,Female,40,White,Mental health history,German,Associate Degree,Somewhat related,Unpersonalized,Average,10+ years,1
1425,1,Non-binary,55,White,Mental health history,Mexican,Associate Degree,Closely related,Personalized,Average,10+ years,1
1426,1,Non-binary,30,Asian,None stated,Indian,Associate Degree,Closely related,Personalized,Average,10+ years,1
1427,1,Male,50,Hispanic,Mental health history,American,Bachelor Degree,Somewhat related,Unpersonalized,Above average,10+ years,1
1428,1,Male,45,White,Physical disability,Indian,Master Degree,Closely related,Unpersonalized,Below average,0-2 years,0
1429,1,Male,35,Asian,Mental health history,German,Bachelor Degree,Closely related,Unpersonalized,Average,0-2 years,0
1430,1,Female,50,Hispanic,None stated,Canadian,Bachelor Degree,Unrelated,Unpersonalized,Average,3-7 years,0
1431,1,Female,30,Black,Mental health history,German,Master Degree,Closely related,Unpersonalized,Above average,0-2 years,1
1432,1,Male,30,Black,Mental health history,American,Associate Degree,Somewhat related,Personalized,Average,10+ years,1
1433,1,Non-binary,50,Asian,None stated,American,Master Degree,Unrelated,Personalized,Above average,0-2 years,0
1434,1,Non-binary,40,Asian,Physical disability,German,Associate Degree,Closely related,Unpersonalized,Above average,10+ years,1
1435,1,Non-binary,50,White,Mental health history,German,Master Degree,Somewhat related,Unpersonalized,Below average,3-7 years,0
1436,1,Male,50,Asian,None stated,American,Bachelor Degree,Unrelated,Unpersonalized,Average,3-7 years,0
1437,1,Non-binary,45,White,Physical disability,American,Bachelor Degree,Somewhat related,Personalized,Above average,3-7 years,1
1438,1,Female,35,White,None stated,Indian,Associate Degree,Unrelated,Personalized,Above average,3-7 years,0
1439,1,Female,35,Black,Physical disability,Mexican,Associate Degree,Closely related,Personalized,Below average,3-7 years,1
1440,1,Male,30,Asian,Mental health history,Indian,Master Degree,Closely related,Unpersonalized,Below average,3-7 years,0
1441,1,Female,40,Hispanic,None stated,German,Associate Degree,Closely related,Unpersonalized,Below average,10+ years,0
1442,1,Male,35,Black,Mental health history,Indian,Bachelor Degree,Unrelated,Personalized,Below average,3-7 years,0
1443,1,Female,45,Black,None stated,Canadian,Associate Degree,Unrelated,Unpersonalized,Average,10+ years,0
1444,1,Female,35,Black,Physical disability,Indian,Bachelor Degree,Unrelated,Personalized,Above average,0-2 years,1
1445,1,Non-binary,35,White,None stated,Canadian,Master Degree,Closely related,Personalized,Below average,0-2 years,1
1446,1,Female,35,Black,Physical disability,Indian,Master Degree,Closely related,Personalized,Below average,0-2 years,1
1447,1,Male,45,White,Physical disability,Mexican,Bachelor Degree,Unrelated,Personalized,Average,10+ years,1
1448,1,Non-binary,35,Black,Physical disability,Canadian,Associate Degree,Somewhat related,Unpersonalized,Above average,3-7 years,1
1449,1,Female,55,Hispanic,None stated,Indian,Associate Degree,Closely related,Unpersonalized,Average,0-2 years,0
1450,1,Male,55,White,Mental health history,Indian,Master Degree,Somewhat related,Personalized,Average,3-7 years,1
1451,1,Female,35,Asian,Mental health history,American,Bachelor Degree,Closely related,Personalized,Average,0-2 years,1
1452,1,Female,50,Hispanic,Physical disability,Mexican,Master Degree,Somewhat related,Personalized,Average,10+ years,1
1453,1,Male,50,Asian,Physical disability,American,Bachelor Degree,Unrelated,Personalized,Average,3-7 years,1
1454,1,Male,30,Black,Mental health history,German,Master Degree,Unrelated,Personalized,Below average,0-2 years,0
1455,1,Male,55,Hispanic,Physical disability,Canadian,Associate Degree,Closely related,Unpersonalized,Above average,3-7 years,1
1456,1,Male,35,Hispanic,Mental health history,German,Master Degree,Somewhat related,Personalized,Above average,10+ years,1
1457,1,Non-binary,35,Asian,Mental health history,Mexican,Bachelor Degree,Somewhat related,Unpersonalized,Below average,10+ years,0
1458,1,Non-binary,40,Hispanic,None stated,German,Associate Degree,Closely related,Unpersonalized,Average,0-2 years,1
1459,1,Female,45,Black,None stated,American,Bachelor Degree,Somewhat related,Unpersonalized,Above average,10+ years,1
1460,1,Female,45,Asian,None stated,Canadian,Bachelor Degree,Somewhat related,Unpersonalized,Above average,0-2 years,0
1461,1,Female,55,White,Physical disability,American,Bachelor Degree,Somewhat related,Unpersonalized,Above average,3-7 years,1
1462,1,Female,30,Black,None stated,Canadian,Master Degree,Somewhat related,Unpersonalized,Average,10+ years,1
1463,1,Female,35,White,Mental health history,Mexican,Bachelor Degree,Closely related,Personalized,Below average,10+ years,1
1464,1,Male,50,Asian,Mental health history,American,Associate Degree,Somewhat related,Personalized,Below average,3-7 years,1
1465,1,Male,50,Asian,None stated,Canadian,Bachelor Degree,Somewhat related,Unpersonalized,Below average,0-2 years,0
1466,1,Female,50,White,Mental health history,Mexican,Bachelor Degree,Unrelated,Personalized,Below average,3-7 years,1
1467,1,Female,35,White,None stated,American,Bachelor Degree,Unrelated,Personalized,Above average,10+ years,0
1468,1,Non-binary,55,Hispanic,Mental health history,Indian,Bachelor Degree,Somewhat related,Unpersonalized,Above average,3-7 years,1
1469,1,Non-binary,50,Black,None stated,American,Master Degree,Unrelated,Personalized,Below average,3-7 years,0
1470,1,Male,45,White,Mental health history,Mexican,Master Degree,Unrelated,Unpersonalized,Below average,10+ years,0
1471,1,Male,55,White,Physical disability,Indian,Associate Degree,Unrelated,Personalized,Below average,10+ years,0
1472,1,Female,35,Hispanic,Physical disability,Mexican,Master Degree,Somewhat related,Unpersonalized,Below average,10+ years,0
1473,1,Male,55,Hispanic,None stated,Indian,Master Degree,Unrelated,Personalized,Average,0-2 years,0
1474,1,Male,55,Asian,Physical disability,Indian,Master Degree,Somewhat related,Unpersonalized,Average,10+ years,0
1475,1,Female,55,Black,Physical disability,German,Associate Degree,Somewhat related,Personalized,Above average,3-7 years,1
1476,1,Non-binary,35,Asian,Mental health history,German,Bachelor Degree,Somewhat related,Personalized,Below average,0-2 years,1
1477,1,Non-binary,30,Black,None stated,German,Associate Degree,Unrelated,Unpersonalized,Below average,0-2 years,0
1478,1,Non-binary,35,White,Mental health history,Indian,Associate Degree,Somewhat related,Unpersonalized,Below average,10+ years,1
1479,1,Non-binary,50,Black,Physical disability,German,Master Degree,Closely related,Personalized,Above average,10+ years,1
1480,1,Male,45,Hispanic,Physical disability,Indian,Master Degree,Unrelated,Unpersonalized,Below average,10+ years,0
1481,1,Male,55,White,None stated,Canadian,Associate Degree,Somewhat related,Unpersonalized,Above average,10+ years,0
1482,1,Non-binary,45,Black,Mental health history,Mexican,Master Degree,Somewhat related,Unpersonalized,Average,3-7 years,1
1483,1,Male,55,White,None stated,Canadian,Master Degree,Somewhat related,Personalized,Average,3-7 years,1
1484,1,Non-binary,55,Hispanic,Physical disability,German,Bachelor Degree,Unrelated,Personalized,Average,0-2 years,0
1485,1,Non-binary,40,White,None stated,Indian,Master Degree,Somewhat related,Unpersonalized,Average,0-2 years,0
1486,1,Male,40,Hispanic,Physical disability,Indian,Master Degree,Closely related,Personalized,Below average,3-7 years,1
1487,1,Female,50,Asian,Mental health history,Mexican,Master Degree,Closely related,Personalized,Average,0-2 years,1
1488,1,Non-binary,55,Asian,Mental health history,Canadian,Master Degree,Somewhat related,Unpersonalized,Average,3-7 years,1
1489,1,Non-binary,30,Asian,Mental health history,German,Bachelor Degree,Unrelated,Unpersonalized,Below average,0-2 years,0
1490,1,Male,35,White,Mental health history,American,Bachelor Degree,Unrelated,Personalized,Below average,3-7 years,0
1491,1,Non-binary,50,Asian,Mental health history,Canadian,Master Degree,Somewhat related,Unpersonalized,Above average,0-2 years,1
1492,1,Female,55,Asian,Mental health history,American,Master Degree,Unrelated,Unpersonalized,Below average,0-2 years,0
1493,1,Female,45,Hispanic,None stated,American,Associate Degree,Somewhat related,Unpersonalized,Average,3-7 years,0
1494,1,Male,35,Hispanic,Physical disability,German,Associate Degree,Somewhat related,Unpersonalized,Above average,10+ years,1
1495,1,Non-binary,40,Asian,Physical disability,American,Bachelor Degree,Somewhat related,Personalized,Below average,0-2 years,0
1496,1,Female,35,Hispanic,None stated,American,Master Degree,Somewhat related,Personalized,Above average,0-2 years,1
1497,1,Female,50,Black,Mental health history,Canadian,Bachelor Degree,Unrelated,Unpersonalized,Above average,3-7 years,0
1498,1,Non-binary,40,Asian,None stated,Canadian,Bachelor Degree,Somewhat related,Unpersonalized,Below average,3-7 years,0
1499,1,Male,35,White,Physical disability,Mexican,Bachelor Degree,Somewhat related,Personalized,Above average,10+ years,1
1500,1,Non-binary,50,Hispanic,Mental health history,Mexican,Associate Degree,Closely related,Personalized,Below average,0-2 years,0
1501,1,Female,30,Black,None stated,German,Bachelor Degree,Unrelated,Personalized,Average,0-2 years,0
1502,1,Male,40,Black,Physical disability,Indian,Master Degree,Somewhat related,Personalized,Below average,0-2 years,1
1503,1,Non-binary,50,Asian,Physical disability,Mexican,Associate Degree,Somewhat related,Unpersonalized,Average,3-7 years,1
1504,1,Female,40,Black,Mental health history,Canadian,Associate Degree,Somewhat related,Personalized,Average,0-2 years,0
1505,1,Non-binary,40,Black,None stated,Mexican,Master Degree,Closely related,Personalized,Above average,0-2 years,1
1506,1,Female,55,Black,None stated,American,Bachelor Degree,Somewhat related,Personalized,Average,10+ years,1
1507,1,Male,50,Black,None stated,Canadian,Associate Degree,Somewhat related,Unpersonalized,Average,10+ years,1
1508,1,Male,35,White,None stated,Canadian,Master Degree,Closely related,Unpersonalized,Average,10+ years,1
1509,1,Non-binary,40,Asian,None stated,Canadian,Bachelor Degree,Closely related,Unpersonalized,Above average,3-7 years,1
1510,1,Female,35,Asian,None stated,American,Master Degree,Unrelated,Unpersonalized,Average,3-7 years,0
1511,1,Male,40,Hispanic,None stated,Mexican,Master Degree,Closely related,Unpersonalized,Above average,3-7 years,1
1512,1,Non-binary,45,Hispanic,Physical disability,American,Bachelor Degree,Somewhat related,Unpersonalized,Average,0-2 years,0
1513,1,Non-binary,35,Asian,None stated,German,Master Degree,Unrelated,Unpersonalized,Average,10+ years,1
1514,1,Female,50,Black,Physical disability,American,Bachelor Degree,Somewhat related,Personalized,Average,10+ years,1
1515,1,Male,55,Asian,Physical disability,German,Bachelor Degree,Unrelated,Unpersonalized,Average,10+ years,0
1516,1,Non-binary,55,Black,Mental health history,German,Master Degree,Unrelated,Personalized,Above average,0-2 years,0
1517,1,Male,30,Black,None stated,Indian,Associate Degree,Somewhat related,Personalized,Above average,0-2 years,0
1518,1,Non-binary,35,Hispanic,Mental health history,Mexican,Master Degree,Closely related,Personalized,Average,0-2 years,1
1519,1,Non-binary,40,Black,Mental health history,German,Master Degree,Closely related,Unpersonalized,Below average,3-7 years,1
1520,1,Non-binary,50,Asian,None stated,Canadian,Bachelor Degree,Unrelated,Unpersonalized,Below average,10+ years,0
1521,1,Male,50,Hispanic,Physical disability,American,Bachelor Degree,Unrelated,Personalized,Average,3-7 years,1
1522,1,Male,45,Black,Mental health history,German,Bachelor Degree,Unrelated,Personalized,Average,0-2 years,0
1523,1,Non-binary,40,White,Physical disability,American,Master Degree,Unrelated,Unpersonalized,Average,10+ years,1
1524,1,Non-binary,30,White,Physical disability,American,Bachelor Degree,Unrelated,Personalized,Average,0-2 years,0
1525,1,Female,50,White,Mental health history,American,Master Degree,Unrelated,Personalized,Average,3-7 years,0
1526,1,Male,30,Black,Physical disability,Canadian,Associate Degree,Somewhat related,Personalized,Below average,3-7 years,1
1527,1,Male,30,Asian,Physical disability,American,Master Degree,Closely related,Unpersonalized,Average,0-2 years,1
1528,1,Male,50,White,Physical disability,American,Associate Degree,Closely related,Unpersonalized,Below average,3-7 years,0
1529,1,Non-binary,40,Hispanic,Physical disability,Mexican,Bachelor Degree,Closely related,Personalized,Average,10+ years,1
1530,1,Male,35,Black,None stated,Mexican,Bachelor Degree,Closely related,Personalized,Below average,0-2 years,0
1531,1,Female,30,Hispanic,Mental health history,Mexican,Bachelor Degree,Somewhat related,Personalized,Above average,0-2 years,1
1532,1,Non-binary,45,Asian,Mental health history,German,Bachelor Degree,Somewhat related,Unpersonalized,Below average,3-7 years,0
1533,1,Female,55,Hispanic,None stated,Mexican,Bachelor Degree,Unrelated,Unpersonalized,Average,0-2 years,0
1534,1,Female,40,White,Physical disability,Indian,Associate Degree,Somewhat related,Personalized,Below average,0-2 years,1
1535,1,Male,40,White,Mental health history,German,Bachelor Degree,Closely related,Personalized,Average,10+ years,1
1536,1,Male,45,Hispanic,None stated,Canadian,Master Degree,Unrelated,Personalized,Average,3-7 years,0
1537,1,Female,30,Asian,Physical disability,Mexican,Associate Degree,Unrelated,Personalized,Above average,10+ years,1
1538,1,Female,50,White,None stated,Mexican,Associate Degree,Unrelated,Personalized,Average,3-7 years,0
1539,1,Male,45,Asian,None stated,Mexican,Bachelor Degree,Unrelated,Personalized,Below average,3-7 years,0
1540,1,Male,50,Asian,Mental health history,Mexican,Associate Degree,Somewhat related,Personalized,Below average,3-7 years,0
1541,1,Female,40,Black,Mental health history,American,Associate Degree,Closely related,Personalized,Average,3-7 years,1
1542,1,Non-binary,35,White,None stated,German,Master Degree,Unrelated,Unpersonalized,Above average,0-2 years,0
1543,1,Female,50,Asian,Mental health history,American,Master Degree,Somewhat related,Personalized,Below average,10+ years,1
1544,1,Non-binary,50,Hispanic,None stated,Indian,Associate Degree,Unrelated,Personalized,Above average,3-7 years,0
1545,1,Male,45,Asian,None stated,Indian,Bachelor Degree,Closely related,Personalized,Above average,10+ years,1
1546,1,Non-binary,30,Asian,None stated,Indian,Master Degree,Somewhat related,Personalized,Below average,10+ years,1
1547,1,Non-binary,40,Black,None stated,Canadian,Bachelor Degree,Closely related,Personalized,Above average,10+ years,1
1548,1,Female,35,Hispanic,Mental health history,American,Bachelor Degree,Unrelated,Unpersonalized,Above average,3-7 years,0
1549,1,Female,35,Asian,Physical disability,American,Associate Degree,Closely related,Personalized,Below average,0-2 years,0
1550,1,Non-binary,45,Black,None stated,Mexican,Associate Degree,Closely related,Unpersonalized,Above average,0-2 years,0
1551,1,Male,30,Asian,None stated,Indian,Bachelor Degree,Unrelated,Personalized,Average,3-7 years,0
1552,1,Male,35,Asian,None stated,Canadian,Associate Degree,Closely related,Personalized,Below average,0-2 years,0
1553,1,Non-binary,50,White,None stated,German,Associate Degree,Unrelated,Personalized,Average,3-7 years,0
1554,1,Non-binary,30,Black,Mental health history,German,Master Degree,Somewhat related,Unpersonalized,Average,3-7 years,1
1555,1,Female,50,Asian,None stated,Indian,Master Degree,Unrelated,Personalized,Average,0-2 years,0
1556,1,Female,50,White,Physical disability,Mexican,Bachelor Degree,Somewhat related,Unpersonalized,Below average,3-7 years,0
1557,1,Non-binary,50,White,None stated,Indian,Bachelor Degree,Somewhat related,Unpersonalized,Below average,3-7 years,0
1558,1,Male,50,Black,Mental health history,American,Master Degree,Unrelated,Unpersonalized,Above average,10+ years,0
1559,1,Male,30,White,Physical disability,Indian,Master Degree,Unrelated,Unpersonalized,Average,3-7 years,0
1560,1,Male,50,Asian,Mental health history,Canadian,Associate Degree,Closely related,Unpersonalized,Below average,10+ years,0
1561,1,Male,50,Asian,None stated,American,Associate Degree,Closely related,Personalized,Above average,3-7 years,1
1562,1,Female,40,Hispanic,Physical disability,German,Associate Degree,Closely related,Unpersonalized,Below average,10+ years,0
1563,1,Non-binary,30,Asian,None stated,German,Associate Degree,Closely related,Personalized,Average,3-7 years,1
1564,1,Female,45,Black,Physical disability,American,Associate Degree,Somewhat related,Personalized,Above average,3-7 years,1
1565,1,Female,40,Hispanic,Mental health history,Mexican,Master Degree,Somewhat related,Personalized,Average,3-7 years,1
1566,1,Female,30,Hispanic,Mental health history,Canadian,Master Degree,Somewhat related,Unpersonalized,Above average,10+ years,1
1567,1,Female,55,Hispanic,None stated,German,Associate Degree,Unrelated,Unpersonalized,Below average,0-2 years,0
1568,1,Non-binary,30,Asian,Physical disability,Mexican,Associate Degree,Closely related,Personalized,Average,3-7 years,1
1569,1,Male,50,Asian,Mental health history,American,Bachelor Degree,Closely related,Personalized,Average,10+ years,1
1570,1,Female,55,Black,Mental health history,American,Master Degree,Unrelated,Unpersonalized,Above average,0-2 years,0
1571,1,Female,55,Black,Mental health history,Canadian,Master Degree,Somewhat related,Personalized,Average,0-2 years,0
1572,1,Male,45,Asian,Mental health history,Canadian,Associate Degree,Closely related,Unpersonalized,Above average,10+ years,1
1573,1,Non-binary,35,Hispanic,None stated,Mexican,Master Degree,Unrelated,Unpersonalized,Below average,3-7 years,0
1574,1,Male,35,Black,Physical disability,German,Bachelor Degree,Closely related,Personalized,Above average,0-2 years,1
1575,1,Non-binary,55,White,Mental health history,American,Associate Degree,Unrelated,Personalized,Above average,3-7 years,0
1576,1,Female,50,Asian,None stated,Canadian,Bachelor Degree,Closely related,Personalized,Above average,10+ years,1
1577,1,Non-binary,55,White,None stated,Indian,Master Degree,Somewhat related,Unpersonalized,Above average,3-7 years,1
1578,1,Male,45,White,Physical disability,German,Master Degree,Unrelated,Personalized,Above average,10+ years,1
1579,1,Male,30,Hispanic,Physical disability,Indian,Bachelor Degree,Unrelated,Personalized,Below average,0-2 years,0
1580,1,Female,35,Asian,Physical disability,German,Associate Degree,Unrelated,Unpersonalized,Above average,3-7 years,0
1581,1,Female,35,Hispanic,Physical disability,Canadian,Associate Degree,Somewhat related,Unpersonalized,Above average,10+ years,1
1582,1,Non-binary,35,White,None stated,American,Associate Degree,Unrelated,Unpersonalized,Average,0-2 years,0
1583,1,Male,55,Asian,Mental health history,American,Associate Degree,Somewhat related,Personalized,Below average,3-7 years,0
1584,1,Non-binary,50,Hispanic,None stated,American,Master Degree,Somewhat related,Personalized,Below average,10+ years,0
1585,1,Male,40,Black,Mental health history,Indian,Master Degree,Unrelated,Unpersonalized,Average,0-2 years,0
1586,1,Non-binary,40,Black,None stated,Mexican,Master Degree,Somewhat related,Unpersonalized,Average,10+ years,1
1587,1,Male,55,Hispanic,None stated,Indian,Bachelor Degree,Unrelated,Unpersonalized,Above average,3-7 years,0
1588,1,Male,40,Asian,None stated,American,Master Degree,Unrelated,Unpersonalized,Average,0-2 years,0
1589,1,Non-binary,35,Black,None stated,German,Associate Degree,Somewhat related,Personalized,Below average,10+ years,1
1590,1,Female,30,White,Physical disability,Indian,Master Degree,Unrelated,Personalized,Average,3-7 years,1
1591,1,Non-binary,30,Black,Physical disability,Mexican,Master Degree,Unrelated,Personalized,Below average,3-7 years,1
1592,1,Non-binary,50,Black,Physical disability,Indian,Associate Degree,Unrelated,Personalized,Average,3-7 years,0
1593,1,Non-binary,45,Asian,Mental health history,Canadian,Associate Degree,Closely related,Personalized,Average,3-7 years,1
1594,1,Non-binary,40,Asian,Mental health history,Canadian,Master Degree,Somewhat related,Personalized,Above average,0-2 years,1
1595,1,Non-binary,55,Hispanic,None stated,Mexican,Associate Degree,Unrelated,Personalized,Below average,3-7 years,0
1596,1,Non-binary,55,Black,None stated,Mexican,Bachelor Degree,Unrelated,Personalized,Above average,10+ years,1
1597,1,Male,50,Hispanic,Mental health history,American,Master Degree,Closely related,Unpersonalized,Below average,0-2 years,0
1598,1,Non-binary,55,White,Mental health history,Canadian,Associate Degree,Somewhat related,Personalized,Below average,3-7 years,0
1599,1,Non-binary,30,Black,None stated,Indian,Master Degree,Closely related,Unpersonalized,Below average,3-7 years,0
1600,1,Male,40,Black,Mental health history,Canadian,Associate Degree,Unrelated,Unpersonalized,Above average,0-2 years,0
1601,1,Male,55,Hispanic,Mental health history,Canadian,Bachelor Degree,Somewhat related,Unpersonalized,Below average,0-2 years,0
1602,1,Male,55,Black,Physical disability,Canadian,Bachelor Degree,Unrelated,Unpersonalized,Average,0-2 years,0
1603,1,Female,45,Hispanic,Mental health history,German,Associate Degree,Unrelated,Personalized,Above average,10+ years,1
1604,1,Female,40,Black,Physical disability,German,Master Degree,Closely related,Personalized,Above average,3-7 years,1
1605,1,Female,40,White,Mental health history,Canadian,Master Degree,Somewhat related,Personalized,Above average,0-2 years,1
1606,1,Non-binary,50,Black,Mental health history,American,Associate Degree,Unrelated,Unpersonalized,Above average,3-7 years,1
1607,1,Male,30,Asian,None stated,American,Master Degree,Unrelated,Personalized,Above average,3-7 years,0
1608,1,Non-binary,30,Black,Mental health history,Canadian,Associate Degree,Closely related,Personalized,Below average,0-2 years,1
1609,1,Male,50,White,Physical disability,German,Bachelor Degree,Closely related,Personalized,Average,0-2 years,1
1610,1,Male,30,Hispanic,Mental health history,Canadian,Associate Degree,Closely related,Unpersonalized,Average,3-7 years,0
1611,1,Non-binary,55,Asian,None stated,Mexican,Bachelor Degree,Unrelated,Personalized,Below average,3-7 years,0
1612,1,Non-binary,45,Black,Physical disability,Mexican,Bachelor Degree,Somewhat related,Personalized,Above average,3-7 years,1
1613,1,Non-binary,55,Asian,Mental health history,Canadian,Bachelor Degree,Unrelated,Personalized,Below average,3-7 years,0
1614,1,Female,50,Asian,None stated,Canadian,Associate Degree,Unrelated,Unpersonalized,Above average,3-7 years,0
1615,1,Non-binary,50,Black,Mental health history,Mexican,Bachelor Degree,Closely related,Unpersonalized,Below average,10+ years,0
1616,1,Non-binary,30,Black,Mental health history,Mexican,Bachelor Degree,Somewhat related,Personalized,Below average,0-2 years,0
1617,1,Non-binary,45,Hispanic,None stated,Indian,Associate Degree,Unrelated,Unpersonalized,Above average,10+ years,1
1618,1,Non-binary,40,White,Physical disability,American,Master Degree,Closely related,Personalized,Above average,3-7 years,1
1619,1,Female,50,Asian,Mental health history,Canadian,Associate Degree,Somewhat related,Unpersonalized,Average,0-2 years,0
1620,1,Female,40,Black,Physical disability,Mexican,Associate Degree,Unrelated,Unpersonalized,Below average,3-7 years,0
1621,1,Non-binary,35,Asian,Physical disability,Mexican,Bachelor Degree,Closely related,Unpersonalized,Below average,3-7 years,0
1622,1,Female,40,Asian,Mental health history,Canadian,Master Degree,Somewhat related,Personalized,Above average,0-2 years,1
1623,1,Female,30,Black,None stated,Mexican,Bachelor Degree,Somewhat related,Unpersonalized,Below average,10+ years,0
1624,1,Non-binary,30,Hispanic,Physical disability,Canadian,Associate Degree,Unrelated,Personalized,Above average,10+ years,0
1625,1,Non-binary,45,White,Physical disability,Mexican,Associate Degree,Unrelated,Unpersonalized,Below average,10+ years,0
1626,1,Male,35,Asian,None stated,German,Master Degree,Unrelated,Personalized,Above average,10+ years,1
1627,1,Female,40,Asian,None stated,Canadian,Master Degree,Closely related,Personalized,Average,0-2 years,1
1628,1,Non-binary,50,White,None stated,Mexican,Bachelor Degree,Unrelated,Personalized,Below average,3-7 years,0
1629,1,Non-binary,40,Black,None stated,American,Master Degree,Unrelated,Personalized,Below average,10+ years,1
1630,1,Male,55,White,Mental health history,Indian,Master Degree,Closely related,Unpersonalized,Above average,0-2 years,0
1631,1,Non-binary,30,Hispanic,None stated,German,Associate Degree,Closely related,Personalized,Below average,10+ years,1
1632,1,Female,45,White,None stated,Mexican,Associate Degree,Unrelated,Unpersonalized,Above average,0-2 years,0
1633,1,Male,40,Asian,Physical disability,American,Associate Degree,Closely related,Personalized,Average,10+ years,1
1634,1,Non-binary,40,White,None stated,German,Bachelor Degree,Unrelated,Unpersonalized,Above average,3-7 years,0
1635,1,Non-binary,55,Hispanic,Mental health history,Mexican,Bachelor Degree,Unrelated,Personalized,Below average,10+ years,0
1636,1,Non-binary,55,Black,Physical disability,Canadian,Associate Degree,Closely related,Unpersonalized,Average,0-2 years,0
1637,1,Male,30,Black,Mental health history,German,Associate Degree,Somewhat related,Personalized,Average,0-2 years,1
1638,1,Male,45,White,None stated,German,Master Degree,Unrelated,Personalized,Below average,10+ years,0
1639,1,Female,45,Black,None stated,American,Associate Degree,Somewhat related,Personalized,Average,3-7 years,1
1640,1,Non-binary,40,White,Mental health history,German,Master Degree,Somewhat related,Personalized,Average,0-2 years,1
1641,1,Non-binary,40,Asian,Physical disability,Mexican,Bachelor Degree,Unrelated,Unpersonalized,Average,10+ years,0
1642,1,Female,30,Black,Physical disability,Indian,Master Degree,Unrelated,Personalized,Below average,10+ years,0
1643,1,Female,30,Black,Mental health history,Indian,Bachelor Degree,Somewhat related,Personalized,Average,3-7 years,1
1644,1,Male,35,Black,None stated,Mexican,Master Degree,Somewhat related,Personalized,Above average,3-7 years,1
1645,1,Non-binary,30,White,Physical disability,Indian,Associate Degree,Unrelated,Unpersonalized,Average,10+ years,0
1646,1,Non-binary,55,Hispanic,None stated,Indian,Bachelor Degree,Somewhat related,Personalized,Above average,3-7 years,1
1647,1,Non-binary,50,Black,None stated,American,Bachelor Degree,Unrelated,Personalized,Above average,10+ years,1
1648,1,Non-binary,35,White,Mental health history,Canadian,Bachelor Degree,Closely related,Unpersonalized,Above average,10+ years,1
1649,1,Non-binary,30,White,Mental health history,Indian,Associate Degree,Closely related,Personalized,Above average,3-7 years,1
1650,1,Non-binary,30,Hispanic,Physical disability,Indian,Master Degree,Unrelated,Unpersonalized,Below average,3-7 years,0
1651,1,Male,40,Hispanic,Physical disability,Indian,Bachelor Degree,Unrelated,Personalized,Below average,10+ years,0
1652,1,Female,35,White,Physical disability,Canadian,Associate Degree,Closely related,Unpersonalized,Above average,3-7 years,1
1653,1,Male,45,White,None stated,German,Associate Degree,Unrelated,Personalized,Above average,10+ years,0
1654,1,Female,40,Black,Mental health history,Canadian,Associate Degree,Somewhat related,Personalized,Below average,0-2 years,0
1655,1,Male,40,White,None stated,Indian,Master Degree,Closely related,Unpersonalized,Below average,3-7 years,0
1656,1,Male,45,Asian,Mental health history,Canadian,Master Degree,Unrelated,Personalized,Average,3-7 years,1
1657,1,Non-binary,55,Asian,Physical disability,Indian,Associate Degree,Closely related,Personalized,Below average,0-2 years,0
1658,1,Female,40,White,None stated,German,Bachelor Degree,Somewhat related,Personalized,Average,3-7 years,1
1659,1,Non-binary,55,Asian,Mental health history,American,Master Degree,Unrelated,Unpersonalized,Below average,10+ years,0
1660,1,Non-binary,30,Hispanic,Physical disability,Canadian,Bachelor Degree,Unrelated,Personalized,Above average,3-7 years,1
1661,1,Female,30,Hispanic,Mental health history,Canadian,Associate Degree,Somewhat related,Personalized,Below average,3-7 years,0
1662,1,Male,55,Black,None stated,Indian,Master Degree,Closely related,Personalized,Below average,0-2 years,0
1663,1,Female,40,Black,Physical disability,German,Bachelor Degree,Closely related,Personalized,Average,10+ years,1
1664,1,Female,55,White,None stated,German,Bachelor Degree,Unrelated,Personalized,Above average,3-7 years,0
1665,1,Male,45,White,Physical disability,Mexican,Master Degree,Closely related,Unpersonalized,Above average,0-2 years,0
1666,1,Female,45,Asian,Mental health history,Mexican,Associate Degree,Unrelated,Personalized,Average,10+ years,1
1667,1,Non-binary,35,Black,Mental health history,Mexican,Associate Degree,Closely related,Unpersonalized,Average,10+ years,1
1668,1,Female,35,Asian,Mental health history,Canadian,Bachelor Degree,Closely related,Unpersonalized,Above average,10+ years,1
1669,1,Male,40,Black,Physical disability,Mexican,Associate Degree,Unrelated,Unpersonalized,Above average,10+ years,0
1670,1,Non-binary,50,Black,Physical disability,German,Associate Degree,Unrelated,Unpersonalized,Above average,0-2 years,0
1671,1,Non-binary,40,Hispanic,Mental health history,American,Associate Degree,Unrelated,Unpersonalized,Below average,3-7 years,0
1672,1,Male,40,Hispanic,None stated,German,Master Degree,Closely related,Personalized,Average,10+ years,1
1673,1,Female,55,Hispanic,Mental health history,Indian,Master Degree,Somewhat related,Unpersonalized,Above average,10+ years,1
1674,1,Female,50,White,None stated,Mexican,Master Degree,Somewhat related,Personalized,Average,0-2 years,1
1675,1,Female,40,Hispanic,Physical disability,Mexican,Associate Degree,Unrelated,Unpersonalized,Average,10+ years,0
1676,1,Female,50,Black,None stated,Mexican,Master Degree,Closely related,Unpersonalized,Below average,10+ years,1
1677,1,Female,45,Black,Physical disability,Mexican,Bachelor Degree,Closely related,Personalized,Below average,10+ years,1
1678,1,Male,40,White,None stated,Mexican,Associate Degree,Unrelated,Personalized,Below average,3-7 years,0
1679,1,Male,50,Asian,Mental health history,Canadian,Master Degree,Somewhat related,Personalized,Below average,3-7 years,1
1680,1,Female,50,Hispanic,Mental health history,Mexican,Associate Degree,Unrelated,Personalized,Average,3-7 years,1
1681,1,Female,30,Black,Physical disability,Mexican,Bachelor Degree,Closely related,Personalized,Average,10+ years,1
1682,1,Female,50,Hispanic,Mental health history,Canadian,Associate Degree,Closely related,Personalized,Below average,0-2 years,0
1683,1,Female,35,White,Physical disability,Mexican,Bachelor Degree,Somewhat related,Unpersonalized,Above average,3-7 years,1
1684,1,Non-binary,30,Hispanic,Physical disability,Mexican,Bachelor Degree,Somewhat related,Unpersonalized,Below average,3-7 years,1
1685,1,Female,30,Black,Physical disability,Indian,Bachelor Degree,Somewhat related,Unpersonalized,Above average,0-2 years,1
1686,1,Female,50,Hispanic,Physical disability,Canadian,Bachelor Degree,Closely related,Personalized,Above average,3-7 years,1
1687,1,Non-binary,40,White,Physical disability,Mexican,Bachelor Degree,Somewhat related,Personalized,Average,10+ years,1
1688,1,Female,35,Black,Mental health history,Canadian,Bachelor Degree,Somewhat related,Personalized,Below average,10+ years,1
1689,1,Non-binary,35,Asian,Mental health history,Mexican,Bachelor Degree,Closely related,Personalized,Below average,10+ years,1
1690,1,Non-binary,40,Black,Mental health history,Indian,Bachelor Degree,Somewhat related,Unpersonalized,Average,3-7 years,1
1691,1,Non-binary,30,Asian,Mental health history,Indian,Master Degree,Unrelated,Unpersonalized,Above average,10+ years,0
1692,1,Female,45,Asian,Mental health history,German,Bachelor Degree,Closely related,Personalized,Above average,10+ years,1
1693,1,Female,30,Asian,Physical disability,Indian,Master Degree,Closely related,Unpersonalized,Average,0-2 years,0
1694,1,Female,30,Asian,Physical disability,Mexican,Bachelor Degree,Closely related,Personalized,Below average,10+ years,1
1695,1,Female,40,Asian,None stated,American,Associate Degree,Somewhat related,Unpersonalized,Above average,0-2 years,0
1696,1,Non-binary,55,Hispanic,Physical disability,Mexican,Bachelor Degree,Somewhat related,Unpersonalized,Average,0-2 years,1
1697,1,Non-binary,40,Black,Physical disability,Indian,Bachelor Degree,Unrelated,Personalized,Above average,0-2 years,0
1698,1,Female,50,White,Mental health history,German,Bachelor Degree,Unrelated,Personalized,Average,10+ years,0
1699,1,Non-binary,35,Black,Mental health history,Canadian,Associate Degree,Unrelated,Personalized,Above average,10+ years,1
1700,1,Male,40,Black,Mental health history,German,Associate Degree,Somewhat related,Personalized,Average,10+ years,1
1701,1,Non-binary,40,Black,Physical disability,Canadian,Bachelor Degree,Closely related,Personalized,Above average,10+ years,1
1702,1,Male,30,Asian,None stated,American,Associate Degree,Closely related,Unpersonalized,Above average,0-2 years,0
1703,1,Female,50,Asian,Mental health history,Mexican,Bachelor Degree,Somewhat related,Unpersonalized,Below average,10+ years,0
1704,1,Male,45,Asian,Physical disability,Canadian,Associate Degree,Somewhat related,Unpersonalized,Below average,0-2 years,0
1705,1,Male,30,Black,None stated,Mexican,Associate Degree,Unrelated,Personalized,Above average,10+ years,0
1706,1,Male,55,Hispanic,Mental health history,German,Bachelor Degree,Closely related,Personalized,Below average,0-2 years,0
1707,1,Male,55,Asian,Physical disability,Canadian,Associate Degree,Unrelated,Unpersonalized,Average,10+ years,0
1708,1,Non-binary,45,Black,Physical disability,Canadian,Master Degree,Somewhat related,Personalized,Average,10+ years,1
1709,1,Non-binary,35,Hispanic,None stated,Indian,Associate Degree,Somewhat related,Personalized,Average,0-2 years,0
1710,1,Female,55,Asian,None stated,German,Associate Degree,Somewhat related,Personalized,Below average,10+ years,0
1711,1,Female,40,Asian,Physical disability,Canadian,Associate Degree,Unrelated,Unpersonalized,Below average,10+ years,0
1712,1,Female,55,White,Physical disability,Canadian,Associate Degree,Unrelated,Personalized,Average,0-2 years,0
1713,1,Male,50,White,None stated,German,Associate Degree,Closely related,Unpersonalized,Average,10+ years,0
1714,1,Female,30,White,Physical disability,Indian,Master Degree,Unrelated,Personalized,Above average,0-2 years,0
1715,1,Female,35,White,Mental health history,Mexican,Master Degree,Closely related,Personalized,Below average,10+ years,1
1716,1,Female,45,Black,Mental health history,Canadian,Bachelor Degree,Unrelated,Personalized,Average,10+ years,1
1717,1,Female,35,White,Physical disability,German,Master Degree,Somewhat related,Unpersonalized,Below average,10+ years,0
1718,1,Female,40,Black,Physical disability,Mexican,Master Degree,Somewhat related,Unpersonalized,Below average,3-7 years,0
1719,1,Female,55,Asian,Mental health history,Canadian,Master Degree,Unrelated,Unpersonalized,Above average,10+ years,0
1720,1,Female,45,Asian,None stated,American,Master Degree,Unrelated,Unpersonalized,Above average,3-7 years,1
1721,1,Non-binary,45,Asian,None stated,German,Bachelor Degree,Somewhat related,Unpersonalized,Average,10+ years,1
1722,1,Female,35,White,None stated,Mexican,Master Degree,Somewhat related,Personalized,Average,3-7 years,1
1723,1,Female,45,Hispanic,Mental health history,American,Master Degree,Unrelated,Unpersonalized,Above average,10+ years,0
1724,1,Male,40,Black,Physical disability,Canadian,Bachelor Degree,Unrelated,Unpersonalized,Above average,10+ years,0
1725,1,Male,50,Black,Physical disability,American,Master Degree,Somewhat related,Unpersonalized,Above average,10+ years,1
1726,1,Non-binary,50,White,None stated,German,Master Degree,Closely related,Unpersonalized,Above average,3-7 years,1
1727,1,Non-binary,55,Black,Mental health history,Canadian,Associate Degree,Unrelated,Unpersonalized,Above average,3-7 years,0
1728,1,Male,50,Asian,Physical disability,Indian,Master Degree,Unrelated,Unpersonalized,Above average,10+ years,0
1729,1,Non-binary,50,White,Mental health history,German,Associate Degree,Somewhat related,Unpersonalized,Above average,3-7 years,1
1730,1,Non-binary,30,Hispanic,Physical disability,German,Master Degree,Closely related,Personalized,Below average,10+ years,1
1731,1,Non-binary,30,Hispanic,None stated,Mexican,Bachelor Degree,Somewhat related,Unpersonalized,Below average,10+ years,1
1732,1,Male,40,Hispanic,Mental health history,Canadian,Associate Degree,Unrelated,Personalized,Below average,3-7 years,0
1733,1,Male,40,Hispanic,Physical disability,American,Associate Degree,Unrelated,Personalized,Average,0-2 years,0
1734,1,Non-binary,40,Hispanic,None stated,Canadian,Bachelor Degree,Somewhat related,Unpersonalized,Below average,3-7 years,0
1735,1,Female,50,Asian,Mental health history,Mexican,Bachelor Degree,Closely related,Unpersonalized,Average,0-2 years,0
1736,1,Female,55,Asian,Physical disability,Mexican,Master Degree,Closely related,Unpersonalized,Above average,0-2 years,1
1737,1,Male,35,Asian,Physical disability,American,Bachelor Degree,Closely related,Unpersonalized,Average,3-7 years,1
1738,1,Female,30,Asian,Mental health history,Mexican,Master Degree,Somewhat related,Personalized,Below average,10+ years,1
1739,1,Male,35,Hispanic,None stated,American,Associate Degree,Somewhat related,Unpersonalized,Below average,10+ years,1
1740,1,Non-binary,30,Hispanic,Mental health history,Indian,Master Degree,Unrelated,Personalized,Below average,3-7 years,0
1741,1,Non-binary,50,Hispanic,Physical disability,Indian,Master Degree,Closely related,Unpersonalized,Average,3-7 years,1
1742,1,Male,45,Black,None stated,German,Master Degree,Closely related,Unpersonalized,Average,0-2 years,0
1743,1,Male,30,Hispanic,Physical disability,Canadian,Bachelor Degree,Unrelated,Unpersonalized,Below average,0-2 years,0
1744,1,Non-binary,40,White,None stated,American,Master Degree,Closely related,Unpersonalized,Below average,10+ years,0
1745,1,Non-binary,35,Asian,None stated,Indian,Associate Degree,Unrelated,Unpersonalized,Below average,3-7 years,0
1746,1,Male,35,White,Physical disability,Canadian,Bachelor Degree,Closely related,Unpersonalized,Average,0-2 years,0
1747,1,Female,40,Asian,Physical disability,Mexican,Master Degree,Closely related,Personalized,Above average,10+ years,1
1748,1,Male,35,Hispanic,Physical disability,Canadian,Master Degree,Closely related,Unpersonalized,Average,0-2 years,1
1749,1,Non-binary,40,White,Mental health history,Mexican,Bachelor Degree,Closely related,Unpersonalized,Above average,10+ years,1
1750,1,Female,40,White,None stated,American,Associate Degree,Somewhat related,Personalized,Below average,0-2 years,0
1751,1,Female,30,White,Physical disability,Indian,Bachelor Degree,Closely related,Personalized,Above average,3-7 years,1
1752,1,Male,30,Hispanic,None stated,American,Bachelor Degree,Unrelated,Unpersonalized,Below average,0-2 years,0
1753,1,Female,40,Asian,Physical disability,Mexican,Master Degree,Somewhat related,Unpersonalized,Above average,0-2 years,0
1754,1,Non-binary,30,Hispanic,Mental health history,American,Associate Degree,Somewhat related,Personalized,Above average,10+ years,1
1755,1,Male,45,Black,Mental health history,Indian,Bachelor Degree,Closely related,Unpersonalized,Above average,0-2 years,1
1756,1,Female,35,Hispanic,None stated,Canadian,Associate Degree,Closely related,Unpersonalized,Below average,10+ years,0
1757,1,Male,40,Black,Mental health history,Mexican,Associate Degree,Unrelated,Personalized,Average,3-7 years,0
1758,1,Female,45,Black,Mental health history,Mexican,Associate Degree,Closely related,Personalized,Below average,0-2 years,1
1759,1,Female,50,Hispanic,Mental health history,German,Associate Degree,Closely related,Unpersonalized,Below average,3-7 years,0
1760,1,Female,50,Hispanic,None stated,German,Bachelor Degree,Closely related,Personalized,Above average,10+ years,1
1761,1,Male,35,Hispanic,Physical disability,German,Bachelor Degree,Closely related,Unpersonalized,Above average,3-7 years,1
1762,1,Non-binary,55,Hispanic,Mental health history,Canadian,Associate Degree,Unrelated,Unpersonalized,Average,0-2 years,0
1763,1,Female,40,White,None stated,Mexican,Master Degree,Somewhat related,Personalized,Below average,3-7 years,1
1764,1,Female,35,Hispanic,None stated,Indian,Master Degree,Unrelated,Unpersonalized,Below average,10+ years,0
1765,1,Non-binary,45,Hispanic,Physical disability,Indian,Bachelor Degree,Somewhat related,Unpersonalized,Above average,3-7 years,1
1766,1,Female,55,White,None stated,German,Associate Degree,Unrelated,Unpersonalized,Below average,3-7 years,0
1767,1,Male,35,Black,Physical disability,German,Bachelor Degree,Closely related,Unpersonalized,Above average,3-7 years,1
1768,1,Male,45,Hispanic,Mental health history,Canadian,Master Degree,Somewhat related,Personalized,Below average,0-2 years,0
1769,1,Non-binary,30,Hispanic,Mental health history,Canadian,Bachelor Degree,Closely related,Personalized,Average,0-2 years,1
1770,1,Female,30,Hispanic,Mental health history,American,Bachelor Degree,Unrelated,Unpersonalized,Below average,0-2 years,0
1771,1,Female,35,Asian,None stated,Canadian,Master Degree,Somewhat related,Personalized,Above average,10+ years,1
1772,1,Female,35,White,None stated,German,Master Degree,Unrelated,Personalized,Above average,0-2 years,0
1773,1,Female,40,Black,Physical disability,Mexican,Associate Degree,Somewhat related,Unpersonalized,Below average,10+ years,0
1774,1,Male,30,Black,None stated,Indian,Associate Degree,Closely related,Unpersonalized,Below average,3-7 years,0
1775,1,Male,55,White,Physical disability,Canadian,Bachelor Degree,Unrelated,Unpersonalized,Above average,0-2 years,0
1776,1,Female,30,Black,None stated,Canadian,Master Degree,Unrelated,Personalized,Above average,0-2 years,0
1777,1,Non-binary,30,Black,None stated,Canadian,Master Degree,Closely related,Personalized,Average,10+ years,1
1778,1,Non-binary,35,White,None stated,Mexican,Bachelor Degree,Somewhat related,Personalized,Above average,3-7 years,1
1779,1,Male,30,Black,Mental health history,Indian,Associate Degree,Somewhat related,Unpersonalized,Above average,10+ years,1
1780,1,Non-binary,50,Black,Physical disability,German,Master Degree,Unrelated,Personalized,Above average,0-2 years,1
1781,1,Female,30,Asian,Mental health history,German,Bachelor Degree,Unrelated,Personalized,Below average,10+ years,0
1782,1,Non-binary,35,White,Mental health history,Canadian,Bachelor Degree,Closely related,Personalized,Average,0-2 years,1
1783,1,Male,40,Black,Physical disability,German,Bachelor Degree,Unrelated,Personalized,Below average,0-2 years,0
1784,1,Male,40,Black,None stated,Indian,Bachelor Degree,Somewhat related,Unpersonalized,Below average,0-2 years,0
1785,1,Male,40,White,Mental health history,German,Associate Degree,Unrelated,Personalized,Average,3-7 years,1
1786,1,Female,40,Black,Mental health history,Mexican,Associate Degree,Unrelated,Unpersonalized,Above average,10+ years,0
1787,1,Female,45,Asian,None stated,German,Master Degree,Unrelated,Personalized,Average,10+ years,0
1788,1,Female,50,Hispanic,None stated,American,Master Degree,Closely related,Unpersonalized,Average,10+ years,1
1789,1,Male,45,Hispanic,Mental health history,Canadian,Associate Degree,Somewhat related,Unpersonalized,Below average,0-2 years,0
1790,1,Non-binary,40,White,None stated,Mexican,Associate Degree,Somewhat related,Personalized,Average,10+ years,1
1791,1,Female,40,Hispanic,Mental health history,American,Associate Degree,Unrelated,Personalized,Below average,3-7 years,0
1792,1,Male,35,Black,Mental health history,Mexican,Master Degree,Somewhat related,Unpersonalized,Below average,3-7 years,0
1793,1,Male,55,Asian,Physical disability,Canadian,Bachelor Degree,Somewhat related,Personalized,Average,10+ years,1
1794,1,Female,30,Asian,Physical disability,Canadian,Bachelor Degree,Unrelated,Unpersonalized,Average,10+ years,1
1795,1,Male,45,Hispanic,Mental health history,Canadian,Master Degree,Unrelated,Personalized,Below average,3-7 years,0
1796,1,Non-binary,50,Hispanic,Mental health history,American,Bachelor Degree,Somewhat related,Personalized,Below average,10+ years,1
1797,1,Male,35,White,None stated,Canadian,Associate Degree,Somewhat related,Personalized,Above average,3-7 years,1
1798,1,Male,40,Hispanic,Physical disability,American,Master Degree,Unrelated,Unpersonalized,Average,10+ years,0
1799,1,Female,30,Black,None stated,Canadian,Bachelor Degree,Closely related,Personalized,Above average,10+ years,1
1800,1,Non-binary,55,White,Physical disability,Canadian,Associate Degree,Unrelated,Unpersonalized,Above average,3-7 years,1
1801,1,Male,40,Black,Mental health history,American,Bachelor Degree,Unrelated,Personalized,Below average,0-2 years,0
1802,1,Male,50,Hispanic,None stated,Mexican,Master Degree,Somewhat related,Unpersonalized,Above average,3-7 years,1
1803,1,Male,30,Hispanic,None stated,Indian,Associate Degree,Closely related,Unpersonalized,Below average,3-7 years,0
1804,1,Male,40,Black,None stated,Mexican,Master Degree,Unrelated,Unpersonalized,Below average,3-7 years,0
1805,1,Male,50,White,Mental health history,German,Associate Degree,Closely related,Personalized,Average,3-7 years,1
1806,1,Non-binary,50,Black,None stated,Mexican,Bachelor Degree,Unrelated,Personalized,Above average,0-2 years,0
1807,1,Female,50,White,Physical disability,American,Master Degree,Unrelated,Unpersonalized,Above average,3-7 years,0
1808,1,Male,55,Hispanic,None stated,American,Master Degree,Unrelated,Personalized,Below average,10+ years,0
1809,1,Female,30,Hispanic,Mental health history,Canadian,Master Degree,Unrelated,Personalized,Below average,0-2 years,0
1810,1,Female,40,Black,Physical disability,Indian,Associate Degree,Somewhat related,Unpersonalized,Above average,3-7 years,1
1811,1,Male,50,Asian,Physical disability,American,Associate Degree,Somewhat related,Unpersonalized,Above average,3-7 years,1
1812,1,Non-binary,30,Hispanic,None stated,German,Associate Degree,Closely related,Personalized,Average,3-7 years,1
1813,1,Female,35,White,Mental health history,Canadian,Associate Degree,Somewhat related,Unpersonalized,Below average,10+ years,0
1814,1,Non-binary,35,White,None stated,Canadian,Bachelor Degree,Unrelated,Personalized,Average,3-7 years,1
1815,1,Non-binary,55,White,Mental health history,German,Master Degree,Unrelated,Personalized,Below average,3-7 years,0
1816,1,Male,45,Black,None stated,Canadian,Bachelor Degree,Closely related,Personalized,Below average,0-2 years,0
1817,1,Non-binary,35,White,Physical disability,Mexican,Associate Degree,Somewhat related,Unpersonalized,Above average,3-7 years,1
1818,1,Non-binary,50,Hispanic,None stated,Canadian,Bachelor Degree,Closely related,Unpersonalized,Above average,10+ years,1
1819,1,Female,30,Asian,Physical disability,Indian,Bachelor Degree,Closely related,Personalized,Above average,0-2 years,1
1820,1,Female,30,Hispanic,Physical disability,Indian,Associate Degree,Unrelated,Personalized,Average,0-2 years,0
1821,1,Non-binary,50,Hispanic,None stated,Indian,Associate Degree,Somewhat related,Personalized,Above average,3-7 years,1
1822,1,Female,55,Black,Physical disability,German,Master Degree,Somewhat related,Personalized,Below average,0-2 years,0
1823,1,Male,30,White,Mental health history,Canadian,Bachelor Degree,Unrelated,Unpersonalized,Below average,10+ years,1
1824,1,Male,30,Asian,Physical disability,American,Master Degree,Unrelated,Personalized,Average,10+ years,1
1825,1,Female,50,Black,Physical disability,American,Associate Degree,Closely related,Unpersonalized,Average,3-7 years,1
1826,1,Female,30,Black,None stated,Mexican,Master Degree,Closely related,Unpersonalized,Below average,10+ years,1
1827,1,Non-binary,55,Asian,None stated,Indian,Bachelor Degree,Closely related,Unpersonalized,Below average,10+ years,0
1828,1,Female,40,Asian,Physical disability,Canadian,Associate Degree,Somewhat related,Unpersonalized,Below average,3-7 years,0
1829,1,Female,40,Asian,Mental health history,German,Master Degree,Unrelated,Unpersonalized,Average,10+ years,0
1830,1,Non-binary,45,Asian,None stated,American,Bachelor Degree,Closely related,Personalized,Average,3-7 years,1
1831,1,Female,35,White,Mental health history,American,Associate Degree,Closely related,Unpersonalized,Below average,3-7 years,0
1832,1,Female,30,White,Physical disability,Indian,Bachelor Degree,Unrelated,Unpersonalized,Above average,10+ years,0
1833,1,Non-binary,30,Hispanic,None stated,Canadian,Bachelor Degree,Closely related,Personalized,Average,3-7 years,1
1834,1,Non-binary,35,Black,None stated,Indian,Master Degree,Closely related,Personalized,Average,3-7 years,1
1835,1,Female,40,Asian,None stated,Mexican,Bachelor Degree,Unrelated,Unpersonalized,Above average,3-7 years,0
1836,1,Non-binary,40,Asian,None stated,Canadian,Master Degree,Closely related,Unpersonalized,Below average,0-2 years,0
1837,1,Female,55,Hispanic,Physical disability,Canadian,Master Degree,Somewhat related,Personalized,Below average,10+ years,1
1838,1,Female,50,Hispanic,Mental health history,Canadian,Associate Degree,Unrelated,Unpersonalized,Below average,3-7 years,0
1839,1,Female,55,White,None stated,Mexican,Master Degree,Closely related,Personalized,Above average,10+ years,1
1840,1,Female,35,Asian,Physical disability,German,Associate Degree,Closely related,Personalized,Above average,0-2 years,1
1841,1,Female,40,Hispanic,None stated,German,Master Degree,Unrelated,Unpersonalized,Average,0-2 years,0
1842,1,Female,55,White,Mental health history,German,Bachelor Degree,Somewhat related,Personalized,Above average,3-7 years,1
1843,1,Male,55,White,None stated,American,Associate Degree,Somewhat related,Unpersonalized,Average,3-7 years,0
1844,1,Male,30,White,Mental health history,German,Master Degree,Closely related,Personalized,Below average,3-7 years,1
1845,1,Female,55,Asian,Mental health history,American,Bachelor Degree,Unrelated,Unpersonalized,Below average,0-2 years,0
1846,1,Non-binary,50,Black,None stated,American,Bachelor Degree,Closely related,Personalized,Below average,10+ years,1
1847,1,Male,45,Asian,None stated,Indian,Master Degree,Closely related,Unpersonalized,Below average,0-2 years,0
1848,1,Male,35,White,Mental health history,German,Master Degree,Closely related,Personalized,Above average,0-2 years,1
1849,1,Female,50,Asian,Mental health history,German,Master Degree,Somewhat related,Personalized,Average,3-7 years,1
1850,1,Non-binary,55,Hispanic,Mental health history,American,Associate Degree,Closely related,Unpersonalized,Average,0-2 years,0
1851,1,Female,30,Asian,Physical disability,Mexican,Master Degree,Unrelated,Personalized,Below average,3-7 years,0
1852,1,Non-binary,35,White,Mental health history,Mexican,Bachelor Degree,Closely related,Unpersonalized,Average,0-2 years,0
1853,1,Female,50,Asian,None stated,German,Associate Degree,Closely related,Unpersonalized,Above average,10+ years,1
1854,1,Female,50,Asian,Physical disability,American,Master Degree,Unrelated,Personalized,Above average,10+ years,1
1855,1,Male,35,Hispanic,None stated,Mexican,Bachelor Degree,Unrelated,Unpersonalized,Above average,0-2 years,0
1856,1,Male,50,White,Physical disability,Indian,Associate Degree,Closely related,Personalized,Below average,0-2 years,0
1857,1,Female,55,Black,None stated,Canadian,Master Degree,Somewhat related,Personalized,Below average,3-7 years,1
1858,1,Male,50,Hispanic,None stated,German,Bachelor Degree,Closely related,Unpersonalized,Above average,10+ years,1
1859,1,Female,30,Black,Mental health history,Mexican,Bachelor Degree,Somewhat related,Personalized,Below average,10+ years,1
1860,1,Non-binary,50,Asian,Mental health history,Canadian,Associate Degree,Somewhat related,Personalized,Average,10+ years,1
1861,1,Female,30,Black,Mental health history,German,Associate Degree,Closely related,Personalized,Below average,3-7 years,1
1862,1,Non-binary,30,White,Physical disability,Indian,Associate Degree,Closely related,Unpersonalized,Above average,10+ years,1
1863,1,Male,40,Asian,Physical disability,Mexican,Associate Degree,Closely related,Unpersonalized,Average,3-7 years,1
1864,1,Non-binary,30,White,Physical disability,American,Bachelor Degree,Somewhat related,Unpersonalized,Average,10+ years,1
1865,1,Male,40,White,Mental health history,German,Bachelor Degree,Unrelated,Unpersonalized,Average,10+ years,0
1866,1,Non-binary,35,Black,Mental health history,German,Associate Degree,Somewhat related,Personalized,Above average,10+ years,1
1867,1,Male,40,Black,Mental health history,Mexican,Associate Degree,Closely related,Personalized,Average,3-7 years,1
1868,1,Non-binary,50,Black,Physical disability,American,Associate Degree,Closely related,Unpersonalized,Above average,10+ years,1
1869,1,Male,50,Hispanic,None stated,Mexican,Associate Degree,Closely related,Personalized,Above average,10+ years,1
1870,1,Non-binary,45,Hispanic,Physical disability,Indian,Bachelor Degree,Unrelated,Personalized,Average,10+ years,0
1871,1,Male,45,Asian,Physical disability,American,Associate Degree,Somewhat related,Personalized,Below average,10+ years,0
1872,1,Male,35,Hispanic,Mental health history,German,Master Degree,Somewhat related,Personalized,Average,10+ years,1
1873,1,Male,55,Hispanic,Physical disability,Indian,Associate Degree,Unrelated,Personalized,Below average,0-2 years,0
1874,1,Male,50,Hispanic,Mental health history,German,Master Degree,Unrelated,Unpersonalized,Average,10+ years,1
1875,1,Female,55,Black,None stated,German,Associate Degree,Unrelated,Personalized,Above average,0-2 years,0
1876,1,Female,40,White,None stated,Indian,Bachelor Degree,Unrelated,Personalized,Below average,3-7 years,0
1877,1,Non-binary,30,Hispanic,None stated,Mexican,Associate Degree,Somewhat related,Personalized,Below average,10+ years,0
1878,1,Female,50,Black,Mental health history,Indian,Bachelor Degree,Somewhat related,Personalized,Above average,3-7 years,1
1879,1,Male,45,White,Mental health history,Indian,Bachelor Degree,Somewhat related,Personalized,Below average,10+ years,1
1880,1,Female,50,Black,None stated,Canadian,Associate Degree,Unrelated,Unpersonalized,Above average,0-2 years,0
1881,1,Non-binary,30,Black,None stated,American,Associate Degree,Unrelated,Unpersonalized,Above average,0-2 years,0
1882,1,Male,40,White,None stated,Canadian,Associate Degree,Closely related,Unpersonalized,Above average,3-7 years,1
1883,1,Non-binary,40,Asian,Physical disability,Mexican,Master Degree,Somewhat related,Personalized,Average,0-2 years,1
1884,1,Female,40,Asian,Physical disability,Indian,Associate Degree,Closely related,Personalized,Below average,10+ years,1
1885,1,Female,55,Hispanic,None stated,Canadian,Associate Degree,Closely related,Personalized,Below average,10+ years,1
1886,1,Female,40,Asian,Physical disability,Mexican,Master Degree,Somewhat related,Personalized,Average,3-7 years,1
1887,1,Male,35,Black,Physical disability,Indian,Associate Degree,Unrelated,Personalized,Above average,10+ years,1
1888,1,Non-binary,55,Black,Physical disability,German,Associate Degree,Closely related,Personalized,Average,0-2 years,1
1889,1,Non-binary,30,Hispanic,Mental health history,Indian,Associate Degree,Unrelated,Personalized,Above average,10+ years,0
1890,1,Non-binary,30,Hispanic,Physical disability,German,Bachelor Degree,Closely related,Personalized,Above average,0-2 years,1
1891,1,Non-binary,45,Black,None stated,American,Bachelor Degree,Closely related,Personalized,Above average,0-2 years,1
1892,1,Non-binary,45,Hispanic,Mental health history,Mexican,Associate Degree,Somewhat related,Personalized,Above average,3-7 years,1
1893,1,Male,45,Black,None stated,Canadian,Master Degree,Unrelated,Personalized,Average,0-2 years,0
1894,1,Male,55,Asian,Physical disability,Indian,Associate Degree,Unrelated,Unpersonalized,Below average,0-2 years,0
1895,1,Female,35,Hispanic,Mental health history,Indian,Master Degree,Somewhat related,Unpersonalized,Above average,10+ years,1
1896,1,Female,45,Hispanic,None stated,Indian,Associate Degree,Closely related,Unpersonalized,Average,10+ years,1
1897,1,Female,55,White,Mental health history,Indian,Bachelor Degree,Closely related,Unpersonalized,Average,0-2 years,0
1898,1,Female,55,Hispanic,Mental health history,German,Associate Degree,Closely related,Personalized,Below average,10+ years,1
1899,1,Non-binary,50,Black,None stated,Canadian,Bachelor Degree,Closely related,Unpersonalized,Average,3-7 years,1
1900,1,Non-binary,30,Hispanic,None stated,American,Bachelor Degree,Closely related,Unpersonalized,Above average,0-2 years,0
1901,1,Male,40,Black,None stated,Indian,Master Degree,Unrelated,Unpersonalized,Below average,3-7 years,0
1902,1,Female,30,White,None stated,German,Associate Degree,Closely related,Unpersonalized,Average,0-2 years,0
1903,1,Male,40,Asian,Mental health history,Indian,Associate Degree,Unrelated,Personalized,Below average,10+ years,0
1904,1,Female,55,Hispanic,Mental health history,Mexican,Master Degree,Closely related,Unpersonalized,Above average,10+ years,1
1905,1,Non-binary,55,Black,None stated,Mexican,Associate Degree,Somewhat related,Unpersonalized,Average,3-7 years,0
1906,1,Female,50,Black,Physical disability,Indian,Bachelor Degree,Unrelated,Unpersonalized,Above average,10+ years,1
1907,1,Female,40,White,Physical disability,German,Bachelor Degree,Unrelated,Unpersonalized,Below average,10+ years,0
1908,1,Non-binary,45,Black,Physical disability,American,Master Degree,Somewhat related,Unpersonalized,Above average,3-7 years,1
1909,1,Male,45,White,None stated,American,Associate Degree,Unrelated,Personalized,Below average,10+ years,0
1910,1,Male,30,Black,Physical disability,German,Bachelor Degree,Closely related,Personalized,Average,10+ years,1
1911,1,Non-binary,45,Asian,None stated,Mexican,Master Degree,Somewhat related,Personalized,Average,3-7 years,1
1912,1,Non-binary,50,Black,None stated,Mexican,Bachelor Degree,Unrelated,Unpersonalized,Below average,10+ years,0
1913,1,Female,30,Hispanic,Mental health history,German,Bachelor Degree,Unrelated,Unpersonalized,Average,0-2 years,0
1914,1,Female,40,Black,Mental health history,Canadian,Bachelor Degree,Somewhat related,Unpersonalized,Below average,10+ years,0
1915,1,Female,40,White,None stated,Mexican,Associate Degree,Closely related,Personalized,Below average,10+ years,0
1916,1,Female,55,White,Mental health history,German,Associate Degree,Somewhat related,Unpersonalized,Average,10+ years,0
1917,1,Non-binary,35,Hispanic,Mental health history,Mexican,Bachelor Degree,Closely related,Personalized,Above average,3-7 years,1
1918,1,Non-binary,45,Asian,Mental health history,Mexican,Master Degree,Closely related,Unpersonalized,Average,0-2 years,0
1919,1,Male,35,Hispanic,Mental health history,Canadian,Master Degree,Unrelated,Unpersonalized,Average,10+ years,0
1920,1,Male,35,White,None stated,German,Master Degree,Closely related,Unpersonalized,Below average,0-2 years,0
1921,1,Female,50,Asian,Mental health history,Indian,Bachelor Degree,Closely related,Unpersonalized,Above average,3-7 years,1
1922,1,Male,35,Hispanic,Physical disability,German,Associate Degree,Somewhat related,Unpersonalized,Above average,10+ years,1
1923,1,Female,30,Asian,None stated,American,Associate Degree,Closely related,Personalized,Below average,0-2 years,0
1924,1,Male,35,Hispanic,Physical disability,German,Bachelor Degree,Somewhat related,Personalized,Above average,10+ years,1
1925,1,Male,50,Hispanic,Mental health history,Indian,Associate Degree,Unrelated,Personalized,Average,0-2 years,0
1926,1,Female,35,Black,None stated,Mexican,Master Degree,Unrelated,Unpersonalized,Below average,10+ years,0
1927,1,Female,45,White,None stated,Mexican,Bachelor Degree,Closely related,Unpersonalized,Below average,3-7 years,0
1928,1,Male,50,Asian,Physical disability,American,Bachelor Degree,Unrelated,Personalized,Above average,0-2 years,0
1929,1,Female,55,White,Physical disability,American,Associate Degree,Somewhat related,Unpersonalized,Below average,10+ years,0
1930,1,Female,45,White,Physical disability,Mexican,Master Degree,Unrelated,Unpersonalized,Below average,10+ years,0
1931,1,Female,50,Asian,Physical disability,German,Bachelor Degree,Unrelated,Unpersonalized,Average,0-2 years,0
1932,1,Male,45,Asian,None stated,Indian,Bachelor Degree,Closely related,Unpersonalized,Average,0-2 years,0
1933,1,Male,55,Hispanic,None stated,Indian,Associate Degree,Unrelated,Personalized,Average,3-7 years,0
1934,1,Male,40,Black,None stated,Indian,Bachelor Degree,Closely related,Unpersonalized,Above average,3-7 years,1
1935,1,Female,40,Hispanic,Mental health history,German,Bachelor Degree,Somewhat related,Unpersonalized,Above average,3-7 years,1
1936,1,Non-binary,55,Hispanic,None stated,German,Master Degree,Unrelated,Personalized,Above average,0-2 years,0
1937,1,Male,55,Asian,None stated,Mexican,Associate Degree,Closely related,Unpersonalized,Below average,10+ years,0
1938,1,Male,40,Asian,Physical disability,Mexican,Master Degree,Somewhat related,Unpersonalized,Average,0-2 years,0
1939,1,Male,50,Black,Physical disability,American,Associate Degree,Unrelated,Unpersonalized,Below average,0-2 years,0
1940,1,Non-binary,35,Hispanic,None stated,Mexican,Master Degree,Closely related,Unpersonalized,Average,0-2 years,1
1941,1,Non-binary,50,White,Mental health history,American,Bachelor Degree,Somewhat related,Unpersonalized,Average,0-2 years,0
1942,1,Male,35,Asian,Mental health history,Canadian,Bachelor Degree,Unrelated,Unpersonalized,Above average,0-2 years,0
1943,1,Male,35,Hispanic,None stated,Mexican,Associate Degree,Closely related,Personalized,Average,0-2 years,0
1944,1,Non-binary,40,White,None stated,German,Master Degree,Unrelated,Personalized,Below average,10+ years,0
1945,1,Male,50,White,Mental health history,German,Master Degree,Closely related,Personalized,Average,10+ years,1
1946,1,Male,45,Hispanic,Physical disability,American,Bachelor Degree,Unrelated,Personalized,Above average,0-2 years,1
1947,1,Female,30,White,None stated,Canadian,Associate Degree,Closely related,Personalized,Above average,3-7 years,1
1948,1,Female,40,White,Mental health history,Indian,Bachelor Degree,Somewhat related,Personalized,Above average,10+ years,1
1949,1,Male,55,Hispanic,Mental health history,German,Master Degree,Closely related,Personalized,Below average,10+ years,1
1950,1,Female,45,Hispanic,None stated,American,Bachelor Degree,Unrelated,Unpersonalized,Above average,10+ years,0
1951,1,Male,30,Hispanic,None stated,Mexican,Master Degree,Closely related,Personalized,Below average,3-7 years,0
1952,1,Female,35,White,Physical disability,Mexican,Master Degree,Somewhat related,Unpersonalized,Above average,10+ years,1
1953,1,Non-binary,55,White,Mental health history,Indian,Associate Degree,Closely related,Unpersonalized,Below average,10+ years,0
1954,1,Non-binary,30,Hispanic,None stated,Canadian,Bachelor Degree,Unrelated,Personalized,Average,3-7 years,1
1955,1,Male,35,White,None stated,Mexican,Master Degree,Closely related,Unpersonalized,Above average,3-7 years,1
1956,1,Non-binary,40,White,Physical disability,Canadian,Bachelor Degree,Closely related,Personalized,Average,3-7 years,1
1957,1,Male,30,Asian,Physical disability,German,Bachelor Degree,Closely related,Personalized,Average,10+ years,1
1958,1,Non-binary,35,Hispanic,None stated,American,Bachelor Degree,Unrelated,Unpersonalized,Average,0-2 years,0
1959,1,Female,55,White,Physical disability,Mexican,Bachelor Degree,Unrelated,Unpersonalized,Above average,3-7 years,0
1960,1,Female,30,Asian,None stated,Canadian,Bachelor Degree,Unrelated,Unpersonalized,Below average,10+ years,0
1961,1,Male,35,White,None stated,American,Master Degree,Somewhat related,Personalized,Average,3-7 years,1
1962,1,Non-binary,30,Hispanic,Mental health history,Canadian,Bachelor Degree,Unrelated,Personalized,Below average,3-7 years,0
1963,1,Female,55,Asian,None stated,German,Associate Degree,Closely related,Personalized,Above average,10+ years,1
1964,1,Female,30,White,Mental health history,Indian,Associate Degree,Somewhat related,Unpersonalized,Below average,10+ years,0
1965,1,Non-binary,55,Hispanic,Physical disability,German,Bachelor Degree,Somewhat related,Personalized,Average,10+ years,1
1966,1,Male,30,Hispanic,Mental health history,American,Master Degree,Somewhat related,Personalized,Above average,3-7 years,1
1967,1,Female,55,Black,Mental health history,Canadian,Associate Degree,Somewhat related,Unpersonalized,Below average,10+ years,0
1968,1,Male,45,White,None stated,German,Bachelor Degree,Unrelated,Unpersonalized,Above average,3-7 years,0
1969,1,Male,55,Asian,None stated,Canadian,Bachelor Degree,Unrelated,Unpersonalized,Average,10+ years,0
1970,1,Female,55,Hispanic,Mental health history,German,Associate Degree,Unrelated,Personalized,Average,0-2 years,0
1971,1,Female,50,Black,Mental health history,American,Master Degree,Somewhat related,Personalized,Below average,10+ years,1
1972,1,Male,30,Asian,Physical disability,Mexican,Bachelor Degree,Somewhat related,Personalized,Average,10+ years,1
1973,1,Non-binary,40,Hispanic,None stated,German,Master Degree,Unrelated,Unpersonalized,Below average,0-2 years,0
1974,1,Female,50,White,Mental health history,Canadian,Bachelor Degree,Closely related,Personalized,Above average,0-2 years,1
1975,1,Non-binary,45,Hispanic,Physical disability,American,Associate Degree,Unrelated,Unpersonalized,Above average,10+ years,1
1976,1,Female,45,Black,None stated,American,Associate Degree,Closely related,Unpersonalized,Average,10+ years,1
1977,1,Non-binary,55,Hispanic,Mental health history,Canadian,Associate Degree,Closely related,Unpersonalized,Below average,0-2 years,0
1978,1,Female,55,Asian,Mental health history,Indian,Bachelor Degree,Unrelated,Personalized,Below average,3-7 years,0
1979,1,Female,35,Hispanic,Physical disability,Indian,Bachelor Degree,Unrelated,Unpersonalized,Average,10+ years,1
1980,1,Male,30,Black,Physical disability,Mexican,Associate Degree,Closely related,Personalized,Average,3-7 years,1
1981,1,Female,35,Asian,Physical disability,Canadian,Associate Degree,Closely related,Personalized,Above average,3-7 years,1
1982,1,Female,45,Hispanic,Mental health history,Indian,Bachelor Degree,Closely related,Personalized,Above average,10+ years,1
1983,1,Male,45,Hispanic,Mental health history,Canadian,Associate Degree,Closely related,Unpersonalized,Above average,0-2 years,0
1984,1,Female,35,Black,Physical disability,Canadian,Associate Degree,Somewhat related,Personalized,Average,0-2 years,1
1985,1,Male,55,Black,Physical disability,American,Associate Degree,Unrelated,Unpersonalized,Average,3-7 years,0
1986,1,Female,45,White,None stated,Mexican,Master Degree,Somewhat related,Personalized,Above average,3-7 years,1
1987,1,Non-binary,55,Hispanic,Mental health history,American,Master Degree,Unrelated,Unpersonalized,Above average,3-7 years,1
1988,1,Non-binary,55,Black,Physical disability,German,Master Degree,Closely related,Unpersonalized,Above average,0-2 years,1
1989,1,Non-binary,35,Asian,Mental health history,Canadian,Master Degree,Unrelated,Personalized,Below average,10+ years,0
1990,1,Male,55,Asian,None stated,Canadian,Associate Degree,Closely related,Unpersonalized,Below average,10+ years,0
1991,1,Female,45,Hispanic,Mental health history,German,Bachelor Degree,Unrelated,Personalized,Above average,10+ years,1
1992,1,Male,35,Asian,Mental health history,German,Associate Degree,Unrelated,Personalized,Average,10+ years,0
1993,1,Female,40,Hispanic,None stated,Indian,Bachelor Degree,Closely related,Unpersonalized,Average,10+ years,1
1994,1,Female,55,Asian,Physical disability,Mexican,Bachelor Degree,Unrelated,Unpersonalized,Average,0-2 years,0
1995,1,Male,55,Black,Mental health history,Indian,Associate Degree,Somewhat related,Unpersonalized,Average,10+ years,0
1996,1,Female,50,Hispanic,Physical disability,German,Associate Degree,Unrelated,Personalized,Above average,10+ years,1
1997,1,Female,55,White,Mental health history,Indian,Associate Degree,Unrelated,Personalized,Above average,3-7 years,1
1998,1,Non-binary,40,White,Physical disability,Indian,Associate Degree,Unrelated,Personalized,Below average,0-2 years,0
1999,1,Female,45,Black,Mental health history,Mexican,Bachelor Degree,Somewhat related,Unpersonalized,Above average,3-7 years,1
2000,1,Non-binary,40,Hispanic,Physical disability,Mexican,Associate Degree,Unrelated,Personalized,Above average,10+ years,0
2001,1,Male,40,Asian,None stated,German,Bachelor Degree,Unrelated,Unpersonalized,Below average,0-2 years,0
2002,1,Male,50,Hispanic,Physical disability,Indian,Master Degree,Unrelated,Personalized,Above average,0-2 years,0
2003,1,Male,30,Asian,Physical disability,American,Associate Degree,Unrelated,Unpersonalized,Average,0-2 years,0
2004,1,Female,45,White,Physical disability,German,Associate Degree,Closely related,Unpersonalized,Above average,3-7 years,1
2005,1,Female,30,Black,None stated,American,Bachelor Degree,Closely related,Personalized,Below average,10+ years,1
2006,1,Male,40,White,Physical disability,German,Master Degree,Closely related,Personalized,Average,3-7 years,1
2007,1,Non-binary,40,Asian,Mental health history,American,Associate Degree,Closely related,Unpersonalized,Above average,0-2 years,1
2008,1,Male,50,White,Physical disability,German,Associate Degree,Somewhat related,Personalized,Below average,3-7 years,1
2009,1,Male,50,White,Mental health history,German,Associate Degree,Unrelated,Unpersonalized,Below average,3-7 years,0
2010,1,Non-binary,30,Asian,Mental health history,Canadian,Master Degree,Closely related,Personalized,Below average,10+ years,1
2011,1,Non-binary,35,Black,None stated,American,Associate Degree,Somewhat related,Unpersonalized,Average,0-2 years,0
2012,1,Female,45,Asian,Mental health history,German,Bachelor Degree,Somewhat related,Personalized,Below average,3-7 years,1
2013,1,Female,55,Black,Mental health history,American,Master Degree,Closely related,Personalized,Above average,10+ years,1
2014,1,Non-binary,45,White,Mental health history,American,Master Degree,Closely related,Personalized,Below average,10+ years,1
2015,1,Non-binary,55,Black,None stated,Indian,Associate Degree,Closely related,Personalized,Above average,10+ years,1
2016,1,Non-binary,45,White,Physical disability,Mexican,Associate Degree,Somewhat related,Personalized,Average,0-2 years,1
2017,1,Male,55,White,Physical disability,Mexican,Master Degree,Somewhat related,Personalized,Below average,10+ years,1
2018,1,Non-binary,40,Asian,Physical disability,German,Bachelor Degree,Closely related,Unpersonalized,Average,10+ years,1
2019,1,Female,50,Black,Mental health history,German,Master Degree,Unrelated,Unpersonalized,Below average,10+ years,0
2020,1,Non-binary,50,White,Physical disability,German,Bachelor Degree,Somewhat related,Unpersonalized,Above average,0-2 years,1
2021,1,Male,30,White,Physical disability,Mexican,Bachelor Degree,Closely related,Unpersonalized,Average,3-7 years,1
2022,1,Female,30,White,Physical disability,Indian,Associate Degree,Unrelated,Unpersonalized,Above average,0-2 years,0
2023,1,Male,45,Asian,Physical disability,Canadian,Bachelor Degree,Unrelated,Unpersonalized,Below average,3-7 years,0
2024,1,Female,35,Asian,None stated,Canadian,Bachelor Degree,Closely related,Unpersonalized,Below average,3-7 years,0
2025,1,Male,45,Black,None stated,Mexican,Associate Degree,Somewhat related,Personalized,Average,10+ years,1
2026,1,Female,45,White,Physical disability,German,Master Degree,Closely related,Unpersonalized,Below average,0-2 years,0
2027,1,Male,50,Asian,Physical disability,Canadian,Master Degree,Closely related,Unpersonalized,Below average,10+ years,1
2028,1,Non-binary,55,Hispanic,Physical disability,German,Master Degree,Closely related,Unpersonalized,Average,0-2 years,1
2029,1,Non-binary,50,White,Mental health history,American,Master Degree,Closely related,Personalized,Below average,10+ years,1
2030,1,Male,55,Asian,Physical disability,German,Bachelor Degree,Somewhat related,Unpersonalized,Above average,0-2 years,0
2031,1,Non-binary,35,Asian,Physical disability,Mexican,Master Degree,Closely related,Personalized,Below average,3-7 years,1
2032,1,Female,30,Black,Physical disability,Mexican,Bachelor Degree,Closely related,Personalized,Below average,3-7 years,1
2033,1,Non-binary,30,Black,Mental health history,German,Bachelor Degree,Somewhat related,Unpersonalized,Below average,10+ years,0
2034,1,Female,35,White,Mental health history,Canadian,Master Degree,Somewhat related,Unpersonalized,Below average,0-2 years,0
2035,1,Non-binary,30,Asian,Physical disability,Canadian,Associate Degree,Unrelated,Personalized,Average,3-7 years,1
2036,1,Non-binary,45,Asian,Physical disability,Canadian,Associate Degree,Closely related,Unpersonalized,Average,0-2 years,1
2037,1,Non-binary,45,White,None stated,American,Associate Degree,Unrelated,Personalized,Below average,3-7 years,0
2038,1,Non-binary,55,Hispanic,Mental health history,American,Master Degree,Unrelated,Personalized,Above average,10+ years,1
2039,1,Male,45,Hispanic,None stated,German,Associate Degree,Somewhat related,Unpersonalized,Below average,0-2 years,0
2040,1,Female,50,White,Physical disability,American,Bachelor Degree,Somewhat related,Personalized,Below average,0-2 years,1
2041,1,Female,55,Hispanic,Physical disability,American,Bachelor Degree,Closely related,Personalized,Above average,3-7 years,1
2042,1,Male,50,Black,None stated,Canadian,Master Degree,Unrelated,Personalized,Average,10+ years,1
2043,1,Female,35,Hispanic,Physical disability,Canadian,Master Degree,Closely related,Personalized,Average,3-7 years,1
2044,1,Male,40,Asian,None stated,American,Associate Degree,Closely related,Unpersonalized,Below average,3-7 years,0
2045,1,Female,40,White,None stated,Mexican,Associate Degree,Closely related,Personalized,Above average,10+ years,1
2046,1,Female,40,White,None stated,Indian,Master Degree,Somewhat related,Unpersonalized,Above average,10+ years,1
2047,1,Male,35,Hispanic,None stated,Indian,Bachelor Degree,Unrelated,Unpersonalized,Average,3-7 years,0
2048,1,Female,50,Hispanic,None stated,Canadian,Bachelor Degree,Closely related,Unpersonalized,Above average,10+ years,1
2049,1,Female,35,Black,None stated,German,Master Degree,Closely related,Unpersonalized,Above average,0-2 years,1
2050,1,Female,40,White,Physical disability,Mexican,Associate Degree,Unrelated,Personalized,Above average,3-7 years,1
2051,1,Non-binary,50,Hispanic,None stated,Indian,Bachelor Degree,Somewhat related,Personalized,Above average,10+ years,1
2052,1,Non-binary,50,Hispanic,Physical disability,Canadian,Bachelor Degree,Somewhat related,Personalized,Average,10+ years,1
2053,1,Female,35,Black,None stated,Mexican,Master Degree,Somewhat related,Unpersonalized,Average,3-7 years,1
2054,1,Non-binary,35,Black,Physical disability,Indian,Associate Degree,Closely related,Personalized,Below average,3-7 years,1
2055,1,Male,50,Hispanic,Mental health history,Mexican,Bachelor Degree,Unrelated,Unpersonalized,Average,0-2 years,0
2056,1,Male,55,Black,Physical disability,Mexican,Bachelor Degree,Somewhat related,Personalized,Average,3-7 years,1
2057,1,Female,55,Asian,Mental health history,Indian,Master Degree,Unrelated,Unpersonalized,Above average,10+ years,1
2058,1,Female,45,Asian,Physical disability,American,Master Degree,Unrelated,Personalized,Above average,0-2 years,0
2059,1,Non-binary,55,Hispanic,Physical disability,Canadian,Master Degree,Unrelated,Unpersonalized,Above average,0-2 years,0
2060,1,Female,35,Black,None stated,German,Bachelor Degree,Somewhat related,Personalized,Average,10+ years,1
2061,1,Non-binary,40,White,Physical disability,Canadian,Bachelor Degree,Closely related,Personalized,Above average,0-2 years,1
2062,1,Male,55,Black,Physical disability,Mexican,Master Degree,Closely related,Unpersonalized,Below average,10+ years,1
2063,1,Female,55,Hispanic,Physical disability,American,Associate Degree,Closely related,Personalized,Above average,0-2 years,0
2064,1,Male,30,White,None stated,Canadian,Master Degree,Somewhat related,Unpersonalized,Average,3-7 years,0
2065,1,Female,50,Hispanic,None stated,German,Associate Degree,Closely related,Personalized,Above average,0-2 years,0
2066,1,Non-binary,50,Black,Physical disability,American,Bachelor Degree,Unrelated,Personalized,Above average,0-2 years,1
2067,1,Female,30,Hispanic,None stated,German,Master Degree,Closely related,Personalized,Below average,0-2 years,1
2068,1,Female,45,Asian,Physical disability,German,Master Degree,Unrelated,Unpersonalized,Below average,0-2 years,0
2069,1,Female,50,White,None stated,Indian,Master Degree,Somewhat related,Personalized,Average,3-7 years,1
2070,1,Female,50,Asian,Mental health history,Canadian,Associate Degree,Closely related,Unpersonalized,Below average,3-7 years,0
2071,1,Non-binary,35,Hispanic,None stated,German,Associate Degree,Unrelated,Personalized,Average,0-2 years,0
2072,1,Female,45,Asian,Mental health history,German,Master Degree,Somewhat related,Unpersonalized,Above average,0-2 years,0
2073,1,Non-binary,30,Hispanic,Mental health history,Mexican,Bachelor Degree,Closely related,Unpersonalized,Average,3-7 years,1
2074,1,Male,50,Hispanic,Physical disability,Canadian,Associate Degree,Closely related,Personalized,Average,3-7 years,1
2075,1,Female,40,White,None stated,Indian,Associate Degree,Closely related,Personalized,Average,0-2 years,0
2076,1,Male,35,White,Mental health history,German,Associate Degree,Unrelated,Personalized,Below average,3-7 years,0
2077,1,Male,40,Asian,Mental health history,Mexican,Master Degree,Somewhat related,Personalized,Below average,3-7 years,1
2078,1,Non-binary,55,Asian,None stated,German,Associate Degree,Somewhat related,Personalized,Below average,0-2 years,0
2079,1,Non-binary,40,White,Mental health history,Mexican,Associate Degree,Somewhat related,Unpersonalized,Below average,3-7 years,0
2080,1,Non-binary,30,Hispanic,Mental health history,German,Bachelor Degree,Somewhat related,Unpersonalized,Below average,10+ years,0
2081,1,Non-binary,55,White,Mental health history,Mexican,Master Degree,Closely related,Personalized,Below average,3-7 years,1
2082,1,Non-binary,40,Asian,Physical disability,German,Master Degree,Closely related,Unpersonalized,Above average,10+ years,1
2083,1,Female,40,Hispanic,Physical disability,Indian,Bachelor Degree,Somewhat related,Unpersonalized,Below average,0-2 years,0
2084,1,Non-binary,50,Black,Physical disability,German,Bachelor Degree,Unrelated,Personalized,Average,3-7 years,1
2085,1,Female,40,White,Physical disability,Indian,Associate Degree,Closely related,Unpersonalized,Above average,10+ years,1
2086,1,Male,45,Hispanic,Physical disability,Mexican,Master Degree,Unrelated,Personalized,Above average,3-7 years,1
2087,1,Male,40,Asian,None stated,Canadian,Bachelor Degree,Closely related,Unpersonalized,Below average,0-2 years,0
2088,1,Female,50,Asian,Physical disability,Indian,Associate Degree,Closely related,Unpersonalized,Below average,10+ years,1
2089,1,Non-binary,50,Asian,None stated,Mexican,Master Degree,Unrelated,Personalized,Average,10+ years,1
2090,1,Non-binary,45,Asian,None stated,American,Master Degree,Unrelated,Unpersonalized,Below average,0-2 years,0
2091,1,Male,50,Asian,Mental health history,American,Associate Degree,Closely related,Unpersonalized,Above average,10+ years,0
2092,1,Female,40,White,None stated,German,Master Degree,Closely related,Personalized,Below average,0-2 years,0
2093,1,Non-binary,50,Hispanic,Mental health history,Canadian,Master Degree,Closely related,Personalized,Below average,3-7 years,1
2094,1,Non-binary,40,Black,Mental health history,American,Master Degree,Closely related,Unpersonalized,Below average,10+ years,1
2095,1,Female,35,Hispanic,Physical disability,Mexican,Associate Degree,Somewhat related,Unpersonalized,Below average,10+ years,0
2096,1,Non-binary,30,Hispanic,Physical disability,Mexican,Bachelor Degree,Unrelated,Personalized,Above average,3-7 years,1
2097,1,Male,30,Asian,Physical disability,Indian,Bachelor Degree,Somewhat related,Personalized,Average,10+ years,1
2098,1,Female,50,Hispanic,Physical disability,Indian,Master Degree,Unrelated,Personalized,Average,10+ years,1
2099,1,Non-binary,45,Black,None stated,American,Associate Degree,Somewhat related,Personalized,Average,3-7 years,1
2100,1,Female,40,Asian,Physical disability,German,Associate Degree,Closely related,Unpersonalized,Above average,3-7 years,1
2101,1,Non-binary,55,White,None stated,Mexican,Bachelor Degree,Closely related,Personalized,Above average,10+ years,1
2102,1,Male,35,Hispanic,None stated,Mexican,Bachelor Degree,Closely related,Unpersonalized,Above average,3-7 years,1
2103,1,Non-binary,50,Hispanic,Physical disability,Mexican,Bachelor Degree,Unrelated,Personalized,Above average,0-2 years,1
2104,1,Non-binary,55,White,Physical disability,Indian,Bachelor Degree,Unrelated,Personalized,Average,0-2 years,0
2105,1,Male,55,Hispanic,Physical disability,Indian,Master Degree,Closely related,Personalized,Above average,10+ years,1
2106,1,Male,55,White,Mental health history,Indian,Associate Degree,Closely related,Unpersonalized,Average,0-2 years,0
2107,1,Female,35,Hispanic,None stated,Canadian,Bachelor Degree,Unrelated,Unpersonalized,Average,0-2 years,0
2108,1,Female,55,Asian,None stated,Canadian,Associate Degree,Somewhat related,Personalized,Average,10+ years,1
2109,1,Male,45,White,Physical disability,Indian,Associate Degree,Closely related,Personalized,Above average,0-2 years,1
2110,1,Female,40,Hispanic,None stated,Canadian,Associate Degree,Closely related,Unpersonalized,Average,3-7 years,0
2111,1,Female,35,Hispanic,Physical disability,Canadian,Associate Degree,Unrelated,Personalized,Above average,10+ years,1
2112,1,Female,55,Hispanic,Mental health history,Indian,Associate Degree,Somewhat related,Personalized,Above average,3-7 years,1
2113,1,Non-binary,50,Black,None stated,Canadian,Bachelor Degree,Closely related,Personalized,Below average,0-2 years,1
2114,1,Female,45,White,Physical disability,German,Bachelor Degree,Closely related,Personalized,Average,10+ years,1
2115,1,Female,55,Asian,Mental health history,Mexican,Master Degree,Closely related,Personalized,Average,10+ years,1
2116,1,Non-binary,50,White,Physical disability,American,Associate Degree,Unrelated,Personalized,Average,3-7 years,1
2117,1,Female,55,Asian,Mental health history,Mexican,Associate Degree,Somewhat related,Personalized,Average,10+ years,1
2118,1,Non-binary,55,Black,None stated,Indian,Associate Degree,Unrelated,Unpersonalized,Above average,0-2 years,0
2119,1,Male,55,Hispanic,None stated,Indian,Master Degree,Unrelated,Unpersonalized,Above average,10+ years,0
2120,1,Female,55,Black,Mental health history,German,Associate Degree,Closely related,Personalized,Average,10+ years,1
2121,1,Female,50,Black,Physical disability,Mexican,Master Degree,Somewhat related,Personalized,Below average,10+ years,1
2122,1,Non-binary,35,Asian,Physical disability,American,Master Degree,Somewhat related,Unpersonalized,Above average,0-2 years,1
2123,1,Non-binary,55,Black,Physical disability,American,Master Degree,Unrelated,Personalized,Above average,0-2 years,0
2124,1,Male,50,Black,Physical disability,American,Master Degree,Unrelated,Personalized,Below average,3-7 years,0
2125,1,Female,55,Hispanic,Mental health history,Canadian,Master Degree,Closely related,Unpersonalized,Below average,10+ years,0
2126,1,Non-binary,50,Hispanic,None stated,Indian,Master Degree,Closely related,Personalized,Average,10+ years,1
2127,1,Non-binary,40,Asian,Physical disability,German,Master Degree,Closely related,Personalized,Average,0-2 years,1
2128,1,Female,30,White,Physical disability,Mexican,Associate Degree,Somewhat related,Unpersonalized,Below average,3-7 years,0
2129,1,Non-binary,30,Hispanic,Mental health history,Indian,Bachelor Degree,Unrelated,Unpersonalized,Above average,3-7 years,0
2130,1,Male,50,Black,Physical disability,Indian,Master Degree,Unrelated,Unpersonalized,Average,0-2 years,0
2131,1,Female,45,White,None stated,Indian,Bachelor Degree,Closely related,Personalized,Below average,3-7 years,1
2132,1,Male,50,Hispanic,Mental health history,Canadian,Associate Degree,Somewhat related,Unpersonalized,Below average,0-2 years,0
2133,1,Non-binary,35,White,None stated,German,Master Degree,Somewhat related,Unpersonalized,Above average,3-7 years,1
2134,1,Female,55,Asian,None stated,Indian,Associate Degree,Unrelated,Personalized,Average,0-2 years,0
2135,1,Male,50,Asian,Mental health history,Indian,Bachelor Degree,Unrelated,Personalized,Above average,3-7 years,1
2136,1,Male,35,Asian,None stated,Mexican,Master Degree,Somewhat related,Personalized,Above average,0-2 years,1
2137,1,Female,35,White,Mental health history,Mexican,Master Degree,Closely related,Personalized,Above average,10+ years,1
2138,1,Non-binary,30,Hispanic,Mental health history,Indian,Bachelor Degree,Closely related,Unpersonalized,Above average,0-2 years,1
2139,1,Non-binary,30,White,Physical disability,Canadian,Bachelor Degree,Unrelated,Unpersonalized,Above average,10+ years,1
2140,1,Non-binary,30,Hispanic,Mental health history,German,Master Degree,Closely related,Personalized,Average,10+ years,1
2141,1,Male,30,Asian,Mental health history,Indian,Associate Degree,Closely related,Unpersonalized,Above average,3-7 years,1
2142,1,Female,40,Asian,Physical disability,Indian,Associate Degree,Closely related,Personalized,Average,0-2 years,0
2143,1,Non-binary,40,White,Physical disability,American,Bachelor Degree,Closely related,Unpersonalized,Average,3-7 years,1
2144,1,Non-binary,55,White,Physical disability,American,Associate Degree,Unrelated,Personalized,Average,3-7 years,1
2145,1,Non-binary,55,White,Mental health history,Canadian,Associate Degree,Closely related,Personalized,Above average,10+ years,1
2146,1,Female,40,White,Mental health history,Mexican,Bachelor Degree,Closely related,Personalized,Average,10+ years,1
2147,1,Non-binary,30,Asian,Physical disability,Mexican,Master Degree,Closely related,Unpersonalized,Below average,10+ years,1
2148,1,Male,55,Asian,Mental health history,Canadian,Associate Degree,Closely related,Personalized,Below average,10+ years,1
2149,1,Female,30,Asian,None stated,American,Associate Degree,Unrelated,Unpersonalized,Below average,10+ years,0
2150,1,Male,35,White,None stated,Indian,Bachelor Degree,Closely related,Personalized,Average,10+ years,1
2151,1,Non-binary,40,White,Mental health history,German,Associate Degree,Somewhat related,Personalized,Below average,0-2 years,0
2152,1,Female,55,White,Physical disability,Canadian,Associate Degree,Unrelated,Personalized,Below average,10+ years,0
2153,1,Male,40,Hispanic,Mental health history,Canadian,Associate Degree,Somewhat related,Personalized,Below average,3-7 years,0
2154,1,Female,30,Black,None stated,American,Associate Degree,Somewhat related,Personalized,Above average,0-2 years,1
2155,1,Female,35,Black,Mental health history,German,Master Degree,Somewhat related,Unpersonalized,Below average,3-7 years,0
2156,1,Male,45,Asian,None stated,Mexican,Master Degree,Closely related,Personalized,Average,0-2 years,1
2157,1,Female,35,Asian,Physical disability,Canadian,Bachelor Degree,Somewhat related,Unpersonalized,Average,3-7 years,1
2158,1,Male,50,White,Mental health history,Canadian,Master Degree,Unrelated,Personalized,Above average,10+ years,0
2159,1,Female,35,Black,Physical disability,Indian,Master Degree,Closely related,Personalized,Below average,10+ years,1
2160,1,Non-binary,35,Asian,None stated,Mexican,Master Degree,Somewhat related,Personalized,Above average,0-2 years,0
2161,1,Non-binary,50,Hispanic,None stated,Mexican,Bachelor Degree,Somewhat related,Unpersonalized,Below average,3-7 years,0
2162,1,Non-binary,40,Asian,Physical disability,Canadian,Associate Degree,Somewhat related,Unpersonalized,Above average,0-2 years,0
2163,1,Male,50,Hispanic,None stated,Mexican,Associate Degree,Unrelated,Personalized,Average,10+ years,0
2164,1,Female,55,White,Physical disability,American,Bachelor Degree,Closely related,Unpersonalized,Average,3-7 years,1
2165,1,Male,55,Black,Mental health history,Canadian,Associate Degree,Unrelated,Personalized,Average,10+ years,1
2166,1,Non-binary,45,Asian,None stated,American,Associate Degree,Closely related,Unpersonalized,Below average,3-7 years,1
2167,1,Non-binary,35,Black,None stated,American,Master Degree,Unrelated,Unpersonalized,Average,0-2 years,0
2168,1,Non-binary,30,White,None stated,Indian,Bachelor Degree,Unrelated,Unpersonalized,Below average,0-2 years,0
2169,1,Male,50,White,Physical disability,American,Associate Degree,Unrelated,Unpersonalized,Above average,0-2 years,0
2170,1,Non-binary,50,Hispanic,None stated,Canadian,Master Degree,Closely related,Personalized,Above average,0-2 years,1
2171,1,Male,30,Hispanic,Physical disability,American,Associate Degree,Closely related,Unpersonalized,Above average,0-2 years,1
2172,1,Female,55,Hispanic,Mental health history,Mexican,Associate Degree,Closely related,Unpersonalized,Average,10+ years,0
2173,1,Female,45,White,Mental health history,German,Master Degree,Unrelated,Unpersonalized,Below average,10+ years,0
2174,1,Non-binary,45,Hispanic,Mental health history,American,Associate Degree,Closely related,Personalized,Below average,10+ years,1
2175,1,Female,40,White,Mental health history,Mexican,Bachelor Degree,Somewhat related,Unpersonalized,Below average,0-2 years,0
2176,1,Female,55,White,None stated,American,Bachelor Degree,Somewhat related,Unpersonalized,Below average,3-7 years,0
2177,1,Non-binary,35,White,Physical disability,Mexican,Bachelor Degree,Unrelated,Personalized,Average,10+ years,1
2178,1,Male,50,Asian,Physical disability,Indian,Associate Degree,Closely related,Personalized,Below average,3-7 years,0
2179,1,Female,55,Asian,Mental health history,Mexican,Associate Degree,Unrelated,Unpersonalized,Above average,3-7 years,0
2180,1,Male,30,White,Physical disability,Canadian,Master Degree,Unrelated,Personalized,Above average,0-2 years,1
2181,1,Male,55,Hispanic,Physical disability,Indian,Master Degree,Unrelated,Personalized,Above average,0-2 years,0
2182,1,Male,45,Black,Physical disability,Mexican,Bachelor Degree,Closely related,Unpersonalized,Below average,10+ years,1
2183,1,Male,35,Black,Physical disability,Indian,Associate Degree,Unrelated,Unpersonalized,Below average,3-7 years,0
2184,1,Non-binary,50,Hispanic,Mental health history,Mexican,Master Degree,Unrelated,Personalized,Average,10+ years,1
2185,1,Female,45,Black,Physical disability,Indian,Associate Degree,Somewhat related,Personalized,Average,10+ years,1
2186,1,Male,40,Asian,Mental health history,Indian,Bachelor Degree,Closely related,Personalized,Average,3-7 years,1
2187,1,Female,35,Black,Physical disability,Indian,Master Degree,Somewhat related,Unpersonalized,Average,10+ years,1
2188,1,Male,40,Asian,None stated,American,Associate Degree,Unrelated,Personalized,Below average,0-2 years,0
2189,1,Male,30,Asian,None stated,Canadian,Associate Degree,Unrelated,Unpersonalized,Above average,0-2 years,0
2190,1,Female,45,White,None stated,Indian,Associate Degree,Unrelated,Unpersonalized,Below average,10+ years,0
2191,1,Female,40,Black,Physical disability,Mexican,Master Degree,Closely related,Unpersonalized,Below average,0-2 years,0
2192,1,Male,35,Black,Physical disability,German,Bachelor Degree,Unrelated,Personalized,Above average,10+ years,1
2193,1,Female,40,White,Physical disability,German,Associate Degree,Unrelated,Unpersonalized,Average,3-7 years,0
2194,1,Female,40,Asian,Physical disability,German,Bachelor Degree,Somewhat related,Personalized,Average,3-7 years,1
2195,1,Female,40,Hispanic,None stated,Indian,Bachelor Degree,Somewhat related,Personalized,Above average,3-7 years,1
2196,1,Male,30,White,Physical disability,American,Bachelor Degree,Closely related,Unpersonalized,Above average,3-7 years,1
2197,1,Female,30,Hispanic,Mental health history,Canadian,Bachelor Degree,Closely related,Unpersonalized,Below average,0-2 years,0
2198,1,Female,30,Black,Mental health history,German,Bachelor Degree,Closely related,Unpersonalized,Above average,0-2 years,1
2199,1,Non-binary,40,Hispanic,Mental health history,Mexican,Bachelor Degree,Somewhat related,Unpersonalized,Below average,10+ years,0
2200,1,Non-binary,55,Black,Physical disability,American,Master Degree,Closely related,Personalized,Average,10+ years,1
2201,1,Female,45,White,Physical disability,Indian,Bachelor Degree,Unrelated,Personalized,Below average,3-7 years,0
2202,1,Non-binary,45,Black,Mental health history,American,Associate Degree,Closely related,Unpersonalized,Average,0-2 years,0
2203,1,Male,50,Black,Physical disability,Indian,Bachelor Degree,Somewhat related,Unpersonalized,Average,0-2 years,0
2204,1,Male,55,Black,Mental health history,Indian,Master Degree,Closely related,Unpersonalized,Below average,10+ years,0
2205,1,Female,45,Black,None stated,Mexican,Associate Degree,Unrelated,Unpersonalized,Below average,10+ years,0
2206,1,Male,30,White,Physical disability,Canadian,Associate Degree,Unrelated,Personalized,Average,10+ years,0
2207,1,Male,45,Hispanic,None stated,American,Associate Degree,Unrelated,Unpersonalized,Average,3-7 years,0
2208,1,Non-binary,35,Hispanic,Mental health history,American,Associate Degree,Unrelated,Personalized,Above average,0-2 years,1
2209,1,Male,50,Asian,Mental health history,Indian,Associate Degree,Closely related,Personalized,Average,0-2 years,0
2210,1,Male,35,Black,None stated,German,Master Degree,Unrelated,Personalized,Above average,0-2 years,0
2211,1,Male,35,White,None stated,Indian,Master Degree,Unrelated,Unpersonalized,Above average,10+ years,1
2212,1,Non-binary,30,Asian,Physical disability,American,Bachelor Degree,Unrelated,Unpersonalized,Average,0-2 years,0
2213,1,Female,30,White,Physical disability,Canadian,Associate Degree,Somewhat related,Personalized,Below average,10+ years,1
2214,1,Female,45,Asian,Mental health history,Canadian,Bachelor Degree,Unrelated,Personalized,Below average,3-7 years,0
2215,1,Non-binary,50,Asian,Mental health history,Mexican,Bachelor Degree,Somewhat related,Personalized,Average,0-2 years,0
2216,1,Non-binary,35,Hispanic,Mental health history,German,Bachelor Degree,Closely related,Unpersonalized,Above average,0-2 years,0
2217,1,Female,55,Black,Physical disability,Canadian,Bachelor Degree,Unrelated,Personalized,Above average,3-7 years,1
2218,1,Male,50,Hispanic,Physical disability,Indian,Master Degree,Closely related,Unpersonalized,Below average,10+ years,0
2219,1,Female,30,Black,Physical disability,Indian,Bachelor Degree,Closely related,Personalized,Average,0-2 years,1
2220,1,Female,35,Black,Mental health history,Mexican,Associate Degree,Somewhat related,Unpersonalized,Above average,0-2 years,0
2221,1,Non-binary,35,White,None stated,Mexican,Associate Degree,Closely related,Unpersonalized,Above average,10+ years,1
2222,1,Non-binary,45,White,Mental health history,Indian,Associate Degree,Somewhat related,Personalized,Average,3-7 years,1
2223,1,Male,40,White,Mental health history,Indian,Bachelor Degree,Somewhat related,Personalized,Above average,10+ years,1
2224,1,Female,45,Hispanic,Physical disability,American,Master Degree,Somewhat related,Unpersonalized,Above average,10+ years,1
2225,1,Female,35,Hispanic,Mental health history,Mexican,Associate Degree,Unrelated,Personalized,Above average,0-2 years,0
2226,1,Male,55,Black,None stated,Canadian,Master Degree,Closely related,Personalized,Average,3-7 years,1
2227,1,Female,55,Asian,Mental health history,Mexican,Bachelor Degree,Somewhat related,Unpersonalized,Above average,0-2 years,1
2228,1,Female,45,Black,Mental health history,American,Associate Degree,Somewhat related,Unpersonalized,Above average,3-7 years,0
2229,1,Female,45,Asian,Physical disability,Indian,Associate Degree,Unrelated,Unpersonalized,Average,0-2 years,0
2230,1,Male,45,Asian,None stated,Mexican,Master Degree,Unrelated,Unpersonalized,Below average,0-2 years,0
2231,1,Male,35,White,Physical disability,American,Master Degree,Unrelated,Unpersonalized,Below average,0-2 years,0
2232,1,Male,30,Hispanic,Physical disability,Canadian,Bachelor Degree,Somewhat related,Unpersonalized,Average,10+ years,1
2233,1,Male,50,Black,Mental health history,Canadian,Associate Degree,Closely related,Personalized,Average,0-2 years,0
2234,1,Female,40,Black,Mental health history,Mexican,Bachelor Degree,Closely related,Unpersonalized,Average,3-7 years,1
2235,1,Non-binary,50,Black,Physical disability,American,Bachelor Degree,Unrelated,Personalized,Below average,10+ years,1
2236,1,Male,55,Black,Mental health history,German,Bachelor Degree,Unrelated,Unpersonalized,Below average,3-7 years,0
2237,1,Non-binary,50,White,Mental health history,Indian,Associate Degree,Somewhat related,Unpersonalized,Below average,3-7 years,0
2238,1,Non-binary,40,White,Physical disability,German,Bachelor Degree,Closely related,Unpersonalized,Above average,10+ years,1
2239,1,Non-binary,50,Asian,Mental health history,Canadian,Associate Degree,Closely related,Unpersonalized,Average,0-2 years,0
2240,1,Female,55,Hispanic,None stated,Mexican,Master Degree,Somewhat related,Unpersonalized,Below average,0-2 years,0
2241,1,Non-binary,35,Asian,None stated,German,Associate Degree,Somewhat related,Personalized,Below average,0-2 years,0
2242,1,Male,30,Hispanic,Physical disability,Mexican,Master Degree,Unrelated,Unpersonalized,Average,10+ years,1
2243,1,Male,45,Asian,Physical disability,American,Master Degree,Unrelated,Personalized,Below average,0-2 years,0
2244,1,Female,40,White,Physical disability,Canadian,Associate Degree,Closely related,Personalized,Above average,3-7 years,1
2245,1,Female,55,Black,Physical disability,Indian,Bachelor Degree,Somewhat related,Unpersonalized,Above average,3-7 years,1
2246,1,Female,50,White,Physical disability,Indian,Associate Degree,Closely related,Unpersonalized,Above average,3-7 years,1
2247,1,Male,45,White,None stated,American,Bachelor Degree,Closely related,Personalized,Average,3-7 years,1
2248,1,Female,45,Hispanic,None stated,Canadian,Master Degree,Unrelated,Personalized,Average,10+ years,1
2249,1,Female,50,Black,Mental health history,Mexican,Bachelor Degree,Somewhat related,Personalized,Above average,0-2 years,1
2250,1,Non-binary,55,Asian,Mental health history,American,Associate Degree,Closely related,Unpersonalized,Above average,0-2 years,0
2251,1,Non-binary,50,Hispanic,Mental health history,American,Bachelor Degree,Closely related,Personalized,Below average,10+ years,1
2252,1,Female,35,Hispanic,Mental health history,American,Master Degree,Unrelated,Unpersonalized,Below average,3-7 years,0
2253,1,Male,30,White,None stated,Indian,Associate Degree,Unrelated,Personalized,Above average,10+ years,0
2254,1,Male,45,Black,Mental health history,Mexican,Bachelor Degree,Unrelated,Personalized,Average,3-7 years,0
2255,1,Non-binary,40,White,Physical disability,Mexican,Master Degree,Somewhat related,Personalized,Above average,0-2 years,1
2256,1,Female,50,Hispanic,Physical disability,German,Bachelor Degree,Unrelated,Unpersonalized,Above average,3-7 years,0
2257,1,Non-binary,45,Asian,Mental health history,Mexican,Master Degree,Closely related,Personalized,Average,10+ years,1
2258,1,Non-binary,55,Asian,Mental health history,Canadian,Bachelor Degree,Unrelated,Personalized,Average,3-7 years,0
2259,1,Male,30,Black,Mental health history,Indian,Associate Degree,Unrelated,Personalized,Average,3-7 years,1
2260,1,Female,55,Black,Mental health history,Canadian,Associate Degree,Unrelated,Unpersonalized,Average,0-2 years,0
2261,1,Male,50,White,Mental health history,Indian,Master Degree,Closely related,Unpersonalized,Above average,3-7 years,1
2262,1,Female,45,Hispanic,Mental health history,Mexican,Master Degree,Unrelated,Personalized,Above average,10+ years,1
2263,1,Non-binary,30,Asian,Physical disability,German,Associate Degree,Somewhat related,Unpersonalized,Average,10+ years,1
2264,1,Female,55,Black,Physical disability,Canadian,Master Degree,Somewhat related,Unpersonalized,Below average,10+ years,1
2265,1,Non-binary,55,Black,Physical disability,Mexican,Bachelor Degree,Somewhat related,Unpersonalized,Average,0-2 years,0
2266,1,Female,50,Hispanic,None stated,German,Master Degree,Somewhat related,Unpersonalized,Below average,0-2 years,0
2267,1,Non-binary,55,Asian,Physical disability,American,Associate Degree,Unrelated,Unpersonalized,Above average,0-2 years,0
2268,1,Non-binary,30,White,Physical disability,German,Master Degree,Closely related,Unpersonalized,Above average,3-7 years,1
2269,1,Non-binary,50,White,None stated,Canadian,Associate Degree,Closely related,Personalized,Above average,0-2 years,1
2270,1,Female,35,Black,None stated,Canadian,Associate Degree,Somewhat related,Personalized,Below average,0-2 years,0
2271,1,Male,50,Hispanic,Physical disability,Canadian,Associate Degree,Closely related,Personalized,Below average,3-7 years,1
2272,1,Female,50,White,None stated,American,Master Degree,Closely related,Personalized,Above average,3-7 years,1
2273,1,Non-binary,45,White,Physical disability,American,Bachelor Degree,Somewhat related,Unpersonalized,Above average,3-7 years,1
2274,1,Female,35,Black,None stated,Mexican,Associate Degree,Closely related,Personalized,Below average,10+ years,0
2275,1,Male,30,Hispanic,Mental health history,American,Associate Degree,Somewhat related,Personalized,Average,3-7 years,1
2276,1,Female,35,Asian,None stated,American,Associate Degree,Closely related,Personalized,Average,0-2 years,0
2277,1,Female,55,White,None stated,American,Bachelor Degree,Somewhat related,Personalized,Average,3-7 years,1
2278,1,Male,40,Black,Mental health history,Indian,Bachelor Degree,Closely related,Unpersonalized,Above average,0-2 years,1
2279,1,Non-binary,40,Black,Mental health history,American,Bachelor Degree,Unrelated,Personalized,Above average,0-2 years,1
2280,1,Female,40,White,Mental health history,Mexican,Master Degree,Somewhat related,Personalized,Below average,3-7 years,1
2281,1,Non-binary,45,White,Mental health history,American,Master Degree,Unrelated,Personalized,Average,10+ years,1
2282,1,Female,40,White,None stated,Indian,Associate Degree,Somewhat related,Personalized,Above average,10+ years,1
2283,1,Male,55,Black,None stated,American,Bachelor Degree,Closely related,Personalized,Average,0-2 years,1
2284,1,Female,30,Black,Physical disability,American,Bachelor Degree,Somewhat related,Personalized,Average,10+ years,1
2285,1,Female,50,Asian,Physical disability,German,Bachelor Degree,Unrelated,Unpersonalized,Average,10+ years,1
2286,1,Non-binary,55,White,None stated,German,Master Degree,Unrelated,Personalized,Below average,0-2 years,0
2287,1,Female,45,Hispanic,None stated,German,Bachelor Degree,Closely related,Unpersonalized,Below average,3-7 years,0
2288,1,Female,40,White,Physical disability,Indian,Associate Degree,Closely related,Personalized,Below average,0-2 years,0
2289,1,Female,45,Black,Physical disability,Canadian,Master Degree,Closely related,Personalized,Below average,3-7 years,1
2290,1,Non-binary,50,Hispanic,None stated,Indian,Associate Degree,Unrelated,Personalized,Average,10+ years,0
2291,1,Non-binary,50,Hispanic,Mental health history,Indian,Associate Degree,Unrelated,Unpersonalized,Above average,3-7 years,0
2292,1,Female,55,Hispanic,Mental health history,Mexican,Associate Degree,Unrelated,Personalized,Below average,0-2 years,0
2293,1,Male,40,Black,None stated,Mexican,Associate Degree,Somewhat related,Personalized,Average,0-2 years,0
2294,1,Male,40,Hispanic,Mental health history,Canadian,Bachelor Degree,Unrelated,Unpersonalized,Average,3-7 years,0
2295,1,Male,40,Hispanic,None stated,Mexican,Bachelor Degree,Somewhat related,Unpersonalized,Above average,10+ years,1
2296,1,Female,40,Asian,Mental health history,Mexican,Bachelor Degree,Unrelated,Unpersonalized,Above average,10+ years,0
2297,1,Female,35,White,Physical disability,American,Associate Degree,Unrelated,Personalized,Average,3-7 years,1
2298,1,Male,40,Hispanic,Mental health history,Canadian,Bachelor Degree,Closely related,Unpersonalized,Above average,10+ years,1
2299,1,Female,40,White,Mental health history,Canadian,Bachelor Degree,Somewhat related,Personalized,Below average,0-2 years,0
2300,1,Male,30,White,None stated,Mexican,Bachelor Degree,Somewhat related,Personalized,Below average,3-7 years,0
2301,1,Male,45,Hispanic,Mental health history,German,Bachelor Degree,Closely related,Personalized,Above average,10+ years,1
2302,1,Non-binary,55,White,Physical disability,Mexican,Associate Degree,Somewhat related,Personalized,Above average,3-7 years,1
2303,1,Non-binary,35,White,Physical disability,American,Associate Degree,Somewhat related,Personalized,Average,3-7 years,1
2304,1,Male,50,Hispanic,None stated,Mexican,Master Degree,Unrelated,Unpersonalized,Average,3-7 years,0
2305,1,Male,30,White,Mental health history,American,Bachelor Degree,Closely related,Unpersonalized,Above average,0-2 years,1
2306,1,Non-binary,50,Hispanic,None stated,Mexican,Master Degree,Somewhat related,Personalized,Below average,10+ years,1
2307,1,Non-binary,50,Black,Mental health history,Canadian,Associate Degree,Somewhat related,Unpersonalized,Above average,3-7 years,0
2308,1,Non-binary,55,White,None stated,Mexican,Master Degree,Closely related,Unpersonalized,Below average,10+ years,1
2309,1,Female,55,White,None stated,German,Bachelor Degree,Unrelated,Unpersonalized,Below average,10+ years,0
2310,1,Non-binary,45,Hispanic,None stated,Indian,Bachelor Degree,Closely related,Personalized,Average,0-2 years,1
2311,1,Non-binary,40,White,Mental health history,American,Associate Degree,Somewhat related,Unpersonalized,Below average,3-7 years,1
2312,1,Male,40,Black,Physical disability,Canadian,Bachelor Degree,Somewhat related,Unpersonalized,Average,3-7 years,1
2313,1,Non-binary,55,Black,Physical disability,American,Associate Degree,Closely related,Unpersonalized,Below average,10+ years,0
2314,1,Female,35,Black,Physical disability,German,Master Degree,Closely related,Unpersonalized,Below average,10+ years,1
2315,1,Male,30,Black,Mental health history,German,Bachelor Degree,Somewhat related,Personalized,Above average,0-2 years,1
2316,1,Male,45,Asian,Physical disability,Mexican,Associate Degree,Unrelated,Unpersonalized,Average,10+ years,0
2317,1,Female,30,Asian,None stated,Indian,Master Degree,Closely related,Personalized,Above average,0-2 years,1
2318,1,Male,30,Hispanic,Mental health history,Indian,Associate Degree,Somewhat related,Personalized,Below average,0-2 years,0
2319,1,Non-binary,50,White,Physical disability,American,Bachelor Degree,Closely related,Personalized,Average,10+ years,1
2320,1,Non-binary,45,White,Mental health history,Canadian,Master Degree,Closely related,Personalized,Average,0-2 years,1
2321,1,Female,45,Hispanic,Physical disability,Indian,Bachelor Degree,Somewhat related,Personalized,Above average,3-7 years,1
2322,1,Male,40,White,Mental health history,Mexican,Master Degree,Somewhat related,Personalized,Above average,10+ years,1
2323,1,Female,35,Black,None stated,German,Master Degree,Unrelated,Personalized,Average,10+ years,1
2324,1,Female,55,White,Physical disability,American,Associate Degree,Somewhat related,Unpersonalized,Average,3-7 years,1
2325,1,Non-binary,40,Asian,Mental health history,Indian,Bachelor Degree,Closely related,Personalized,Above average,3-7 years,1
2326,1,Male,50,Asian,None stated,Indian,Master Degree,Somewhat related,Unpersonalized,Average,3-7 years,0
2327,1,Male,35,Asian,Mental health history,Canadian,Master Degree,Somewhat related,Personalized,Below average,10+ years,1
2328,1,Female,45,Asian,Physical disability,Indian,Bachelor Degree,Somewhat related,Personalized,Average,10+ years,1
2329,1,Female,50,Asian,Physical disability,Mexican,Bachelor Degree,Closely related,Personalized,Below average,10+ years,1
2330,1,Male,55,Black,Physical disability,Indian,Associate Degree,Unrelated,Unpersonalized,Average,10+ years,0
2331,1,Non-binary,30,Hispanic,None stated,Mexican,Master Degree,Somewhat related,Personalized,Below average,0-2 years,1
2332,1,Non-binary,50,Black,Mental health history,American,Bachelor Degree,Somewhat related,Unpersonalized,Above average,3-7 years,1
2333,1,Female,55,Asian,None stated,Mexican,Master Degree,Closely related,Unpersonalized,Above average,10+ years,1
2334,1,Female,45,Hispanic,None stated,Indian,Bachelor Degree,Unrelated,Unpersonalized,Average,10+ years,0
2335,1,Female,30,Hispanic,None stated,American,Associate Degree,Closely related,Unpersonalized,Above average,0-2 years,0
2336,1,Non-binary,45,White,Mental health history,Canadian,Associate Degree,Closely related,Unpersonalized,Below average,3-7 years,0
2337,1,Non-binary,50,Hispanic,Mental health history,Canadian,Associate Degree,Unrelated,Unpersonalized,Average,0-2 years,0
2338,1,Male,40,White,Physical disability,Mexican,Associate Degree,Closely related,Personalized,Average,0-2 years,1
2339,1,Male,30,White,Mental health history,German,Bachelor Degree,Closely related,Unpersonalized,Below average,10+ years,1
2340,1,Male,35,Black,None stated,Indian,Associate Degree,Somewhat related,Unpersonalized,Above average,0-2 years,0
2341,1,Male,30,Asian,None stated,American,Associate Degree,Unrelated,Personalized,Above average,0-2 years,0
2342,1,Male,55,Asian,None stated,Canadian,Bachelor Degree,Somewhat related,Personalized,Average,10+ years,1
2343,1,Non-binary,55,Hispanic,None stated,American,Master Degree,Somewhat related,Personalized,Below average,10+ years,1
2344,1,Non-binary,30,Black,Mental health history,Indian,Bachelor Degree,Somewhat related,Unpersonalized,Average,3-7 years,1
2345,1,Female,50,Asian,Physical disability,American,Associate Degree,Closely related,Unpersonalized,Below average,0-2 years,0
2346,1,Non-binary,55,Black,Mental health history,American,Master Degree,Closely related,Personalized,Below average,3-7 years,1
2347,1,Male,55,Black,None stated,Mexican,Bachelor Degree,Unrelated,Unpersonalized,Below average,0-2 years,0
2348,1,Non-binary,50,White,Mental health history,Mexican,Associate Degree,Unrelated,Personalized,Below average,10+ years,0
2349,1,Female,40,White,None stated,Indian,Master Degree,Closely related,Unpersonalized,Above average,3-7 years,1
2350,1,Non-binary,40,White,None stated,German,Bachelor Degree,Unrelated,Unpersonalized,Below average,3-7 years,0
2351,1,Non-binary,50,Hispanic,Physical disability,Mexican,Associate Degree,Unrelated,Personalized,Below average,10+ years,1
2352,1,Non-binary,55,Asian,Mental health history,Canadian,Bachelor Degree,Closely related,Personalized,Below average,3-7 years,1
2353,1,Non-binary,35,Hispanic,None stated,German,Bachelor Degree,Unrelated,Personalized,Above average,0-2 years,0
2354,1,Male,50,Hispanic,Physical disability,Indian,Bachelor Degree,Closely related,Unpersonalized,Average,0-2 years,0
2355,1,Female,45,White,Physical disability,American,Master Degree,Unrelated,Personalized,Above average,3-7 years,1
2356,1,Male,40,Asian,Physical disability,Indian,Associate Degree,Unrelated,Personalized,Average,3-7 years,0
2357,1,Non-binary,55,White,Physical disability,German,Master Degree,Somewhat related,Personalized,Average,0-2 years,1
2358,1,Female,40,Hispanic,Mental health history,American,Master Degree,Closely related,Unpersonalized,Below average,0-2 years,0
2359,1,Non-binary,30,White,None stated,American,Master Degree,Unrelated,Personalized,Average,3-7 years,1
2360,1,Non-binary,45,Asian,None stated,Indian,Master Degree,Closely related,Personalized,Below average,10+ years,1
2361,1,Female,30,Black,None stated,American,Associate Degree,Closely related,Unpersonalized,Above average,0-2 years,0
2362,1,Male,40,Asian,Mental health history,American,Master Degree,Somewhat related,Personalized,Below average,10+ years,1
2363,1,Male,35,Hispanic,Mental health history,Indian,Bachelor Degree,Somewhat related,Unpersonalized,Average,10+ years,1
2364,1,Non-binary,50,Hispanic,Mental health history,Canadian,Master Degree,Somewhat related,Unpersonalized,Above average,10+ years,1
2365,1,Non-binary,50,Hispanic,Mental health history,American,Associate Degree,Somewhat related,Unpersonalized,Average,10+ years,1
2366,1,Male,35,Black,None stated,American,Bachelor Degree,Unrelated,Unpersonalized,Average,3-7 years,0
2367,1,Non-binary,55,Black,None stated,Canadian,Associate Degree,Closely related,Unpersonalized,Above average,3-7 years,1
2368,1,Male,45,White,Physical disability,Indian,Bachelor Degree,Unrelated,Unpersonalized,Average,10+ years,0
2369,1,Male,35,Hispanic,Physical disability,German,Bachelor Degree,Somewhat related,Unpersonalized,Below average,3-7 years,0
2370,1,Non-binary,40,Asian,Mental health history,German,Master Degree,Closely related,Unpersonalized,Average,10+ years,1
2371,1,Female,55,Hispanic,Physical disability,Canadian,Associate Degree,Unrelated,Unpersonalized,Average,3-7 years,0
2372,1,Male,55,Hispanic,Mental health history,American,Master Degree,Unrelated,Personalized,Below average,10+ years,0
2373,1,Female,50,Hispanic,None stated,Canadian,Master Degree,Somewhat related,Unpersonalized,Above average,0-2 years,0
2374,1,Female,45,White,Physical disability,American,Bachelor Degree,Somewhat related,Unpersonalized,Below average,10+ years,0
2375,1,Non-binary,55,Black,Physical disability,American,Bachelor Degree,Closely related,Unpersonalized,Average,10+ years,1
2376,1,Male,55,Hispanic,None stated,Canadian,Master Degree,Unrelated,Unpersonalized,Below average,3-7 years,0
2377,1,Non-binary,35,White,Mental health history,Canadian,Associate Degree,Unrelated,Unpersonalized,Average,10+ years,0
2378,1,Male,55,Asian,Mental health history,American,Master Degree,Somewhat related,Unpersonalized,Above average,3-7 years,1
2379,1,Male,30,Black,Physical disability,Indian,Associate Degree,Closely related,Personalized,Average,10+ years,1
2380,1,Non-binary,50,Hispanic,Physical disability,Indian,Associate Degree,Somewhat related,Unpersonalized,Below average,0-2 years,0
2381,1,Male,50,Hispanic,Mental health history,Mexican,Bachelor Degree,Somewhat related,Personalized,Above average,3-7 years,1
2382,1,Male,50,Asian,Physical disability,Indian,Master Degree,Closely related,Unpersonalized,Average,0-2 years,0
2383,1,Female,35,Hispanic,None stated,German,Associate Degree,Closely related,Personalized,Below average,3-7 years,0
2384,1,Non-binary,30,Hispanic,None stated,Mexican,Master Degree,Unrelated,Personalized,Below average,0-2 years,0
2385,1,Female,45,Black,None stated,German,Bachelor Degree,Somewhat related,Unpersonalized,Above average,0-2 years,0
2386,1,Male,30,White,Mental health history,Mexican,Master Degree,Somewhat related,Personalized,Average,3-7 years,1
2387,1,Non-binary,30,Hispanic,Physical disability,German,Master Degree,Somewhat related,Personalized,Below average,10+ years,1
2388,1,Female,45,Hispanic,Mental health history,German,Bachelor Degree,Somewhat related,Unpersonalized,Average,0-2 years,0
2389,1,Female,40,Asian,None stated,Indian,Associate Degree,Closely related,Personalized,Below average,3-7 years,0
2390,1,Female,45,Hispanic,None stated,Mexican,Master Degree,Somewhat related,Personalized,Average,10+ years,1
2391,1,Female,40,White,None stated,German,Master Degree,Unrelated,Personalized,Above average,10+ years,1
2392,1,Male,50,Asian,None stated,American,Bachelor Degree,Somewhat related,Personalized,Average,0-2 years,0
2393,1,Non-binary,35,Asian,Mental health history,German,Associate Degree,Closely related,Unpersonalized,Average,0-2 years,0
2394,1,Male,35,Black,Mental health history,Mexican,Bachelor Degree,Closely related,Personalized,Above average,10+ years,1
2395,1,Non-binary,50,White,None stated,Canadian,Associate Degree,Unrelated,Unpersonalized,Below average,3-7 years,0
2396,1,Male,40,White,Physical disability,German,Bachelor Degree,Unrelated,Personalized,Above average,10+ years,1
2397,1,Male,30,White,Physical disability,Mexican,Bachelor Degree,Somewhat related,Unpersonalized,Below average,10+ years,0
2398,1,Male,35,Asian,Physical disability,Indian,Master Degree,Unrelated,Unpersonalized,Below average,3-7 years,0
2399,1,Male,45,Black,None stated,Indian,Bachelor Degree,Unrelated,Personalized,Above average,3-7 years,0
2400,1,Non-binary,50,Black,Mental health history,Canadian,Bachelor Degree,Closely related,Unpersonalized,Average,3-7 years,1
2401,1,Female,45,Asian,None stated,Indian,Bachelor Degree,Unrelated,Unpersonalized,Below average,0-2 years,0
2402,1,Male,40,White,None stated,Mexican,Associate Degree,Somewhat related,Unpersonalized,Above average,0-2 years,0
2403,1,Male,50,Asian,None stated,Indian,Associate Degree,Unrelated,Unpersonalized,Average,0-2 years,0
2404,1,Non-binary,50,Hispanic,Mental health history,Mexican,Bachelor Degree,Somewhat related,Unpersonalized,Below average,3-7 years,0
2405,1,Female,50,White,Mental health history,Mexican,Bachelor Degree,Somewhat related,Unpersonalized,Below average,3-7 years,0
2406,1,Female,35,Hispanic,Mental health history,German,Associate Degree,Closely related,Personalized,Above average,0-2 years,1
2407,1,Non-binary,35,White,Mental health history,German,Master Degree,Unrelated,Unpersonalized,Below average,3-7 years,0
2408,1,Female,35,Asian,None stated,American,Associate Degree,Somewhat related,Unpersonalized,Above average,10+ years,1
2409,1,Non-binary,30,Black,Mental health history,American,Associate Degree,Somewhat related,Unpersonalized,Below average,0-2 years,0
2410,1,Non-binary,50,Asian,Physical disability,Canadian,Bachelor Degree,Unrelated,Personalized,Average,10+ years,1
2411,1,Female,30,Hispanic,None stated,Indian,Master Degree,Somewhat related,Unpersonalized,Below average,10+ years,1
2412,1,Female,45,White,None stated,Canadian,Associate Degree,Closely related,Unpersonalized,Above average,0-2 years,0
2413,1,Non-binary,40,Black,Physical disability,Canadian,Master Degree,Somewhat related,Unpersonalized,Below average,10+ years,1
2414,1,Female,45,Asian,Physical disability,Indian,Master Degree,Somewhat related,Unpersonalized,Below average,10+ years,0
2415,1,Female,55,White,Physical disability,Indian,Bachelor Degree,Closely related,Unpersonalized,Average,10+ years,1
2416,1,Male,40,Hispanic,None stated,American,Bachelor Degree,Closely related,Personalized,Average,3-7 years,1
2417,1,Male,45,Hispanic,None stated,Indian,Bachelor Degree,Closely related,Unpersonalized,Average,3-7 years,1
2418,1,Male,50,White,Physical disability,Indian,Bachelor Degree,Somewhat related,Personalized,Average,3-7 years,1
2419,1,Non-binary,30,Asian,Mental health history,Mexican,Bachelor Degree,Somewhat related,Unpersonalized,Average,3-7 years,1
2420,1,Non-binary,35,Hispanic,Mental health history,American,Bachelor Degree,Unrelated,Personalized,Above average,10+ years,0
2421,1,Male,30,Black,None stated,American,Master Degree,Somewhat related,Unpersonalized,Above average,3-7 years,1
2422,1,Female,35,White,Mental health history,Indian,Master Degree,Somewhat related,Personalized,Above average,0-2 years,1
2423,1,Male,50,White,Physical disability,Indian,Associate Degree,Closely related,Personalized,Average,3-7 years,1
2424,1,Male,40,White,None stated,Indian,Associate Degree,Unrelated,Unpersonalized,Below average,3-7 years,0
2425,1,Non-binary,45,Asian,Physical disability,American,Associate Degree,Closely related,Unpersonalized,Below average,10+ years,1
2426,1,Female,35,Asian,Physical disability,American,Associate Degree,Somewhat related,Personalized,Above average,10+ years,1
2427,1,Male,50,Black,Physical disability,German,Bachelor Degree,Unrelated,Unpersonalized,Average,0-2 years,0
2428,1,Non-binary,45,Hispanic,Mental health history,Canadian,Associate Degree,Closely related,Unpersonalized,Above average,0-2 years,0
2429,1,Male,35,Black,Mental health history,Mexican,Bachelor Degree,Closely related,Personalized,Average,0-2 years,1
2430,1,Male,50,Asian,None stated,Indian,Bachelor Degree,Unrelated,Personalized,Average,3-7 years,1
2431,1,Non-binary,30,Asian,Mental health history,German,Master Degree,Unrelated,Personalized,Above average,10+ years,0
2432,1,Female,30,White,Mental health history,American,Bachelor Degree,Somewhat related,Personalized,Above average,10+ years,1
2433,1,Female,55,Hispanic,Mental health history,Mexican,Bachelor Degree,Closely related,Personalized,Below average,0-2 years,0
2434,1,Male,55,Asian,Mental health history,German,Associate Degree,Somewhat related,Personalized,Average,3-7 years,1
2435,1,Male,50,Black,None stated,Canadian,Associate Degree,Closely related,Unpersonalized,Below average,3-7 years,0
2436,1,Female,50,White,None stated,American,Bachelor Degree,Unrelated,Unpersonalized,Average,3-7 years,0
2437,1,Male,50,Hispanic,None stated,German,Bachelor Degree,Closely related,Personalized,Average,0-2 years,0
2438,1,Male,35,Hispanic,None stated,Canadian,Master Degree,Unrelated,Unpersonalized,Above average,3-7 years,0
2439,1,Non-binary,35,Asian,None stated,German,Associate Degree,Somewhat related,Unpersonalized,Below average,3-7 years,0
2440,1,Male,45,Hispanic,Physical disability,Indian,Master Degree,Closely related,Personalized,Above average,10+ years,1
2441,1,Non-binary,35,White,None stated,Indian,Bachelor Degree,Closely related,Unpersonalized,Average,10+ years,1
2442,1,Non-binary,30,White,Physical disability,Indian,Associate Degree,Unrelated,Personalized,Above average,0-2 years,1
2443,1,Female,45,Black,Physical disability,Canadian,Bachelor Degree,Closely related,Unpersonalized,Below average,0-2 years,0
2444,1,Non-binary,45,Hispanic,Physical disability,German,Master Degree,Closely related,Unpersonalized,Above average,10+ years,1
2445,1,Male,55,White,Physical disability,American,Master Degree,Closely related,Unpersonalized,Average,10+ years,1
2446,1,Non-binary,40,Black,None stated,Mexican,Associate Degree,Closely related,Unpersonalized,Average,10+ years,1
2447,1,Male,45,Hispanic,Physical disability,Mexican,Bachelor Degree,Unrelated,Unpersonalized,Average,0-2 years,0
2448,1,Female,30,Black,Mental health history,Indian,Associate Degree,Unrelated,Personalized,Below average,3-7 years,0
2449,1,Female,55,Asian,Physical disability,Indian,Associate Degree,Somewhat related,Personalized,Below average,10+ years,0
2450,1,Female,30,Hispanic,Mental health history,Indian,Master Degree,Somewhat related,Unpersonalized,Below average,3-7 years,0
2451,1,Non-binary,30,Black,Mental health history,Mexican,Master Degree,Unrelated,Unpersonalized,Below average,3-7 years,0
2452,1,Male,35,Asian,Mental health history,American,Associate Degree,Unrelated,Unpersonalized,Above average,0-2 years,0
2453,1,Non-binary,50,Hispanic,Mental health history,Indian,Master Degree,Closely related,Unpersonalized,Below average,10+ years,1
2454,1,Non-binary,40,Black,Mental health history,Indian,Master Degree,Somewhat related,Personalized,Above average,0-2 years,1
2455,1,Non-binary,30,Hispanic,Physical disability,American,Master Degree,Unrelated,Personalized,Below average,10+ years,1
2456,1,Male,55,Black,Physical disability,Mexican,Master Degree,Unrelated,Unpersonalized,Above average,3-7 years,0
2457,1,Non-binary,45,Black,Mental health history,Mexican,Associate Degree,Closely related,Personalized,Above average,0-2 years,1
2458,1,Female,45,Black,Physical disability,Canadian,Bachelor Degree,Somewhat related,Unpersonalized,Above average,0-2 years,1
2459,1,Female,30,Hispanic,Physical disability,American,Master Degree,Unrelated,Personalized,Below average,0-2 years,0
2460,1,Non-binary,45,Asian,Physical disability,Canadian,Master Degree,Closely related,Unpersonalized,Average,0-2 years,1
2461,1,Male,35,Asian,None stated,Indian,Master Degree,Somewhat related,Personalized,Above average,3-7 years,1
2462,1,Non-binary,30,Hispanic,None stated,German,Master Degree,Closely related,Unpersonalized,Above average,3-7 years,1
2463,1,Non-binary,45,Black,None stated,German,Bachelor Degree,Closely related,Unpersonalized,Above average,3-7 years,1
2464,1,Female,45,Black,None stated,American,Master Degree,Somewhat related,Personalized,Above average,0-2 years,1
2465,1,Non-binary,45,White,Physical disability,German,Associate Degree,Closely related,Personalized,Below average,10+ years,1
2466,1,Female,55,Black,Mental health history,Mexican,Master Degree,Unrelated,Unpersonalized,Above average,3-7 years,0
2467,1,Male,55,Hispanic,Mental health history,German,Associate Degree,Somewhat related,Unpersonalized,Below average,10+ years,0
2468,1,Male,35,Hispanic,Mental health history,German,Associate Degree,Somewhat related,Unpersonalized,Above average,0-2 years,0
2469,1,Female,45,White,Mental health history,Canadian,Master Degree,Unrelated,Personalized,Below average,3-7 years,0
2470,1,Female,55,Asian,Physical disability,German,Master Degree,Closely related,Personalized,Average,10+ years,1
2471,1,Female,35,White,Mental health history,Canadian,Associate Degree,Unrelated,Personalized,Below average,0-2 years,0
2472,1,Non-binary,35,Asian,Mental health history,Indian,Bachelor Degree,Somewhat related,Personalized,Above average,10+ years,1
2473,1,Non-binary,35,Black,None stated,American,Associate Degree,Unrelated,Unpersonalized,Below average,10+ years,0
2474,1,Female,30,Asian,Mental health history,American,Master Degree,Closely related,Unpersonalized,Below average,0-2 years,0
2475,1,Female,30,Black,Physical disability,German,Master Degree,Unrelated,Unpersonalized,Above average,0-2 years,0
2476,1,Female,45,Asian,Mental health history,German,Bachelor Degree,Closely related,Personalized,Above average,10+ years,1
2477,1,Male,35,Hispanic,Physical disability,Canadian,Master Degree,Unrelated,Unpersonalized,Average,3-7 years,0
2478,1,Non-binary,30,Asian,Physical disability,Canadian,Bachelor Degree,Closely related,Unpersonalized,Below average,10+ years,1
2479,1,Female,45,White,Mental health history,German,Master Degree,Somewhat related,Personalized,Below average,10+ years,1
2480,1,Male,50,Hispanic,Mental health history,German,Master Degree,Somewhat related,Unpersonalized,Above average,10+ years,1
2481,1,Female,40,Hispanic,None stated,Indian,Associate Degree,Unrelated,Unpersonalized,Average,3-7 years,0
2482,1,Male,35,Black,Mental health history,Mexican,Master Degree,Somewhat related,Unpersonalized,Above average,3-7 years,1
2483,1,Non-binary,30,White,None stated,Mexican,Master Degree,Closely related,Unpersonalized,Above average,3-7 years,1
2484,1,Female,55,White,Mental health history,Canadian,Bachelor Degree,Somewhat related,Personalized,Above average,3-7 years,1
2485,1,Female,40,Black,None stated,Mexican,Associate Degree,Unrelated,Unpersonalized,Below average,3-7 years,0
2486,1,Non-binary,45,White,Mental health history,Indian,Master Degree,Somewhat related,Unpersonalized,Below average,3-7 years,0
2487,1,Male,30,Hispanic,Physical disability,Canadian,Master Degree,Unrelated,Personalized,Above average,3-7 years,1
2488,1,Male,55,Asian,Physical disability,Mexican,Master Degree,Closely related,Unpersonalized,Below average,0-2 years,0
2489,1,Non-binary,35,Black,Mental health history,Canadian,Bachelor Degree,Somewhat related,Personalized,Above average,10+ years,1
2490,1,Non-binary,30,Asian,Physical disability,Indian,Associate Degree,Closely related,Unpersonalized,Above average,3-7 years,1
2491,1,Non-binary,30,Asian,None stated,Indian,Bachelor Degree,Unrelated,Unpersonalized,Average,10+ years,0
2492,1,Male,45,Black,Mental health history,Mexican,Associate Degree,Somewhat related,Personalized,Above average,0-2 years,0
2493,1,Non-binary,30,Asian,Physical disability,German,Associate Degree,Unrelated,Unpersonalized,Average,0-2 years,0
2494,1,Non-binary,50,Black,Physical disability,American,Associate Degree,Somewhat related,Personalized,Above average,0-2 years,0
2495,1,Male,45,Asian,Mental health history,German,Associate Degree,Somewhat related,Personalized,Above average,3-7 years,1
2496,1,Female,40,Asian,Mental health history,Mexican,Bachelor Degree,Closely related,Unpersonalized,Above average,0-2 years,1
2497,1,Male,35,Asian,Mental health history,German,Master Degree,Unrelated,Personalized,Average,10+ years,1
2498,1,Non-binary,40,Asian,Physical disability,Canadian,Associate Degree,Unrelated,Personalized,Average,3-7 years,1
2499,1,Non-binary,35,White,Physical disability,Indian,Associate Degree,Unrelated,Personalized,Above average,10+ years,0
2500,1,Non-binary,40,White,Mental health history,Mexican,Bachelor Degree,Unrelated,Unpersonalized,Average,0-2 years,0
2501,1,Male,45,White,Mental health history,Indian,Bachelor Degree,Unrelated,Unpersonalized,Below average,0-2 years,0
2502,1,Non-binary,45,Black,Mental health history,Canadian,Bachelor Degree,Somewhat related,Unpersonalized,Average,0-2 years,1
2503,1,Male,40,White,Physical disability,Canadian,Bachelor Degree,Somewhat related,Unpersonalized,Above average,10+ years,1
2504,1,Female,55,Hispanic,Physical disability,Canadian,Bachelor Degree,Closely related,Unpersonalized,Average,10+ years,1
2505,1,Female,30,White,Physical disability,Indian,Master Degree,Unrelated,Personalized,Average,0-2 years,0
2506,1,Female,30,White,Physical disability,Mexican,Bachelor Degree,Somewhat related,Unpersonalized,Above average,0-2 years,0
2507,1,Male,45,Hispanic,Mental health history,German,Bachelor Degree,Somewhat related,Personalized,Average,10+ years,1
2508,1,Non-binary,50,Hispanic,None stated,Indian,Associate Degree,Unrelated,Personalized,Average,3-7 years,0
2509,1,Female,45,White,Physical disability,Mexican,Associate Degree,Somewhat related,Unpersonalized,Average,3-7 years,1
2510,1,Non-binary,50,Asian,Mental health history,Mexican,Bachelor Degree,Closely related,Personalized,Average,10+ years,1
2511,1,Male,50,Black,Mental health history,Canadian,Bachelor Degree,Closely related,Unpersonalized,Above average,10+ years,1
2512,1,Female,55,White,Physical disability,Indian,Bachelor Degree,Somewhat related,Personalized,Average,3-7 years,1
2513,1,Female,30,Black,None stated,Indian,Master Degree,Closely related,Personalized,Average,10+ years,1
2514,1,Non-binary,40,Black,Physical disability,Mexican,Associate Degree,Somewhat related,Unpersonalized,Below average,10+ years,0
2515,1,Female,30,Black,Physical disability,Canadian,Associate Degree,Somewhat related,Personalized,Below average,10+ years,1
2516,1,Male,45,Black,None stated,Canadian,Bachelor Degree,Closely related,Unpersonalized,Above average,10+ years,1
2517,1,Female,50,Hispanic,Mental health history,Indian,Bachelor Degree,Unrelated,Personalized,Below average,3-7 years,0
2518,1,Male,55,Hispanic,Physical disability,German,Bachelor Degree,Unrelated,Personalized,Below average,3-7 years,0
2519,1,Male,30,Hispanic,None stated,Canadian,Associate Degree,Somewhat related,Unpersonalized,Below average,0-2 years,0
2520,1,Male,55,Asian,Mental health history,American,Master Degree,Closely related,Personalized,Above average,3-7 years,1
2521,1,Male,50,Black,Mental health history,German,Master Degree,Unrelated,Unpersonalized,Average,0-2 years,0
2522,1,Female,45,Black,Physical disability,American,Bachelor Degree,Unrelated,Personalized,Average,10+ years,1
2523,1,Female,30,Asian,Physical disability,American,Associate Degree,Somewhat related,Personalized,Average,3-7 years,1
2524,1,Male,40,White,Physical disability,Canadian,Associate Degree,Closely related,Unpersonalized,Average,0-2 years,0
2525,1,Male,50,Hispanic,Mental health history,Mexican,Associate Degree,Somewhat related,Unpersonalized,Above average,3-7 years,0
2526,1,Male,40,White,Physical disability,Canadian,Bachelor Degree,Closely related,Personalized,Below average,10+ years,1
2527,1,Non-binary,35,White,None stated,Mexican,Master Degree,Unrelated,Unpersonalized,Average,3-7 years,0
2528,1,Non-binary,45,Black,None stated,Canadian,Associate Degree,Somewhat related,Personalized,Below average,0-2 years,1
2529,1,Non-binary,55,Black,Physical disability,Mexican,Associate Degree,Closely related,Unpersonalized,Below average,10+ years,1
2530,1,Non-binary,50,Hispanic,Physical disability,Mexican,Master Degree,Somewhat related,Unpersonalized,Below average,0-2 years,0
2531,1,Non-binary,50,Black,Physical disability,Mexican,Bachelor Degree,Unrelated,Unpersonalized,Below average,0-2 years,0
2532,1,Non-binary,45,White,Mental health history,German,Associate Degree,Unrelated,Personalized,Average,3-7 years,1
2533,1,Male,35,White,Physical disability,Indian,Master Degree,Somewhat related,Unpersonalized,Average,0-2 years,1
2534,1,Male,30,Hispanic,None stated,Canadian,Bachelor Degree,Closely related,Personalized,Average,3-7 years,1
2535,1,Female,30,Black,None stated,American,Associate Degree,Closely related,Unpersonalized,Average,10+ years,1
2536,1,Non-binary,55,Asian,None stated,German,Associate Degree,Unrelated,Personalized,Average,3-7 years,0
2537,1,Non-binary,40,White,Physical disability,Indian,Associate Degree,Somewhat related,Personalized,Above average,0-2 years,0
2538,1,Male,45,Hispanic,Physical disability,Indian,Associate Degree,Closely related,Unpersonalized,Below average,0-2 years,0
2539,1,Non-binary,30,Asian,Physical disability,American,Bachelor Degree,Somewhat related,Personalized,Average,0-2 years,1
2540,1,Non-binary,50,White,Physical disability,German,Associate Degree,Closely related,Unpersonalized,Average,3-7 years,1
2541,1,Non-binary,50,Asian,Physical disability,Mexican,Bachelor Degree,Somewhat related,Personalized,Average,10+ years,1
2542,1,Non-binary,45,Hispanic,Mental health history,Mexican,Bachelor Degree,Somewhat related,Personalized,Below average,3-7 years,1
2543,1,Male,45,White,Physical disability,American,Associate Degree,Unrelated,Personalized,Average,0-2 years,0
2544,1,Male,35,Asian,Physical disability,German,Bachelor Degree,Somewhat related,Unpersonalized,Above average,0-2 years,1
2545,1,Non-binary,30,Hispanic,Mental health history,Canadian,Bachelor Degree,Closely related,Personalized,Above average,3-7 years,1
2546,1,Female,40,Hispanic,Physical disability,Canadian,Bachelor Degree,Unrelated,Personalized,Average,0-2 years,0
2547,1,Female,30,Black,Mental health history,German,Bachelor Degree,Closely related,Unpersonalized,Below average,0-2 years,0
2548,1,Female,40,Asian,None stated,Canadian,Associate Degree,Somewhat related,Unpersonalized,Below average,3-7 years,0
2549,1,Female,55,White,None stated,Mexican,Master Degree,Somewhat related,Personalized,Below average,0-2 years,0
2550,1,Female,55,Hispanic,None stated,American,Master Degree,Unrelated,Personalized,Average,3-7 years,1
2551,1,Male,40,Black,Physical disability,German,Bachelor Degree,Closely related,Unpersonalized,Below average,3-7 years,1
2552,1,Non-binary,55,Hispanic,Physical disability,American,Bachelor Degree,Closely related,Personalized,Above average,0-2 years,1
2553,1,Non-binary,50,Asian,None stated,German,Associate Degree,Somewhat related,Unpersonalized,Average,10+ years,0
2554,1,Female,45,White,Physical disability,Canadian,Master Degree,Unrelated,Personalized,Above average,0-2 years,0
2555,1,Male,55,Hispanic,Mental health history,German,Associate Degree,Unrelated,Personalized,Above average,10+ years,1
2556,1,Non-binary,35,Black,None stated,Canadian,Associate Degree,Closely related,Personalized,Above average,3-7 years,1
2557,1,Female,35,Hispanic,Mental health history,American,Bachelor Degree,Closely related,Personalized,Above average,0-2 years,1
2558,1,Female,35,White,Mental health history,Mexican,Master Degree,Closely related,Personalized,Below average,3-7 years,1
2559,1,Non-binary,50,Hispanic,None stated,German,Master Degree,Unrelated,Unpersonalized,Average,3-7 years,1
2560,1,Female,55,Hispanic,Physical disability,German,Master Degree,Unrelated,Personalized,Above average,3-7 years,1
2561,1,Non-binary,55,White,Physical disability,American,Associate Degree,Unrelated,Personalized,Average,0-2 years,1
2562,1,Male,30,White,Physical disability,Mexican,Associate Degree,Somewhat related,Personalized,Average,3-7 years,1
2563,1,Non-binary,35,Black,None stated,Canadian,Associate Degree,Unrelated,Unpersonalized,Average,10+ years,0
2564,1,Male,45,White,Mental health history,Mexican,Master Degree,Somewhat related,Personalized,Above average,10+ years,1
2565,1,Non-binary,30,White,Mental health history,German,Associate Degree,Somewhat related,Personalized,Above average,0-2 years,1
2566,1,Non-binary,30,Black,Physical disability,Mexican,Master Degree,Somewhat related,Personalized,Below average,0-2 years,1
2567,1,Female,40,Asian,Physical disability,American,Bachelor Degree,Somewhat related,Personalized,Average,3-7 years,1
2568,1,Non-binary,55,White,Mental health history,American,Master Degree,Closely related,Personalized,Below average,10+ years,1
2569,1,Non-binary,50,Black,Physical disability,German,Bachelor Degree,Unrelated,Unpersonalized,Average,3-7 years,0
2570,1,Non-binary,30,Hispanic,None stated,Indian,Bachelor Degree,Somewhat related,Unpersonalized,Average,10+ years,1
2571,1,Non-binary,30,White,Mental health history,Mexican,Bachelor Degree,Unrelated,Personalized,Average,10+ years,1
2572,1,Male,45,Hispanic,Mental health history,American,Bachelor Degree,Closely related,Personalized,Above average,10+ years,1
2573,1,Female,40,Black,None stated,Indian,Associate Degree,Closely related,Unpersonalized,Average,3-7 years,1
2574,1,Male,40,Asian,None stated,Indian,Bachelor Degree,Closely related,Personalized,Above average,10+ years,1
2575,1,Male,55,White,Mental health history,Mexican,Bachelor Degree,Unrelated,Personalized,Average,3-7 years,0
2576,1,Female,40,Hispanic,Mental health history,German,Associate Degree,Unrelated,Unpersonalized,Above average,3-7 years,0
2577,1,Female,45,Asian,None stated,German,Associate Degree,Closely related,Personalized,Below average,3-7 years,1
2578,1,Female,30,Asian,Mental health history,German,Associate Degree,Somewhat related,Unpersonalized,Average,10+ years,0
2579,1,Male,30,Asian,None stated,American,Bachelor Degree,Unrelated,Unpersonalized,Above average,3-7 years,0
2580,1,Female,45,White,Physical disability,German,Master Degree,Unrelated,Personalized,Above average,3-7 years,1
2581,1,Non-binary,45,Asian,Mental health history,American,Associate Degree,Unrelated,Personalized,Average,10+ years,0
2582,1,Female,50,Asian,Mental health history,American,Bachelor Degree,Closely related,Personalized,Above average,0-2 years,1
2583,1,Non-binary,55,Hispanic,None stated,American,Master Degree,Closely related,Personalized,Average,10+ years,1
2584,1,Female,30,Hispanic,Mental health history,Mexican,Bachelor Degree,Somewhat related,Unpersonalized,Below average,3-7 years,0
2585,1,Male,50,White,None stated,Canadian,Bachelor Degree,Unrelated,Personalized,Above average,10+ years,1
2586,1,Non-binary,40,Asian,Mental health history,German,Bachelor Degree,Closely related,Personalized,Below average,10+ years,1
2587,1,Non-binary,55,Asian,Mental health history,German,Bachelor Degree,Unrelated,Personalized,Below average,3-7 years,0
2588,1,Male,45,White,Physical disability,Canadian,Bachelor Degree,Closely related,Unpersonalized,Average,10+ years,1
2589,1,Female,45,Hispanic,Physical disability,Indian,Associate Degree,Unrelated,Personalized,Below average,0-2 years,0
2590,1,Male,45,Hispanic,Mental health history,Indian,Associate Degree,Unrelated,Unpersonalized,Above average,3-7 years,0
2591,1,Female,30,Asian,Physical disability,Indian,Bachelor Degree,Somewhat related,Personalized,Above average,0-2 years,1
2592,1,Female,40,Asian,Physical disability,German,Bachelor Degree,Closely related,Unpersonalized,Above average,3-7 years,1
2593,1,Female,40,Asian,Mental health history,Indian,Bachelor Degree,Unrelated,Unpersonalized,Average,0-2 years,0
2594,1,Male,30,Hispanic,None stated,Indian,Master Degree,Somewhat related,Personalized,Below average,10+ years,1
2595,1,Male,55,Hispanic,Physical disability,American,Associate Degree,Somewhat related,Unpersonalized,Below average,10+ years,0
2596,1,Non-binary,50,Asian,None stated,Mexican,Associate Degree,Closely related,Unpersonalized,Below average,3-7 years,1
2597,1,Male,40,Hispanic,None stated,Indian,Bachelor Degree,Unrelated,Personalized,Below average,0-2 years,0
2598,1,Non-binary,35,Asian,None stated,American,Bachelor Degree,Unrelated,Personalized,Above average,3-7 years,0
2599,1,Female,55,White,None stated,German,Associate Degree,Closely related,Personalized,Below average,3-7 years,1
2600,1,Non-binary,55,Black,Physical disability,German,Bachelor Degree,Closely related,Personalized,Average,10+ years,1
2601,1,Male,35,White,None stated,German,Associate Degree,Unrelated,Unpersonalized,Below average,0-2 years,0
2602,1,Male,35,Black,Mental health history,American,Bachelor Degree,Unrelated,Unpersonalized,Above average,10+ years,0
2603,1,Non-binary,45,Asian,Mental health history,Mexican,Associate Degree,Unrelated,Unpersonalized,Above average,0-2 years,0
2604,1,Male,55,Black,Physical disability,Indian,Associate Degree,Unrelated,Personalized,Above average,10+ years,0
2605,1,Male,45,Hispanic,Mental health history,German,Associate Degree,Somewhat related,Unpersonalized,Below average,10+ years,0
2606,1,Non-binary,35,Asian,Mental health history,American,Associate Degree,Unrelated,Unpersonalized,Above average,0-2 years,0
2607,1,Male,40,White,Physical disability,Indian,Master Degree,Closely related,Unpersonalized,Below average,3-7 years,0
2608,1,Non-binary,50,White,None stated,American,Bachelor Degree,Closely related,Unpersonalized,Average,10+ years,1
2609,1,Female,30,Black,Physical disability,Mexican,Bachelor Degree,Unrelated,Personalized,Above average,10+ years,1
2610,1,Male,55,White,None stated,American,Master Degree,Somewhat related,Unpersonalized,Above average,3-7 years,0
2611,1,Non-binary,55,White,Mental health history,Indian,Bachelor Degree,Unrelated,Personalized,Average,3-7 years,0
2612,1,Non-binary,55,Hispanic,None stated,Indian,Associate Degree,Closely related,Unpersonalized,Below average,10+ years,0
2613,1,Male,50,Black,None stated,Mexican,Associate Degree,Closely related,Unpersonalized,Average,0-2 years,0
2614,1,Male,55,Asian,None stated,Mexican,Associate Degree,Somewhat related,Personalized,Above average,3-7 years,1
2615,1,Female,55,Black,None stated,American,Master Degree,Somewhat related,Unpersonalized,Average,0-2 years,0
2616,1,Female,30,Asian,Physical disability,German,Bachelor Degree,Somewhat related,Personalized,Above average,3-7 years,1
2617,1,Female,50,Asian,Mental health history,German,Bachelor Degree,Closely related,Unpersonalized,Above average,3-7 years,1
2618,1,Female,30,Asian,Mental health history,American,Associate Degree,Unrelated,Unpersonalized,Below average,3-7 years,0
2619,1,Female,30,Asian,Physical disability,Mexican,Associate Degree,Somewhat related,Unpersonalized,Below average,0-2 years,0
2620,1,Non-binary,40,White,None stated,Mexican,Associate Degree,Closely related,Unpersonalized,Below average,10+ years,1
2621,1,Male,40,White,Physical disability,German,Master Degree,Unrelated,Personalized,Above average,0-2 years,0
2622,1,Male,45,White,Physical disability,Canadian,Bachelor Degree,Somewhat related,Unpersonalized,Average,10+ years,1
2623,1,Male,45,White,Physical disability,American,Associate Degree,Somewhat related,Unpersonalized,Average,0-2 years,0
2624,1,Female,50,Asian,None stated,German,Bachelor Degree,Somewhat related,Unpersonalized,Above average,3-7 years,1
2625,1,Male,55,White,Mental health history,Canadian,Associate Degree,Unrelated,Personalized,Above average,10+ years,0
2626,1,Male,45,Black,Mental health history,Mexican,Master Degree,Somewhat related,Personalized,Average,3-7 years,1
2627,1,Female,50,Asian,Physical disability,Indian,Master Degree,Somewhat related,Personalized,Average,0-2 years,1
2628,1,Non-binary,30,White,None stated,Mexican,Bachelor Degree,Unrelated,Personalized,Average,3-7 years,0
2629,1,Female,50,Asian,Mental health history,American,Bachelor Degree,Closely related,Unpersonalized,Above average,3-7 years,1
2630,1,Non-binary,35,Hispanic,None stated,Canadian,Bachelor Degree,Closely related,Unpersonalized,Below average,3-7 years,0
2631,1,Male,50,White,Physical disability,German,Bachelor Degree,Closely related,Unpersonalized,Below average,3-7 years,1
2632,1,Male,55,White,Physical disability,Indian,Bachelor Degree,Unrelated,Unpersonalized,Below average,3-7 years,0
2633,1,Non-binary,40,Hispanic,None stated,German,Master Degree,Unrelated,Unpersonalized,Average,3-7 years,0
2634,1,Non-binary,30,Asian,Mental health history,German,Associate Degree,Closely related,Unpersonalized,Above average,0-2 years,1
2635,1,Male,30,White,Physical disability,American,Associate Degree,Unrelated,Unpersonalized,Above average,3-7 years,0
2636,1,Female,30,Hispanic,None stated,German,Associate Degree,Unrelated,Unpersonalized,Average,3-7 years,0
2637,1,Non-binary,40,White,Physical disability,Mexican,Associate Degree,Closely related,Personalized,Above average,0-2 years,1
2638,1,Male,55,Asian,None stated,Canadian,Master Degree,Unrelated,Personalized,Below average,10+ years,0
2639,1,Male,55,White,Physical disability,Mexican,Master Degree,Closely related,Unpersonalized,Below average,3-7 years,0
2640,1,Female,55,Black,Physical disability,German,Master Degree,Unrelated,Unpersonalized,Above average,0-2 years,0
2641,1,Non-binary,30,Hispanic,None stated,Mexican,Bachelor Degree,Closely related,Unpersonalized,Average,3-7 years,1
2642,1,Non-binary,30,Black,Mental health history,Mexican,Master Degree,Closely related,Personalized,Above average,3-7 years,1
2643,1,Male,55,Asian,Mental health history,Mexican,Master Degree,Unrelated,Unpersonalized,Above average,3-7 years,1
2644,1,Female,55,Black,Mental health history,American,Master Degree,Somewhat related,Unpersonalized,Above average,0-2 years,0
2645,1,Male,55,Black,None stated,German,Bachelor Degree,Closely related,Personalized,Above average,0-2 years,0
2646,1,Non-binary,45,Hispanic,Physical disability,German,Bachelor Degree,Somewhat related,Personalized,Above average,10+ years,1
2647,1,Female,35,Hispanic,Mental health history,American,Bachelor Degree,Closely related,Unpersonalized,Average,10+ years,1
2648,1,Non-binary,50,Black,Physical disability,Indian,Bachelor Degree,Closely related,Unpersonalized,Above average,0-2 years,1
2649,1,Female,50,Black,Mental health history,American,Bachelor Degree,Unrelated,Unpersonalized,Average,0-2 years,0
2650,1,Female,35,Asian,Physical disability,Mexican,Master Degree,Closely related,Unpersonalized,Below average,0-2 years,0
2651,1,Male,35,White,None stated,German,Associate Degree,Unrelated,Personalized,Above average,10+ years,0
2652,1,Female,50,Black,None stated,Mexican,Bachelor Degree,Somewhat related,Unpersonalized,Below average,3-7 years,0
2653,1,Female,55,Hispanic,Mental health history,Indian,Bachelor Degree,Closely related,Unpersonalized,Below average,10+ years,1
2654,1,Non-binary,35,Hispanic,Mental health history,Canadian,Master Degree,Somewhat related,Personalized,Above average,0-2 years,1
2655,1,Non-binary,55,White,None stated,Indian,Associate Degree,Unrelated,Personalized,Above average,0-2 years,0
2656,1,Non-binary,40,Black,None stated,American,Bachelor Degree,Unrelated,Personalized,Above average,0-2 years,1
2657,1,Male,45,Asian,Mental health history,Indian,Bachelor Degree,Closely related,Personalized,Above average,3-7 years,1
2658,1,Female,40,Black,Physical disability,Mexican,Master Degree,Somewhat related,Personalized,Above average,3-7 years,1
2659,1,Female,35,Black,Mental health history,Indian,Bachelor Degree,Unrelated,Unpersonalized,Average,3-7 years,0
2660,1,Female,55,Black,Mental health history,Indian,Master Degree,Unrelated,Personalized,Average,10+ years,1
2661,1,Male,50,Hispanic,Physical disability,American,Associate Degree,Closely related,Unpersonalized,Above average,3-7 years,1
2662,1,Non-binary,40,Black,Physical disability,Canadian,Bachelor Degree,Closely related,Unpersonalized,Average,10+ years,1
2663,1,Female,55,White,Mental health history,Indian,Associate Degree,Somewhat related,Personalized,Below average,0-2 years,0
2664,1,Female,55,Black,None stated,American,Associate Degree,Somewhat related,Unpersonalized,Above average,0-2 years,0
2665,1,Female,55,Hispanic,Mental health history,Canadian,Associate Degree,Somewhat related,Personalized,Average,0-2 years,0
2666,1,Male,55,Hispanic,None stated,American,Bachelor Degree,Closely related,Personalized,Below average,3-7 years,1
2667,1,Female,45,Asian,None stated,Mexican,Master Degree,Unrelated,Unpersonalized,Below average,3-7 years,0
2668,1,Female,45,Hispanic,Mental health history,Mexican,Associate Degree,Closely related,Unpersonalized,Average,0-2 years,0
2669,1,Non-binary,55,Hispanic,Physical disability,German,Master Degree,Closely related,Personalized,Above average,10+ years,1
2670,1,Female,40,Black,None stated,Canadian,Master Degree,Closely related,Unpersonalized,Above average,10+ years,1
2671,1,Non-binary,45,Hispanic,Mental health history,Mexican,Master Degree,Closely related,Unpersonalized,Above average,3-7 years,1
2672,1,Non-binary,40,White,Mental health history,American,Bachelor Degree,Somewhat related,Personalized,Average,0-2 years,1
2673,1,Male,45,Asian,None stated,American,Associate Degree,Unrelated,Personalized,Above average,3-7 years,0
2674,1,Male,40,Asian,Physical disability,German,Master Degree,Unrelated,Personalized,Above average,10+ years,1
2675,1,Male,40,Black,Physical disability,Mexican,Associate Degree,Unrelated,Unpersonalized,Below average,0-2 years,0
2676,1,Non-binary,40,Asian,None stated,Mexican,Bachelor Degree,Unrelated,Unpersonalized,Above average,10+ years,1
2677,1,Male,55,White,None stated,Canadian,Bachelor Degree,Somewhat related,Personalized,Average,10+ years,1
2678,1,Male,45,White,Physical disability,American,Bachelor Degree,Closely related,Unpersonalized,Below average,10+ years,0
2679,1,Male,40,Black,None stated,Indian,Bachelor Degree,Somewhat related,Personalized,Average,3-7 years,1
2680,1,Female,50,Hispanic,Physical disability,Mexican,Associate Degree,Unrelated,Personalized,Below average,10+ years,0
2681,1,Female,30,Black,Mental health history,Mexican,Bachelor Degree,Unrelated,Personalized,Below average,0-2 years,0
2682,1,Male,45,Asian,Physical disability,German,Master Degree,Somewhat related,Personalized,Above average,10+ years,1
2683,1,Non-binary,40,Hispanic,Physical disability,Indian,Associate Degree,Unrelated,Unpersonalized,Below average,0-2 years,0
2684,1,Male,35,Hispanic,Mental health history,Indian,Bachelor Degree,Unrelated,Unpersonalized,Below average,10+ years,0
2685,1,Non-binary,45,Black,None stated,German,Master Degree,Closely related,Unpersonalized,Average,3-7 years,1
2686,1,Female,55,Hispanic,None stated,Canadian,Bachelor Degree,Unrelated,Unpersonalized,Above average,0-2 years,0
2687,1,Male,55,White,Physical disability,Mexican,Bachelor Degree,Unrelated,Personalized,Below average,0-2 years,0
2688,1,Non-binary,40,Asian,Mental health history,German,Master Degree,Somewhat related,Personalized,Below average,3-7 years,1
2689,1,Female,45,Black,Mental health history,Indian,Master Degree,Somewhat related,Personalized,Below average,3-7 years,1
2690,1,Male,35,White,Mental health history,German,Bachelor Degree,Somewhat related,Personalized,Average,3-7 years,1
2691,1,Non-binary,45,Hispanic,Mental health history,Indian,Master Degree,Somewhat related,Personalized,Average,10+ years,1
2692,1,Female,55,Asian,Physical disability,Indian,Bachelor Degree,Unrelated,Unpersonalized,Above average,3-7 years,0
2693,1,Female,40,White,None stated,Mexican,Associate Degree,Somewhat related,Unpersonalized,Below average,0-2 years,0
2694,1,Male,40,Hispanic,Mental health history,American,Bachelor Degree,Closely related,Unpersonalized,Above average,0-2 years,0
2695,1,Female,55,White,Mental health history,Indian,Associate Degree,Unrelated,Personalized,Average,10+ years,1
2696,1,Female,30,Hispanic,Mental health history,American,Associate Degree,Somewhat related,Unpersonalized,Average,3-7 years,1
2697,1,Non-binary,35,White,Mental health history,German,Bachelor Degree,Somewhat related,Unpersonalized,Average,10+ years,0
2698,1,Male,50,Black,None stated,German,Master Degree,Somewhat related,Unpersonalized,Below average,3-7 years,0
2699,1,Non-binary,55,Hispanic,Mental health history,Indian,Associate Degree,Somewhat related,Unpersonalized,Below average,0-2 years,0
2700,1,Female,40,Asian,None stated,American,Associate Degree,Closely related,Unpersonalized,Above average,0-2 years,0
2701,1,Non-binary,35,Black,Physical disability,Indian,Bachelor Degree,Unrelated,Personalized,Below average,0-2 years,0
2702,1,Non-binary,35,White,Physical disability,German,Bachelor Degree,Unrelated,Personalized,Above average,10+ years,0
2703,1,Non-binary,35,Hispanic,Mental health history,American,Associate Degree,Somewhat related,Unpersonalized,Below average,0-2 years,0
2704,1,Female,30,Black,Mental health history,Mexican,Associate Degree,Somewhat related,Personalized,Below average,10+ years,0
2705,1,Non-binary,30,Hispanic,Mental health history,American,Bachelor Degree,Somewhat related,Personalized,Above average,10+ years,1
2706,1,Male,30,Hispanic,Physical disability,American,Master Degree,Closely related,Unpersonalized,Below average,10+ years,0
2707,1,Female,55,Asian,Mental health history,Indian,Associate Degree,Somewhat related,Personalized,Average,0-2 years,0
2708,1,Female,50,Hispanic,None stated,Canadian,Master Degree,Somewhat related,Unpersonalized,Below average,3-7 years,0
2709,1,Male,40,White,Mental health history,German,Associate Degree,Closely related,Personalized,Average,3-7 years,1
2710,1,Male,50,Asian,Mental health history,Mexican,Master Degree,Closely related,Unpersonalized,Below average,0-2 years,0
2711,1,Male,35,White,None stated,American,Bachelor Degree,Unrelated,Unpersonalized,Above average,3-7 years,0
2712,1,Female,35,Black,None stated,Indian,Bachelor Degree,Closely related,Personalized,Below average,3-7 years,1
2713,1,Male,40,Black,Physical disability,Canadian,Associate Degree,Unrelated,Personalized,Below average,3-7 years,0
2714,1,Male,40,White,None stated,Indian,Master Degree,Somewhat related,Unpersonalized,Above average,10+ years,1
2715,1,Non-binary,50,Black,Mental health history,Indian,Associate Degree,Somewhat related,Unpersonalized,Below average,3-7 years,0
2716,1,Non-binary,35,Hispanic,None stated,German,Associate Degree,Somewhat related,Unpersonalized,Below average,0-2 years,0
2717,1,Male,30,White,Physical disability,Canadian,Associate Degree,Unrelated,Unpersonalized,Below average,0-2 years,0
2718,1,Non-binary,50,Hispanic,None stated,Indian,Associate Degree,Closely related,Unpersonalized,Below average,10+ years,0
2719,1,Non-binary,50,White,None stated,Canadian,Master Degree,Closely related,Unpersonalized,Above average,3-7 years,1
2720,1,Male,55,Asian,Physical disability,Canadian,Associate Degree,Closely related,Personalized,Below average,10+ years,0
2721,1,Male,35,White,Physical disability,American,Master Degree,Unrelated,Unpersonalized,Average,10+ years,0
2722,1,Non-binary,55,Black,Mental health history,Canadian,Associate Degree,Somewhat related,Personalized,Below average,10+ years,0
2723,1,Male,30,Black,Physical disability,Canadian,Master Degree,Closely related,Unpersonalized,Above average,10+ years,1
2724,1,Male,35,Black,Physical disability,Canadian,Master Degree,Unrelated,Personalized,Below average,10+ years,0
2725,1,Female,30,Asian,Mental health history,Canadian,Associate Degree,Unrelated,Unpersonalized,Average,0-2 years,0
2726,1,Male,45,Black,None stated,Canadian,Associate Degree,Somewhat related,Unpersonalized,Above average,3-7 years,0
2727,1,Female,35,Asian,Mental health history,Canadian,Associate Degree,Unrelated,Unpersonalized,Below average,3-7 years,0
2728,1,Male,50,Hispanic,Physical disability,Indian,Associate Degree,Unrelated,Personalized,Below average,10+ years,1
2729,1,Male,35,White,None stated,Canadian,Associate Degree,Closely related,Personalized,Above average,10+ years,1
2730,1,Non-binary,50,White,None stated,German,Bachelor Degree,Unrelated,Personalized,Average,3-7 years,0
2731,1,Female,30,White,None stated,German,Bachelor Degree,Closely related,Personalized,Average,0-2 years,1
2732,1,Male,35,White,None stated,Canadian,Master Degree,Somewhat related,Personalized,Average,0-2 years,0
2733,1,Female,50,Hispanic,None stated,Canadian,Bachelor Degree,Closely related,Unpersonalized,Above average,0-2 years,0
2734,1,Female,55,Black,Mental health history,Mexican,Associate Degree,Closely related,Personalized,Above average,0-2 years,1
2735,1,Non-binary,40,Hispanic,None stated,Indian,Associate Degree,Closely related,Unpersonalized,Below average,0-2 years,0
2736,1,Female,35,White,Mental health history,Canadian,Bachelor Degree,Closely related,Unpersonalized,Above average,0-2 years,0
2737,1,Male,45,Black,Mental health history,German,Bachelor Degree,Somewhat related,Unpersonalized,Average,0-2 years,0
2738,1,Male,45,Black,Mental health history,Indian,Bachelor Degree,Somewhat related,Personalized,Average,10+ years,1
2739,1,Male,35,Asian,Mental health history,Mexican,Bachelor Degree,Unrelated,Unpersonalized,Above average,10+ years,0
2740,1,Male,30,White,Physical disability,Mexican,Associate Degree,Unrelated,Personalized,Above average,10+ years,1
2741,1,Non-binary,50,Black,Physical disability,Indian,Bachelor Degree,Unrelated,Unpersonalized,Average,3-7 years,1
2742,1,Female,45,Hispanic,None stated,American,Associate Degree,Closely related,Unpersonalized,Below average,3-7 years,0
2743,1,Female,40,White,Physical disability,Mexican,Associate Degree,Unrelated,Unpersonalized,Average,10+ years,0
2744,1,Female,30,White,None stated,Canadian,Master Degree,Unrelated,Personalized,Above average,10+ years,0
2745,1,Female,55,Black,Mental health history,Mexican,Associate Degree,Somewhat related,Personalized,Average,10+ years,1
2746,1,Non-binary,40,Hispanic,None stated,Canadian,Associate Degree,Somewhat related,Personalized,Above average,3-7 years,1
2747,1,Male,40,Asian,None stated,American,Associate Degree,Somewhat related,Personalized,Above average,3-7 years,1
2748,1,Female,55,White,None stated,Indian,Associate Degree,Somewhat related,Personalized,Above average,10+ years,1
2749,1,Male,50,Hispanic,Mental health history,American,Associate Degree,Unrelated,Personalized,Below average,3-7 years,0
2750,1,Non-binary,45,Hispanic,Physical disability,Mexican,Bachelor Degree,Unrelated,Unpersonalized,Above average,0-2 years,0
2751,1,Female,45,White,Mental health history,German,Associate Degree,Unrelated,Unpersonalized,Average,0-2 years,0
2752,1,Female,55,Asian,None stated,American,Associate Degree,Closely related,Unpersonalized,Above average,10+ years,1
2753,1,Non-binary,35,White,Physical disability,Canadian,Associate Degree,Somewhat related,Unpersonalized,Average,0-2 years,0
2754,1,Non-binary,45,Hispanic,Physical disability,Indian,Master Degree,Closely related,Personalized,Below average,10+ years,1
2755,1,Female,40,Asian,Physical disability,Mexican,Associate Degree,Somewhat related,Personalized,Above average,0-2 years,1
2756,1,Non-binary,55,Asian,Mental health history,Mexican,Bachelor Degree,Somewhat related,Unpersonalized,Below average,3-7 years,0
2757,1,Non-binary,45,Black,None stated,Mexican,Associate Degree,Somewhat related,Personalized,Average,10+ years,1
2758,1,Female,30,Black,Physical disability,Canadian,Associate Degree,Somewhat related,Unpersonalized,Below average,10+ years,0
2759,1,Male,40,White,Mental health history,American,Bachelor Degree,Closely related,Personalized,Below average,3-7 years,1
2760,1,Female,35,White,None stated,Canadian,Associate Degree,Unrelated,Unpersonalized,Average,3-7 years,0
2761,1,Female,30,White,None stated,Mexican,Bachelor Degree,Somewhat related,Personalized,Average,3-7 years,1
2762,1,Female,40,Asian,Physical disability,Mexican,Bachelor Degree,Closely related,Personalized,Below average,0-2 years,1
2763,1,Non-binary,55,White,None stated,German,Master Degree,Unrelated,Unpersonalized,Average,10+ years,0
2764,1,Female,40,Hispanic,None stated,German,Master Degree,Closely related,Unpersonalized,Average,10+ years,1
2765,1,Female,30,Hispanic,None stated,Mexican,Master Degree,Somewhat related,Personalized,Below average,3-7 years,0
2766,1,Non-binary,30,Black,Physical disability,Canadian,Associate Degree,Unrelated,Personalized,Below average,10+ years,0
2767,1,Female,50,White,Mental health history,American,Bachelor Degree,Somewhat related,Unpersonalized,Above average,3-7 years,0
2768,1,Non-binary,45,Black,Mental health history,Canadian,Master Degree,Somewhat related,Personalized,Below average,0-2 years,0
2769,1,Male,35,White,None stated,Indian,Bachelor Degree,Closely related,Unpersonalized,Average,10+ years,1
2770,1,Male,50,Hispanic,Physical disability,German,Associate Degree,Somewhat related,Personalized,Above average,10+ years,1
2771,1,Female,45,White,None stated,German,Master Degree,Unrelated,Personalized,Above average,10+ years,0
2772,1,Male,45,White,Physical disability,Indian,Master Degree,Somewhat related,Personalized,Below average,3-7 years,1
2773,1,Non-binary,45,White,Mental health history,American,Bachelor Degree,Somewhat related,Personalized,Average,0-2 years,1
2774,1,Male,30,Asian,Mental health history,American,Associate Degree,Unrelated,Personalized,Above average,3-7 years,1
2775,1,Non-binary,45,Asian,Mental health history,Mexican,Bachelor Degree,Closely related,Personalized,Above average,10+ years,1
2776,1,Male,55,Hispanic,None stated,German,Master Degree,Unrelated,Unpersonalized,Below average,0-2 years,0
2777,1,Non-binary,50,Asian,Mental health history,Canadian,Bachelor Degree,Somewhat related,Personalized,Below average,0-2 years,1
2778,1,Female,45,Hispanic,Physical disability,Indian,Master Degree,Somewhat related,Personalized,Below average,10+ years,1
2779,1,Female,50,Black,None stated,German,Bachelor Degree,Closely related,Unpersonalized,Average,3-7 years,1
2780,1,Male,30,Hispanic,Mental health history,Canadian,Master Degree,Somewhat related,Personalized,Above average,0-2 years,1
2781,1,Male,35,White,Physical disability,Canadian,Bachelor Degree,Somewhat related,Personalized,Below average,0-2 years,0
2782,1,Male,50,Hispanic,None stated,German,Master Degree,Somewhat related,Personalized,Above average,10+ years,1
2783,1,Male,35,Hispanic,Physical disability,German,Bachelor Degree,Closely related,Unpersonalized,Average,0-2 years,0
2784,1,Male,55,Black,Mental health history,American,Associate Degree,Unrelated,Unpersonalized,Below average,10+ years,0
2785,1,Male,30,Hispanic,None stated,American,Master Degree,Somewhat related,Unpersonalized,Average,3-7 years,1
2786,1,Female,40,Asian,Physical disability,German,Bachelor Degree,Unrelated,Personalized,Below average,0-2 years,0
2787,1,Female,40,Asian,Physical disability,American,Bachelor Degree,Unrelated,Personalized,Above average,0-2 years,1
2788,1,Non-binary,55,Hispanic,Mental health history,Indian,Bachelor Degree,Unrelated,Personalized,Below average,10+ years,0
2789,1,Female,55,White,None stated,Indian,Associate Degree,Somewhat related,Unpersonalized,Above average,3-7 years,0
2790,1,Male,35,Black,None stated,German,Master Degree,Unrelated,Unpersonalized,Above average,0-2 years,0
2791,1,Non-binary,50,White,None stated,Indian,Associate Degree,Somewhat related,Unpersonalized,Above average,10+ years,1
2792,1,Non-binary,35,Hispanic,Mental health history,American,Master Degree,Unrelated,Unpersonalized,Average,0-2 years,0
2793,1,Non-binary,40,Black,Mental health history,Canadian,Master Degree,Closely related,Unpersonalized,Below average,3-7 years,0
2794,1,Female,50,White,None stated,American,Master Degree,Somewhat related,Unpersonalized,Above average,10+ years,1
2795,1,Female,50,Asian,None stated,Canadian,Master Degree,Somewhat related,Unpersonalized,Above average,3-7 years,1
2796,1,Non-binary,45,Hispanic,None stated,German,Associate Degree,Somewhat related,Personalized,Below average,10+ years,1
2797,1,Non-binary,40,Asian,Physical disability,Indian,Bachelor Degree,Closely related,Unpersonalized,Average,3-7 years,1
2798,1,Male,30,Asian,Physical disability,Indian,Master Degree,Closely related,Unpersonalized,Above average,0-2 years,0
2799,1,Male,35,Hispanic,Mental health history,Canadian,Master Degree,Closely related,Personalized,Above average,3-7 years,1
2800,1,Male,55,Hispanic,Physical disability,American,Associate Degree,Closely related,Personalized,Below average,10+ years,1
2801,1,Male,30,Hispanic,Physical disability,American,Master Degree,Somewhat related,Personalized,Above average,3-7 years,1
2802,1,Male,50,White,None stated,American,Associate Degree,Closely related,Unpersonalized,Average,3-7 years,1
2803,1,Female,40,Hispanic,Physical disability,American,Bachelor Degree,Closely related,Unpersonalized,Above average,3-7 years,1
2804,1,Female,35,White,Mental health history,American,Associate Degree,Unrelated,Personalized,Below average,10+ years,0
2805,1,Male,45,Asian,None stated,Mexican,Master Degree,Somewhat related,Unpersonalized,Below average,3-7 years,0
2806,1,Male,40,Black,Physical disability,American,Bachelor Degree,Closely related,Unpersonalized,Below average,3-7 years,1
2807,1,Male,55,Black,Physical disability,Indian,Master Degree,Unrelated,Personalized,Average,0-2 years,0
2808,1,Non-binary,40,Asian,Physical disability,Indian,Bachelor Degree,Somewhat related,Personalized,Above average,10+ years,1
2809,1,Male,50,Asian,None stated,Indian,Associate Degree,Unrelated,Personalized,Below average,3-7 years,0
2810,1,Female,45,White,None stated,American,Associate Degree,Unrelated,Unpersonalized,Below average,3-7 years,0
2811,1,Non-binary,50,White,Physical disability,Canadian,Bachelor Degree,Closely related,Unpersonalized,Below average,3-7 years,0
2812,1,Male,50,Asian,Mental health history,Indian,Bachelor Degree,Closely related,Personalized,Below average,3-7 years,1
2813,1,Non-binary,50,Black,Mental health history,Mexican,Associate Degree,Somewhat related,Unpersonalized,Above average,3-7 years,1
2814,1,Male,30,Asian,Mental health history,Indian,Associate Degree,Unrelated,Unpersonalized,Average,3-7 years,0
2815,1,Male,50,Asian,Physical disability,Canadian,Master Degree,Closely related,Unpersonalized,Above average,10+ years,1
2816,1,Male,45,Hispanic,None stated,American,Bachelor Degree,Unrelated,Personalized,Below average,0-2 years,0
2817,1,Female,35,White,Physical disability,Mexican,Master Degree,Somewhat related,Unpersonalized,Below average,3-7 years,0
2818,1,Non-binary,55,Black,None stated,German,Associate Degree,Unrelated,Unpersonalized,Average,0-2 years,0
2819,1,Non-binary,35,White,Mental health history,German,Bachelor Degree,Somewhat related,Personalized,Below average,10+ years,1
2820,1,Female,55,White,Physical disability,Mexican,Bachelor Degree,Somewhat related,Personalized,Below average,3-7 years,1
2821,1,Female,50,Hispanic,Physical disability,American,Master Degree,Unrelated,Personalized,Below average,0-2 years,1
2822,1,Female,40,Black,Mental health history,American,Master Degree,Somewhat related,Unpersonalized,Below average,3-7 years,0
2823,1,Female,30,Hispanic,None stated,American,Master Degree,Somewhat related,Personalized,Below average,10+ years,1
2824,1,Male,50,White,Mental health history,Indian,Master Degree,Unrelated,Unpersonalized,Average,3-7 years,0
2825,1,Female,55,Black,Physical disability,Canadian,Bachelor Degree,Somewhat related,Unpersonalized,Above average,0-2 years,1
2826,1,Male,55,Hispanic,None stated,German,Associate Degree,Closely related,Personalized,Above average,0-2 years,0
2827,1,Female,55,Asian,None stated,American,Master Degree,Somewhat related,Personalized,Above average,0-2 years,0
2828,1,Female,55,Asian,Physical disability,Indian,Associate Degree,Closely related,Unpersonalized,Average,3-7 years,0
2829,1,Male,40,White,Mental health history,American,Associate Degree,Closely related,Unpersonalized,Average,10+ years,0
2830,1,Non-binary,30,Hispanic,None stated,Mexican,Bachelor Degree,Somewhat related,Unpersonalized,Below average,10+ years,0
2831,1,Female,55,Hispanic,Mental health history,Mexican,Master Degree,Unrelated,Unpersonalized,Above average,10+ years,0
2832,1,Female,35,Black,None stated,German,Associate Degree,Somewhat related,Unpersonalized,Average,0-2 years,0
2833,1,Male,30,White,None stated,Indian,Bachelor Degree,Somewhat related,Unpersonalized,Above average,3-7 years,0
2834,1,Female,30,White,Physical disability,Canadian,Master Degree,Closely related,Personalized,Average,3-7 years,1
2835,1,Male,50,White,Mental health history,Mexican,Master Degree,Unrelated,Personalized,Below average,10+ years,0
2836,1,Non-binary,35,White,Physical disability,Mexican,Master Degree,Somewhat related,Unpersonalized,Average,0-2 years,0
2837,1,Non-binary,45,Hispanic,Physical disability,Canadian,Bachelor Degree,Closely related,Personalized,Above average,0-2 years,1
2838,1,Female,30,Hispanic,Mental health history,Indian,Master Degree,Unrelated,Unpersonalized,Above average,3-7 years,1
2839,1,Male,55,Hispanic,Physical disability,Canadian,Bachelor Degree,Closely related,Unpersonalized,Above average,3-7 years,1
2840,1,Non-binary,45,White,None stated,Canadian,Master Degree,Unrelated,Personalized,Below average,3-7 years,0
2841,1,Non-binary,45,White,Physical disability,American,Master Degree,Unrelated,Unpersonalized,Below average,10+ years,1
2842,1,Female,55,Hispanic,None stated,American,Bachelor Degree,Unrelated,Unpersonalized,Below average,10+ years,0
2843,1,Non-binary,55,White,Physical disability,Indian,Bachelor Degree,Closely related,Personalized,Average,10+ years,1
2844,1,Female,50,Black,Physical disability,Canadian,Bachelor Degree,Somewhat related,Personalized,Below average,10+ years,1
2845,1,Male,55,Hispanic,Physical disability,Indian,Associate Degree,Closely related,Unpersonalized,Below average,3-7 years,0
2846,1,Male,45,Black,Mental health history,Mexican,Master Degree,Somewhat related,Personalized,Below average,10+ years,1
2847,1,Female,40,Black,Physical disability,Canadian,Bachelor Degree,Somewhat related,Personalized,Average,0-2 years,1
2848,1,Male,40,White,Physical disability,American,Master Degree,Somewhat related,Unpersonalized,Above average,3-7 years,1
2849,1,Non-binary,40,White,Physical disability,German,Associate Degree,Closely related,Unpersonalized,Above average,0-2 years,1
2850,1,Non-binary,45,White,Mental health history,Mexican,Associate Degree,Unrelated,Personalized,Above average,3-7 years,1
2851,1,Non-binary,40,White,None stated,German,Master Degree,Closely related,Personalized,Average,3-7 years,1
2852,1,Non-binary,35,Black,Physical disability,Mexican,Associate Degree,Somewhat related,Personalized,Above average,0-2 years,1
2853,1,Female,45,White,Physical disability,American,Associate Degree,Unrelated,Personalized,Average,10+ years,1
2854,1,Non-binary,50,Black,Physical disability,German,Bachelor Degree,Somewhat related,Personalized,Below average,0-2 years,1
2855,1,Female,45,Asian,None stated,German,Associate Degree,Unrelated,Personalized,Below average,3-7 years,0
2856,1,Male,50,Black,None stated,German,Master Degree,Closely related,Unpersonalized,Above average,0-2 years,0
2857,1,Female,45,Asian,Physical disability,Canadian,Bachelor Degree,Unrelated,Unpersonalized,Below average,3-7 years,0
2858,1,Male,45,White,None stated,German,Associate Degree,Somewhat related,Personalized,Below average,0-2 years,0
2859,1,Male,45,Black,Mental health history,Indian,Master Degree,Unrelated,Unpersonalized,Below average,0-2 years,0
2860,1,Female,50,Black,None stated,Canadian,Master Degree,Unrelated,Unpersonalized,Above average,10+ years,0
2861,1,Non-binary,50,White,Physical disability,American,Master Degree,Closely related,Unpersonalized,Below average,0-2 years,0
2862,1,Non-binary,35,Asian,Mental health history,Canadian,Master Degree,Somewhat related,Personalized,Below average,10+ years,1
2863,1,Non-binary,35,Black,Physical disability,Mexican,Master Degree,Unrelated,Unpersonalized,Above average,0-2 years,1
2864,1,Non-binary,50,White,Physical disability,Mexican,Master Degree,Somewhat related,Unpersonalized,Average,0-2 years,1
2865,1,Male,45,Hispanic,Mental health history,Mexican,Master Degree,Unrelated,Personalized,Below average,0-2 years,0
2866,1,Female,55,Black,Mental health history,Mexican,Bachelor Degree,Unrelated,Unpersonalized,Below average,10+ years,0
2867,1,Non-binary,50,Hispanic,Physical disability,German,Associate Degree,Somewhat related,Personalized,Average,0-2 years,1
2868,1,Non-binary,55,Asian,Physical disability,Mexican,Master Degree,Closely related,Personalized,Above average,3-7 years,1
2869,1,Male,30,Asian,Mental health history,German,Associate Degree,Closely related,Personalized,Above average,0-2 years,1
2870,1,Male,35,Asian,None stated,German,Master Degree,Closely related,Unpersonalized,Below average,3-7 years,0
2871,1,Male,40,Hispanic,Physical disability,Mexican,Bachelor Degree,Somewhat related,Personalized,Average,10+ years,1
2872,1,Non-binary,30,White,Mental health history,Indian,Associate Degree,Somewhat related,Unpersonalized,Above average,10+ years,1
2873,1,Male,35,White,Physical disability,German,Bachelor Degree,Somewhat related,Unpersonalized,Average,0-2 years,1
2874,1,Non-binary,40,Asian,None stated,Mexican,Master Degree,Somewhat related,Unpersonalized,Above average,10+ years,1
2875,1,Non-binary,45,Asian,Mental health history,Indian,Associate Degree,Closely related,Personalized,Average,0-2 years,0
2876,1,Female,45,Asian,None stated,German,Bachelor Degree,Unrelated,Unpersonalized,Above average,3-7 years,0
2877,1,Non-binary,55,Hispanic,None stated,Canadian,Bachelor Degree,Closely related,Unpersonalized,Below average,3-7 years,1
2878,1,Female,55,Asian,Physical disability,German,Bachelor Degree,Closely related,Personalized,Below average,10+ years,1
2879,1,Female,55,White,None stated,German,Associate Degree,Closely related,Unpersonalized,Above average,10+ years,1
2880,1,Non-binary,35,Hispanic,None stated,Mexican,Associate Degree,Unrelated,Unpersonalized,Below average,3-7 years,0
2881,1,Non-binary,50,Hispanic,None stated,Indian,Master Degree,Unrelated,Personalized,Below average,10+ years,0
2882,1,Male,30,Hispanic,Mental health history,Mexican,Associate Degree,Unrelated,Personalized,Below average,3-7 years,0
2883,1,Male,40,Asian,Mental health history,Indian,Bachelor Degree,Closely related,Personalized,Below average,10+ years,1
2884,1,Non-binary,35,Hispanic,Mental health history,American,Associate Degree,Closely related,Unpersonalized,Below average,0-2 years,0
2885,1,Male,35,Black,Mental health history,Mexican,Bachelor Degree,Unrelated,Personalized,Average,0-2 years,0
2886,1,Male,30,Hispanic,None stated,Indian,Bachelor Degree,Closely related,Unpersonalized,Average,3-7 years,1
2887,1,Male,45,Asian,Mental health history,American,Associate Degree,Unrelated,Personalized,Average,3-7 years,1
2888,1,Non-binary,45,White,None stated,Indian,Associate Degree,Closely related,Unpersonalized,Above average,3-7 years,1
2889,1,Male,30,Asian,Mental health history,American,Bachelor Degree,Unrelated,Personalized,Above average,0-2 years,0
2890,1,Non-binary,55,Asian,Mental health history,Mexican,Associate Degree,Somewhat related,Personalized,Below average,0-2 years,0
2891,1,Female,55,Asian,None stated,American,Bachelor Degree,Closely related,Personalized,Average,10+ years,1
2892,1,Non-binary,35,Black,Physical disability,American,Master Degree,Somewhat related,Personalized,Above average,3-7 years,1
2893,1,Non-binary,50,White,Mental health history,Canadian,Master Degree,Somewhat related,Personalized,Below average,10+ years,1
2894,1,Female,55,Black,None stated,German,Associate Degree,Somewhat related,Personalized,Above average,10+ years,1
2895,1,Male,45,Asian,None stated,Mexican,Bachelor Degree,Unrelated,Unpersonalized,Above average,3-7 years,0
2896,1,Male,35,Black,Physical disability,Canadian,Associate Degree,Somewhat related,Personalized,Average,0-2 years,1
2897,1,Male,55,Black,Physical disability,Canadian,Bachelor Degree,Unrelated,Personalized,Below average,0-2 years,0
2898,1,Male,35,Black,Mental health history,Indian,Master Degree,Closely related,Unpersonalized,Average,10+ years,1
2899,1,Male,40,Black,None stated,Canadian,Associate Degree,Unrelated,Personalized,Below average,0-2 years,0
2900,1,Female,55,Black,Physical disability,American,Master Degree,Unrelated,Unpersonalized,Below average,0-2 years,0
2901,1,Non-binary,45,Hispanic,None stated,German,Bachelor Degree,Unrelated,Unpersonalized,Above average,10+ years,1
2902,1,Male,45,White,Physical disability,American,Master Degree,Closely related,Personalized,Below average,3-7 years,1
2903,1,Male,30,Asian,Physical disability,Indian,Master Degree,Closely related,Unpersonalized,Average,3-7 years,1
2904,1,Non-binary,45,Hispanic,None stated,German,Master Degree,Unrelated,Personalized,Below average,3-7 years,0
2905,1,Male,35,Black,Mental health history,Canadian,Associate Degree,Unrelated,Personalized,Average,10+ years,1
2906,1,Female,55,White,Mental health history,Mexican,Associate Degree,Unrelated,Personalized,Above average,3-7 years,1
2907,1,Female,45,White,Mental health history,German,Associate Degree,Unrelated,Personalized,Below average,10+ years,1
2908,1,Female,30,Asian,None stated,Mexican,Master Degree,Unrelated,Personalized,Average,10+ years,1
2909,1,Male,50,Asian,Physical disability,German,Bachelor Degree,Somewhat related,Unpersonalized,Average,10+ years,1
2910,1,Female,30,Hispanic,None stated,German,Bachelor Degree,Unrelated,Unpersonalized,Below average,3-7 years,0
2911,1,Female,50,Black,Mental health history,Mexican,Master Degree,Somewhat related,Unpersonalized,Average,10+ years,1
2912,1,Non-binary,55,Asian,Mental health history,Mexican,Master Degree,Closely related,Personalized,Below average,10+ years,1
2913,1,Female,55,Hispanic,Physical disability,Indian,Master Degree,Unrelated,Personalized,Below average,10+ years,1
2914,1,Male,45,Asian,None stated,Mexican,Bachelor Degree,Closely related,Personalized,Average,3-7 years,1
2915,1,Male,55,Black,Physical disability,American,Bachelor Degree,Closely related,Unpersonalized,Average,0-2 years,0
2916,1,Non-binary,55,Asian,None stated,American,Master Degree,Closely related,Personalized,Above average,0-2 years,1
2917,1,Female,55,Hispanic,Physical disability,Mexican,Associate Degree,Unrelated,Unpersonalized,Below average,0-2 years,0
2918,1,Non-binary,30,White,None stated,Mexican,Bachelor Degree,Unrelated,Personalized,Above average,3-7 years,0
2919,1,Male,40,Asian,Mental health history,American,Associate Degree,Unrelated,Personalized,Above average,0-2 years,0
2920,1,Male,55,Hispanic,Physical disability,American,Bachelor Degree,Closely related,Personalized,Average,0-2 years,1
2921,1,Male,35,White,Physical disability,German,Master Degree,Somewhat related,Unpersonalized,Average,3-7 years,1
2922,1,Non-binary,35,Asian,None stated,Mexican,Bachelor Degree,Closely related,Unpersonalized,Average,3-7 years,1
2923,1,Non-binary,45,White,None stated,Mexican,Associate Degree,Closely related,Personalized,Below average,3-7 years,1
2924,1,Male,45,White,Mental health history,Indian,Bachelor Degree,Closely related,Unpersonalized,Below average,3-7 years,0
2925,1,Male,35,Black,None stated,Indian,Associate Degree,Somewhat related,Personalized,Below average,10+ years,1
2926,1,Non-binary,50,Hispanic,Mental health history,German,Associate Degree,Somewhat related,Personalized,Average,3-7 years,1
2927,1,Non-binary,40,White,None stated,German,Master Degree,Unrelated,Personalized,Average,10+ years,1
2928,1,Female,55,White,Physical disability,German,Bachelor Degree,Unrelated,Personalized,Above average,3-7 years,1
2929,1,Non-binary,35,Hispanic,None stated,German,Master Degree,Somewhat related,Unpersonalized,Above average,3-7 years,1
2930,1,Non-binary,45,Black,Physical disability,Canadian,Associate Degree,Unrelated,Unpersonalized,Above average,3-7 years,0
2931,1,Male,45,White,Mental health history,Canadian,Bachelor Degree,Closely related,Personalized,Below average,3-7 years,0
2932,1,Male,50,Black,Mental health history,Canadian,Bachelor Degree,Somewhat related,Personalized,Below average,3-7 years,1
2933,1,Non-binary,35,Hispanic,Mental health history,Indian,Associate Degree,Unrelated,Unpersonalized,Below average,3-7 years,0
2934,1,Non-binary,50,Black,Mental health history,Indian,Bachelor Degree,Somewhat related,Personalized,Above average,0-2 years,1
2935,1,Female,55,Hispanic,Mental health history,Indian,Bachelor Degree,Closely related,Unpersonalized,Above average,0-2 years,0
2936,1,Male,45,Black,Physical disability,American,Master Degree,Unrelated,Personalized,Above average,3-7 years,1
2937,1,Female,35,Hispanic,None stated,Indian,Associate Degree,Somewhat related,Personalized,Below average,0-2 years,0
2938,1,Non-binary,40,Black,Physical disability,Indian,Master Degree,Somewhat related,Personalized,Average,0-2 years,1
2939,1,Female,40,Asian,None stated,American,Bachelor Degree,Closely related,Unpersonalized,Above average,10+ years,1
2940,1,Male,55,Black,Mental health history,Indian,Associate Degree,Closely related,Personalized,Average,3-7 years,1
2941,1,Female,30,Asian,None stated,Mexican,Master Degree,Unrelated,Unpersonalized,Above average,0-2 years,0
2942,1,Non-binary,30,White,None stated,Indian,Master Degree,Closely related,Personalized,Average,0-2 years,1
2943,1,Male,50,White,Mental health history,Indian,Bachelor Degree,Somewhat related,Unpersonalized,Average,3-7 years,0
2944,1,Female,35,Asian,Mental health history,Indian,Master Degree,Closely related,Unpersonalized,Below average,0-2 years,0
2945,1,Female,40,White,None stated,Indian,Associate Degree,Unrelated,Personalized,Below average,10+ years,0
2946,1,Female,50,Hispanic,Physical disability,German,Master Degree,Closely related,Personalized,Below average,10+ years,1
2947,1,Non-binary,40,Hispanic,Physical disability,American,Master Degree,Somewhat related,Unpersonalized,Above average,0-2 years,0
2948,1,Female,40,Black,Mental health history,Indian,Master Degree,Somewhat related,Unpersonalized,Above average,0-2 years,1
2949,1,Female,50,Black,Mental health history,Indian,Master Degree,Somewhat related,Personalized,Average,3-7 years,1
2950,1,Non-binary,30,Hispanic,None stated,American,Associate Degree,Somewhat related,Unpersonalized,Above average,10+ years,1
2951,1,Non-binary,35,Black,Mental health history,Mexican,Bachelor Degree,Unrelated,Personalized,Below average,10+ years,1
2952,1,Non-binary,40,Hispanic,Physical disability,German,Associate Degree,Unrelated,Personalized,Above average,3-7 years,1
2953,1,Male,55,Black,None stated,Mexican,Master Degree,Closely related,Personalized,Above average,0-2 years,0
2954,1,Male,30,Asian,None stated,German,Master Degree,Unrelated,Personalized,Average,3-7 years,0
2955,1,Male,50,Black,None stated,Indian,Master Degree,Unrelated,Personalized,Above average,10+ years,0
2956,1,Male,35,Asian,Mental health history,American,Master Degree,Unrelated,Personalized,Above average,10+ years,0
2957,1,Male,55,Asian,Physical disability,Indian,Master Degree,Closely related,Personalized,Above average,3-7 years,1
2958,1,Male,40,White,Physical disability,Canadian,Associate Degree,Unrelated,Unpersonalized,Above average,3-7 years,0
2959,1,Male,45,Black,Mental health history,Indian,Master Degree,Somewhat related,Unpersonalized,Above average,0-2 years,0
2960,1,Male,50,Hispanic,Physical disability,American,Master Degree,Closely related,Personalized,Below average,10+ years,1
2961,1,Male,45,Black,Mental health history,German,Bachelor Degree,Somewhat related,Unpersonalized,Above average,3-7 years,1
2962,1,Male,35,Hispanic,Physical disability,American,Associate Degree,Unrelated,Personalized,Above average,3-7 years,1
2963,1,Male,45,Asian,Physical disability,Mexican,Master Degree,Somewhat related,Personalized,Average,3-7 years,1
2964,1,Female,55,Asian,Mental health history,Canadian,Associate Degree,Unrelated,Personalized,Below average,3-7 years,0
2965,1,Non-binary,55,White,None stated,German,Master Degree,Unrelated,Unpersonalized,Above average,10+ years,0
2966,1,Non-binary,45,White,Physical disability,German,Associate Degree,Somewhat related,Unpersonalized,Average,0-2 years,0
2967,1,Male,35,Asian,Mental health history,American,Bachelor Degree,Unrelated,Unpersonalized,Below average,10+ years,0
2968,1,Non-binary,35,Hispanic,None stated,Mexican,Bachelor Degree,Somewhat related,Personalized,Average,3-7 years,1
2969,1,Male,45,Black,None stated,Indian,Associate Degree,Somewhat related,Unpersonalized,Average,0-2 years,0
2970,1,Female,45,Hispanic,Mental health history,American,Bachelor Degree,Closely related,Unpersonalized,Below average,10+ years,1
2971,1,Male,40,Hispanic,Mental health history,Canadian,Associate Degree,Somewhat related,Unpersonalized,Above average,10+ years,1
2972,1,Male,55,Asian,Mental health history,German,Bachelor Degree,Somewhat related,Personalized,Above average,3-7 years,1
2973,1,Female,30,Black,Physical disability,Canadian,Bachelor Degree,Somewhat related,Unpersonalized,Average,3-7 years,1
2974,1,Non-binary,30,Asian,None stated,Indian,Associate Degree,Unrelated,Personalized,Above average,0-2 years,0
2975,1,Male,45,Asian,Physical disability,Canadian,Master Degree,Closely related,Personalized,Above average,3-7 years,1
2976,1,Non-binary,30,White,None stated,Canadian,Bachelor Degree,Somewhat related,Unpersonalized,Above average,3-7 years,1
2977,1,Female,30,Black,None stated,Indian,Associate Degree,Somewhat related,Unpersonalized,Below average,10+ years,0
2978,1,Female,40,Hispanic,None stated,Indian,Bachelor Degree,Unrelated,Personalized,Above average,10+ years,0
2979,1,Male,55,Hispanic,None stated,Canadian,Bachelor Degree,Somewhat related,Personalized,Below average,0-2 years,0
2980,1,Male,30,Black,Physical disability,Indian,Bachelor Degree,Closely related,Unpersonalized,Average,3-7 years,1
2981,1,Male,30,White,None stated,American,Associate Degree,Unrelated,Personalized,Below average,10+ years,0
2982,1,Non-binary,55,Asian,Mental health history,Mexican,Bachelor Degree,Somewhat related,Unpersonalized,Average,3-7 years,1
2983,1,Male,40,Asian,Physical disability,German,Associate Degree,Closely related,Personalized,Average,3-7 years,1
2984,1,Male,55,White,None stated,Mexican,Bachelor Degree,Unrelated,Unpersonalized,Below average,10+ years,0
2985,1,Non-binary,55,White,Mental health history,American,Associate Degree,Somewhat related,Unpersonalized,Average,3-7 years,0
2986,1,Female,30,White,None stated,Indian,Master Degree,Closely related,Personalized,Average,3-7 years,1
2987,1,Female,55,Black,Mental health history,Mexican,Master Degree,Somewhat related,Personalized,Average,0-2 years,0
2988,1,Female,35,Black,Physical disability,Indian,Master Degree,Closely related,Unpersonalized,Below average,10+ years,1
2989,1,Female,40,Asian,Physical disability,Mexican,Associate Degree,Unrelated,Unpersonalized,Below average,10+ years,0
2990,1,Non-binary,50,Black,Physical disability,Canadian,Master Degree,Closely related,Personalized,Average,10+ years,1
2991,1,Non-binary,55,Asian,None stated,American,Master Degree,Somewhat related,Unpersonalized,Below average,10+ years,0
2992,1,Female,50,Asian,Physical disability,German,Associate Degree,Unrelated,Personalized,Average,3-7 years,1
2993,1,Non-binary,50,Hispanic,Mental health history,Mexican,Master Degree,Somewhat related,Personalized,Below average,0-2 years,0
2994,1,Non-binary,55,White,Physical disability,American,Bachelor Degree,Closely related,Personalized,Below average,0-2 years,0
2995,1,Female,55,White,Mental health history,Canadian,Master Degree,Closely related,Unpersonalized,Below average,0-2 years,0
2996,1,Male,40,Asian,Physical disability,American,Bachelor Degree,Somewhat related,Personalized,Average,10+ years,1
2997,1,Male,40,Black,Mental health history,Mexican,Associate Degree,Somewhat related,Unpersonalized,Average,0-2 years,0
2998,1,Male,55,Hispanic,None stated,Canadian,Associate Degree,Somewhat related,Unpersonalized,Below average,10+ years,0
2999,1,Male,55,Black,None stated,American,Associate Degree,Somewhat related,Unpersonalized,Below average,3-7 years,0
3000,1,Female,50,Asian,None stated,Mexican,Associate Degree,Somewhat related,Unpersonalized,Above average,0-2 years,0
