observation_id,scenario,gender,age,race,disability_status,nationality,education,field_of_study,cover_letter,recommendations,experience,chosen
1,1,Female,40,Asian,Mental health history,Canadian,Master Degree,Somewhat related,Unpersonalized,Average,10+ years,0
2,1,Male,30,Asian,Mental health history,German,Bachelor Degree,Unrelated,Personalized,Average,10+ years,0
3,1,Male,45,Asian,Mental health history,German,Bachelor Degree,Closely related,Unpersonalized,Below average,0-2 years,0
4,1,Female,50,Asian,None stated,Mexican,Master Degree,Closely related,Personalized,Above average,0-2 years,0
5,1,Male,40,Hispanic,None stated,Mexican,Associate Degree,Unrelated,Personalized,Average,10+ years,0
6,1,Female,30,Asian,None stated,American,Associate Degree,Somewhat related,Personalized,Above average,3-7 years,0
7,1,Non-binary,30,White,None stated,Canadian,Associate Degree,Closely related,Personalized,Above average,10+ years,1
8,1,Male,45,Hispanic,Physical disability,Mexican,Master Degree,Closely related,Personalized,Average,10+ years,1
9,1,Female,35,White,Physical disability,Indian,Master Degree,Somewhat related,Personalized,Average,10+ years,1
10,1,Non-binary,50,Black,Physical disability,Canadian,Master Degree,Unrelated,Personalized,Average,3-7 years,0
11,1,Male,55,Asian,Mental health history,American,Associate Degree,Unrelated,Unpersonalized,Average,3-7 years,0
12,1,Female,50,Black,None stated,Canadian,Associate Degree,Somewhat related,Unpersonalized,Below average,10+ years,0
13,1,Male,35,White,Mental health history,Indian,Associate Degree,Somewhat related,Unpersonalized,Average,0-2 years,0
14,1,Male,45,Hispanic,Mental health history,Mexican,Bachelor Degree,Closely related,Unpersonalized,Above average,0-2 years,0
15,1,Non-binary,30,Hispanic,Physical disability,Mexican,Master Degree,Unrelated,Unpersonalized,Below average,10+ years,0
16,1,Female,40,Asian,Physical disability,Mexican,Bachelor Degree,Somewhat related,Unpersonalized,Average,0-2 years,0
17,1,Female,35,Black,Mental health history,German,Bachelor Degree,Somewhat related,Unpersonalized,Average,3-7 years,0
18,1,Non-binary,45,Hispanic,Physical disability,German,Master Degree,Unrelated,Unpersonalized,Above average,3-7 years,0
19,1,Female,40,Hispanic,Mental health history,American,Bachelor Degree,Somewhat related,Personalized,Average,0-2 years,0
20,1,Female,45,Asian,None stated,American,Bachelor Degree,Unrelated,Personalized,Below average,3-7 years,0
21,1,Male,50,Asian,Physical disability,American,Master Degree,Unrelated,Personalized,Above average,10+ years,0
22,1,Female,50,Hispanic,Mental health history,Canadian,Associate Degree,Closely related,Personalized,Above average,3-7 years,0
23,1,Non-binary,45,Asian,Physical disability,German,Master Degree,Somewhat related,Personalized,Below average,0-2 years,0
24,1,Non-binary,30,Asian,None stated,Indian,Master Degree,Somewhat related,Personalized,Above average,0-2 years,0
25,1,Male,30,White,Mental health history,Indian,Bachelor Degree,Unrelated,Unpersonalized,Average,0-2 years,0
26,1,Female,50,White,Mental health history,American,Bachelor Degree,Unrelated,Unpersonalized,Above average,10+ years,0
27,1,Non-binary,45,Asian,Mental health history,German,Associate Degree,Somewhat related,Personalized,Below average,0-2 years,0
28,1,Male,50,Hispanic,Physical disability,Indian,Bachelor Degree,Somewhat related,Unpersonalized,Below average,3-7 years,0
29,1,Male,30,Asian,None stated,Indian,Associate Degree,Somewhat related,Unpersonalized,Below average,0-2 years,0
30,1,Male,35,Hispanic,Physical disability,German,Master Degree,Somewhat related,Unpersonalized,Above average,10+ years,0
31,1,Female,50,Hispanic,None stated,Mexican,Bachelor Degree,Unrelated,Personalized,Above average,0-2 years,0
32,1,Female,40,Black,None stated,Indian,Associate Degree,Unrelated,Personalized,Above average,0-2 years,0
33,1,Male,50,Black,Physical disability,German,Master Degree,Unrelated,Personalized,Below average,3-7 years,0
34,1,Female,45,Asian,None stated,Canadian,Master Degree,Somewhat related,Personalized,Below average,3-7 years,0
35,1,Non-binary,40,Black,None stated,Indian,Master Degree,Somewhat related,Personalized,Below average,10+ years,0
36,1,Male,50,White,Physical disability,Mexican,Master Degree,Unrelated,Personalized,Below average,0-2 years,0
37,1,Non-binary,50,Hispanic,Mental health history,Canadian,Associate Degree,Closely related,Unpersonalized,Average,10+ years,0
38,1,Non-binary,50,Asian,Mental health history,Mexican,Associate Degree,Somewhat related,Unpersonalized,Average,10+ years,0
39,1,Male,40,Hispanic,Mental health history,Indian,Bachelor Degree,Unrelated,Unpersonalized,Above average,3-7 years,0
40,1,Male,35,Hispanic,Physical disability,German,Master Degree,Somewhat related,Unpersonalized,Above average,3-7 years,0
41,1,Non-binary,40,Asian,Physical disability,Indian,Associate Degree,Unrelated,Unpersonalized,Average,10+ years,0
42,1,Female,30,Asian,None stated,Canadian,Bachelor Degree,Somewhat related,Unpersonalized,Average,10+ years,0
43,1,Female,35,Hispanic,Physical disability,German,Associate Degree,Closely related,Personalized,Below average,3-7 years,0
44,1,Non-binary,50,Asian,Mental health history,Canadian,Associate Degree,Unrelated,Unpersonalized,Average,3-7 years,0
45,1,Male,35,Asian,Mental health history,Indian,Bachelor Degree,Unrelated,Personalized,Average,0-2 years,0
46,1,Male,50,White,None stated,Mexican,Bachelor Degree,Unrelated,Personalized,Average,0-2 years,0
47,1,Non-binary,50,Black,Physical disability,German,Master Degree,Closely related,Personalized,Average,3-7 years,0
48,1,Non-binary,35,Hispanic,Physical disability,Canadian,Associate Degree,Unrelated,Personalized,Above average,0-2 years,0
49,1,Non-binary,55,Black,Physical disability,German,Associate Degree,Unrelated,Unpersonalized,Below average,0-2 years,0
50,1,Female,35,Black,Mental health history,Canadian,Associate Degree,Unrelated,Unpersonalized,Above average,3-7 years,0
51,1,Non-binary,50,Asian,Physical disability,American,Associate Degree,Unrelated,Unpersonalized,Average,10+ years,0
52,1,Non-binary,35,Hispanic,Mental health history,American,Master Degree,Closely related,Personalized,Below average,10+ years,1
53,1,Female,50,Asian,None stated,Canadian,Master Degree,Somewhat related,Unpersonalized,Above average,0-2 years,0
54,1,Non-binary,30,Black,Physical disability,Indian,Associate Degree,Somewhat related,Personalized,Above average,3-7 years,0
55,1,Female,55,White,Mental health history,German,Bachelor Degree,Unrelated,Unpersonalized,Average,0-2 years,0
56,1,Male,50,Hispanic,None stated,Canadian,Bachelor Degree,Somewhat related,Unpersonalized,Above average,10+ years,0
57,1,Male,50,Black,Mental health history,German,Master Degree,Closely related,Personalized,Below average,3-7 years,0
58,1,Non-binary,50,Black,Mental health history,Indian,Associate Degree,Closely related,Personalized,Below average,0-2 years,0
59,1,Male,50,White,Physical disability,Indian,Master Degree,Unrelated,Unpersonalized,Average,3-7 years,0
60,1,Female,55,Asian,Physical disability,Indian,Bachelor Degree,Unrelated,Unpersonalized,Above average,3-7 years,0
61,1,Non-binary,45,White,Physical disability,German,Master Degree,Somewhat related,Unpersonalized,Above average,10+ years,0
62,1,Male,35,Hispanic,None stated,American,Master Degree,Closely related,Unpersonalized,Above average,3-7 years,0
63,1,Female,50,White,Physical disability,Mexican,Bachelor Degree,Somewhat related,Unpersonalized,Average,10+ years,0
64,1,Male,40,Asian,Physical disability,Indian,Associate Degree,Somewhat related,Personalized,Below average,3-7 years,0
65,1,Male,35,Black,None stated,American,Associate Degree,Somewhat related,Personalized,Below average,10+ years,0
66,1,Female,40,White,Mental health history,American,Bachelor Degree,Closely related,Unpersonalized,Average,10+ years,0
67,1,Female,40,Asian,None stated,Mexican,Master Degree,Closely related,Unpersonalized,Average,0-2 years,0
68,1,Male,45,Asian,Mental health history,Canadian,Master Degree,Unrelated,Unpersonalized,Average,10+ years,0
69,1,Female,55,Asian,Mental health history,Canadian,Bachelor Degree,Closely related,Personalized,Above average,3-7 years,1
70,1,Male,30,White,Physical disability,Mexican,Bachelor Degree,Somewhat related,Unpersonalized,Average,0-2 years,0
71,1,Male,30,Hispanic,Physical disability,American,Master Degree,Unrelated,Unpersonalized,Below average,10+ years,0
72,1,Male,55,Hispanic,None stated,Canadian,Master Degree,Somewhat related,Unpersonalized,Above average,3-7 years,0
73,1,Female,40,Black,None stated,American,Master Degree,Somewhat related,Unpersonalized,Above average,10+ years,1
74,1,Non-binary,35,White,None stated,German,Bachelor Degree,Closely related,Unpersonalized,Below average,3-7 years,0
75,1,Male,55,White,Mental health history,American,Bachelor Degree,Somewhat related,Personalized,Above average,3-7 years,0
76,1,Male,50,Asian,Physical disability,Indian,Associate Degree,Closely related,Personalized,Above average,3-7 years,0
77,1,Female,40,Black,Physical disability,Canadian,Associate Degree,Somewhat related,Unpersonalized,Above average,10+ years,0
78,1,Male,35,Black,None stated,Canadian,Associate Degree,Unrelated,Unpersonalized,Below average,0-2 years,0
79,1,Non-binary,50,Hispanic,Physical disability,American,Master Degree,Somewhat related,Personalized,Average,0-2 years,0
80,1,Male,45,Black,Physical disability,Mexican,Master Degree,Somewhat related,Personalized,Above average,10+ years,1
81,1,Non-binary,55,Black,Physical disability,Indian,Master Degree,Unrelated,Personalized,Below average,10+ years,0
82,1,Non-binary,40,Asian,Physical disability,German,Bachelor Degree,Closely related,Unpersonalized,Below average,10+ years,0
83,1,Female,30,Hispanic,None stated,Mexican,Master Degree,Somewhat related,Unpersonalized,Below average,0-2 years,0
84,1,Non-binary,50,Asian,None stated,Indian,Master Degree,Somewhat related,Unpersonalized,Average,3-7 years,0
85,1,Non-binary,35,White,Mental health history,Mexican,Bachelor Degree,Closely related,Personalized,Average,0-2 years,0
86,1,Male,40,Asian,Mental health history,Mexican,Associate Degree,Somewhat related,Personalized,Below average,3-7 years,0
87,1,Male,45,Black,Mental health history,German,Master Degree,Somewhat related,Unpersonalized,Above average,10+ years,0
88,1,Non-binary,35,Hispanic,Mental health history,German,Master Degree,Somewhat related,Personalized,Average,10+ years,1
89,1,Male,45,Hispanic,Physical disability,Mexican,Bachelor Degree,Somewhat related,Personalized,Above average,3-7 years,0
90,1,Non-binary,30,White,None stated,American,Master Degree,Unrelated,Unpersonalized,Below average,10+ years,0
91,1,Non-binary,55,Black,Physical disability,Mexican,Master Degree,Unrelated,Unpersonalized,Above average,10+ years,0
92,1,Non-binary,45,Hispanic,Physical disability,Indian,Master Degree,Somewhat related,Unpersonalized,Below average,10+ years,0
93,1,Non-binary,55,Asian,None stated,German,Master Degree,Somewhat related,Unpersonalized,Below average,10+ years,0
94,1,Non-binary,30,Black,Physical disability,Canadian,Master Degree,Somewhat related,Personalized,Average,3-7 years,0
95,1,Female,45,Black,None stated,American,Bachelor Degree,Closely related,Personalized,Above average,3-7 years,1
96,1,Non-binary,55,Hispanic,Mental health history,Canadian,Master Degree,Somewhat related,Unpersonalized,Below average,0-2 years,0
97,1,Female,45,Black,None stated,German,Bachelor Degree,Somewhat related,Personalized,Average,3-7 years,0
98,1,Male,50,Hispanic,Mental health history,American,Bachelor Degree,Unrelated,Personalized,Above average,3-7 years,0
99,1,Male,30,White,None stated,Indian,Associate Degree,Unrelated,Unpersonalized,Below average,0-2 years,0
100,1,Female,40,Asian,None stated,German,Master Degree,Somewhat related,Unpersonalized,Average,10+ years,0
101,1,Non-binary,50,Black,Physical disability,American,Master Degree,Closely related,Unpersonalized,Below average,3-7 years,0
102,1,Female,30,White,Physical disability,Canadian,Associate Degree,Unrelated,Unpersonalized,Average,3-7 years,0
103,1,Non-binary,55,White,Physical disability,Canadian,Bachelor Degree,Somewhat related,Unpersonalized,Above average,3-7 years,0
104,1,Male,35,White,None stated,Mexican,Associate Degree,Somewhat related,Unpersonalized,Average,10+ years,0
105,1,Male,30,Black,Physical disability,German,Master Degree,Closely related,Personalized,Average,10+ years,1
106,1,Non-binary,30,Black,None stated,Indian,Associate Degree,Somewhat related,Personalized,Average,0-2 years,0
107,1,Female,30,Asian,Physical disability,Mexican,Master Degree,Closely related,Unpersonalized,Below average,3-7 years,0
108,1,Non-binary,35,Asian,Mental health history,Indian,Bachelor Degree,Closely related,Personalized,Above average,10+ years,1
109,1,Non-binary,45,Black,Physical disability,American,Bachelor Degree,Somewhat related,Personalized,Average,3-7 years,0
110,1,Female,30,Black,Physical disability,German,Master Degree,Unrelated,Unpersonalized,Below average,0-2 years,0
111,1,Female,30,Black,None stated,German,Master Degree,Unrelated,Unpersonalized,Above average,10+ years,0
112,1,Non-binary,50,Black,Physical disability,German,Bachelor Degree,Closely related,Unpersonalized,Above average,10+ years,0
113,1,Non-binary,30,Asian,Physical disability,German,Associate Degree,Unrelated,Unpersonalized,Above average,10+ years,0
114,1,Non-binary,30,Asian,None stated,Indian,Master Degree,Somewhat related,Unpersonalized,Below average,10+ years,0
115,1,Male,45,Hispanic,Physical disability,German,Bachelor Degree,Somewhat related,Unpersonalized,Above average,3-7 years,0
116,1,Female,40,Asian,Mental health history,German,Bachelor Degree,Closely related,Unpersonalized,Average,0-2 years,0
117,1,Non-binary,30,Black,None stated,Mexican,Master Degree,Somewhat related,Personalized,Average,0-2 years,0
118,1,Female,45,Black,None stated,German,Bachelor Degree,Unrelated,Personalized,Above average,10+ years,1
119,1,Male,45,Black,Physical disability,Mexican,Master Degree,Somewhat related,Unpersonalized,Above average,3-7 years,0
120,1,Non-binary,30,Hispanic,Mental health history,Canadian,Associate Degree,Closely related,Personalized,Below average,10+ years,0
121,1,Male,40,Black,None stated,Canadian,Associate Degree,Somewhat related,Unpersonalized,Below average,0-2 years,0
122,1,Female,45,Black,None stated,American,Master Degree,Somewhat related,Unpersonalized,Average,0-2 years,0
123,1,Male,45,White,Mental health history,Canadian,Bachelor Degree,Closely related,Personalized,Average,10+ years,0
124,1,Non-binary,45,Black,Physical disability,Indian,Bachelor Degree,Unrelated,Unpersonalized,Below average,3-7 years,0
125,1,Male,30,Hispanic,Physical disability,Canadian,Associate Degree,Somewhat related,Unpersonalized,Average,0-2 years,0
126,1,Male,50,Asian,Mental health history,Mexican,Master Degree,Closely related,Personalized,Below average,10+ years,0
127,1,Female,35,Black,Physical disability,American,Master Degree,Unrelated,Personalized,Average,10+ years,0
128,1,Female,50,Black,Mental health history,German,Bachelor Degree,Somewhat related,Personalized,Above average,10+ years,0
129,1,Male,40,Black,Mental health history,American,Master Degree,Unrelated,Personalized,Below average,0-2 years,0
130,1,Non-binary,50,Asian,Physical disability,German,Bachelor Degree,Somewhat related,Unpersonalized,Below average,3-7 years,0
131,1,Male,50,Asian,Mental health history,Mexican,Bachelor Degree,Unrelated,Personalized,Above average,0-2 years,0
132,1,Female,45,Hispanic,Physical disability,Mexican,Associate Degree,Somewhat related,Unpersonalized,Below average,0-2 years,0
133,1,Non-binary,30,Black,Physical disability,Indian,Associate Degree,Unrelated,Unpersonalized,Average,0-2 years,0
134,1,Male,55,Hispanic,Mental health history,German,Associate Degree,Closely related,Unpersonalized,Below average,3-7 years,0
135,1,Non-binary,35,Hispanic,Physical disability,German,Master Degree,Closely related,Unpersonalized,Above average,10+ years,0
136,1,Non-binary,30,Asian,Mental health history,American,Associate Degree,Somewhat related,Personalized,Average,3-7 years,0
137,1,Female,50,Black,Physical disability,German,Associate Degree,Unrelated,Personalized,Above average,10+ years,0
138,1,Female,45,Asian,None stated,Mexican,Bachelor Degree,Closely related,Personalized,Below average,10+ years,1
139,1,Female,55,Asian,Mental health history,Canadian,Bachelor Degree,Unrelated,Personalized,Average,0-2 years,0
140,1,Non-binary,40,White,Mental health history,German,Master Degree,Somewhat related,Unpersonalized,Average,0-2 years,0
141,1,Female,50,White,Mental health history,American,Associate Degree,Closely related,Personalized,Average,0-2 years,0
142,1,Female,50,Asian,Physical disability,Mexican,Bachelor Degree,Unrelated,Personalized,Average,0-2 years,0
143,1,Non-binary,40,Asian,Mental health history,American,Associate Degree,Closely related,Unpersonalized,Above average,3-7 years,0
144,1,Male,50,White,None stated,Mexican,Bachelor Degree,Closely related,Personalized,Average,0-2 years,0
145,1,Non-binary,50,Black,Physical disability,German,Master Degree,Closely related,Unpersonalized,Above average,3-7 years,0
146,1,Female,55,Hispanic,Physical disability,American,Bachelor Degree,Unrelated,Personalized,Below average,3-7 years,0
147,1,Non-binary,50,White,None stated,German,Associate Degree,Unrelated,Unpersonalized,Average,3-7 years,0
148,1,Female,30,Hispanic,None stated,Indian,Associate Degree,Somewhat related,Unpersonalized,Below average,0-2 years,0
149,1,Male,50,Hispanic,Mental health history,Indian,Associate Degree,Somewhat related,Personalized,Above average,0-2 years,0
150,1,Male,50,Hispanic,None stated,Canadian,Master Degree,Closely related,Personalized,Average,10+ years,1
151,1,Female,55,Black,None stated,Indian,Master Degree,Closely related,Personalized,Above average,3-7 years,0
152,1,Non-binary,45,Hispanic,None stated,Mexican,Associate Degree,Closely related,Unpersonalized,Above average,10+ years,0
153,1,Female,55,Asian,Mental health history,Indian,Associate Degree,Somewhat related,Unpersonalized,Below average,3-7 years,0
154,1,Female,45,Asian,None stated,Mexican,Bachelor Degree,Unrelated,Personalized,Above average,3-7 years,0
155,1,Non-binary,30,Asian,Mental health history,Mexican,Bachelor Degree,Somewhat related,Personalized,Average,10+ years,0
156,1,Male,45,Hispanic,Mental health history,Canadian,Bachelor Degree,Somewhat related,Unpersonalized,Below average,3-7 years,0
157,1,Female,45,White,Mental health history,German,Bachelor Degree,Closely related,Unpersonalized,Average,10+ years,0
158,1,Male,55,Black,Mental health history,American,Bachelor Degree,Somewhat related,Unpersonalized,Average,10+ years,0
159,1,Non-binary,50,Asian,Physical disability,Canadian,Bachelor Degree,Somewhat related,Unpersonalized,Average,10+ years,0
160,1,Male,45,Black,None stated,Indian,Bachelor Degree,Unrelated,Personalized,Above average,3-7 years,0
161,1,Female,55,Black,Mental health history,American,Bachelor Degree,Somewhat related,Personalized,Below average,10+ years,0
162,1,Male,35,Asian,Physical disability,German,Associate Degree,Closely related,Personalized,Average,0-2 years,0
163,1,Male,45,White,Physical disability,Indian,Master Degree,Somewhat related,Personalized,Average,0-2 years,0
164,1,Male,50,White,Physical disability,Indian,Bachelor Degree,Closely related,Unpersonalized,Below average,0-2 years,0
165,1,Male,45,Black,Mental health history,American,Master Degree,Closely related,Personalized,Average,3-7 years,1
166,1,Male,50,Hispanic,Physical disability,Canadian,Bachelor Degree,Somewhat related,Personalized,Average,10+ years,0
167,1,Male,30,Hispanic,None stated,Mexican,Bachelor Degree,Closely related,Personalized,Below average,10+ years,1
168,1,Female,40,Hispanic,Mental health history,German,Bachelor Degree,Closely related,Personalized,Below average,10+ years,0
169,1,Female,45,White,None stated,Indian,Master Degree,Closely related,Unpersonalized,Average,10+ years,0
170,1,Male,40,Black,None stated,American,Master Degree,Unrelated,Unpersonalized,Above average,10+ years,0
171,1,Female,30,White,Physical disability,American,Bachelor Degree,Closely related,Unpersonalized,Average,3-7 years,0
172,1,Non-binary,45,Hispanic,Mental health history,Mexican,Master Degree,Unrelated,Personalized,Below average,10+ years,0
173,1,Male,35,White,Physical disability,German,Master Degree,Closely related,Personalized,Below average,3-7 years,1
174,1,Male,40,Hispanic,None stated,Canadian,Master Degree,Unrelated,Unpersonalized,Above average,0-2 years,0
175,1,Male,30,Asian,None stated,Mexican,Associate Degree,Unrelated,Unpersonalized,Above average,0-2 years,0
176,1,Male,30,Asian,Physical disability,Mexican,Associate Degree,Unrelated,Personalized,Below average,3-7 years,0
177,1,Female,45,Black,Physical disability,Indian,Master Degree,Unrelated,Unpersonalized,Average,10+ years,0
178,1,Male,35,Asian,None stated,Canadian,Master Degree,Somewhat related,Personalized,Average,0-2 years,0
179,1,Male,55,Hispanic,Physical disability,Canadian,Bachelor Degree,Closely related,Unpersonalized,Below average,0-2 years,0
180,1,Male,50,Hispanic,Physical disability,Indian,Bachelor Degree,Somewhat related,Unpersonalized,Above average,0-2 years,0
181,1,Female,55,Black,Physical disability,Indian,Bachelor Degree,Unrelated,Personalized,Above average,0-2 years,0
182,1,Non-binary,50,White,None stated,Canadian,Bachelor Degree,Closely related,Unpersonalized,Average,0-2 years,0
183,1,Non-binary,45,Hispanic,Mental health history,German,Bachelor Degree,Unrelated,Personalized,Above average,0-2 years,0
184,1,Non-binary,50,Hispanic,Physical disability,Canadian,Associate Degree,Somewhat related,Unpersonalized,Below average,3-7 years,0
185,1,Female,45,White,None stated,German,Associate Degree,Somewhat related,Unpersonalized,Average,0-2 years,0
186,1,Male,35,White,Mental health history,Mexican,Master Degree,Somewhat related,Unpersonalized,Above average,0-2 years,0
187,1,Male,45,Hispanic,Mental health history,Indian,Master Degree,Unrelated,Unpersonalized,Above average,3-7 years,0
188,1,Male,40,White,Physical disability,Mexican,Associate Degree,Unrelated,Personalized,Above average,0-2 years,0
189,1,Non-binary,50,Hispanic,None stated,German,Master Degree,Closely related,Unpersonalized,Below average,3-7 years,0
190,1,Male,35,Hispanic,Physical disability,Canadian,Associate Degree,Unrelated,Unpersonalized,Above average,3-7 years,0
191,1,Female,40,Hispanic,None stated,Canadian,Associate Degree,Unrelated,Personalized,Below average,3-7 years,0
192,1,Male,40,White,None stated,Canadian,Associate Degree,Somewhat related,Personalized,Average,10+ years,0
193,1,Non-binary,55,Hispanic,Mental health history,Indian,Bachelor Degree,Somewhat related,Personalized,Average,3-7 years,0
194,1,Male,55,White,Physical disability,Canadian,Master Degree,Unrelated,Unpersonalized,Average,10+ years,0
195,1,Non-binary,55,White,Mental health history,American,Master Degree,Closely related,Personalized,Below average,3-7 years,0
196,1,Male,40,White,Mental health history,German,Master Degree,Unrelated,Unpersonalized,Below average,10+ years,0
197,1,Male,55,Hispanic,Mental health history,Indian,Bachelor Degree,Closely related,Personalized,Above average,10+ years,1
198,1,Female,45,Black,Mental health history,American,Master Degree,Unrelated,Unpersonalized,Below average,0-2 years,0
199,1,Female,45,Hispanic,Mental health history,Canadian,Master Degree,Closely related,Personalized,Average,3-7 years,0
200,1,Female,55,Asian,Mental health history,Canadian,Associate Degree,Unrelated,Personalized,Average,3-7 years,0
201,1,Female,45,Asian,Physical disability,Canadian,Bachelor Degree,Unrelated,Unpersonalized,Above average,10+ years,0
202,1,Male,45,Asian,None stated,American,Bachelor Degree,Unrelated,Unpersonalized,Above average,3-7 years,0
203,1,Female,55,White,Mental health history,German,Master Degree,Closely related,Personalized,Above average,0-2 years,0
204,1,Male,30,White,Physical disability,Canadian,Bachelor Degree,Closely related,Personalized,Above average,10+ years,1
205,1,Male,30,Hispanic,None stated,Canadian,Associate Degree,Closely related,Unpersonalized,Above average,0-2 years,0
206,1,Male,50,White,Mental health history,German,Bachelor Degree,Closely related,Unpersonalized,Average,0-2 years,0
207,1,Male,40,Black,Mental health history,Indian,Associate Degree,Closely related,Unpersonalized,Average,10+ years,0
208,1,Male,45,Asian,None stated,Canadian,Master Degree,Closely related,Unpersonalized,Average,3-7 years,0
209,1,Male,40,Black,Mental health history,Indian,Master Degree,Somewhat related,Personalized,Above average,10+ years,1
210,1,Female,30,Asian,Mental health history,Mexican,Bachelor Degree,Unrelated,Unpersonalized,Average,0-2 years,0
211,1,Male,55,Hispanic,None stated,Canadian,Bachelor Degree,Closely related,Personalized,Average,3-7 years,0
212,1,Non-binary,55,White,None stated,American,Master Degree,Unrelated,Unpersonalized,Above average,10+ years,0
213,1,Female,45,Hispanic,Physical disability,Canadian,Master Degree,Somewhat related,Personalized,Below average,10+ years,0
214,1,Male,35,Asian,None stated,Indian,Bachelor Degree,Unrelated,Unpersonalized,Below average,3-7 years,0
215,1,Non-binary,55,Asian,Physical disability,Mexican,Associate Degree,Unrelated,Personalized,Above average,10+ years,0
216,1,Female,55,White,Mental health history,American,Bachelor Degree,Closely related,Unpersonalized,Below average,0-2 years,0
217,1,Male,30,Asian,None stated,Mexican,Master Degree,Somewhat related,Personalized,Average,10+ years,1
218,1,Non-binary,35,Hispanic,Mental health history,Mexican,Master Degree,Closely related,Unpersonalized,Average,3-7 years,0
219,1,Male,55,White,None stated,Canadian,Master Degree,Closely related,Personalized,Average,10+ years,0
220,1,Female,55,Black,None stated,German,Associate Degree,Unrelated,Unpersonalized,Average,10+ years,0
221,1,Female,40,Asian,Mental health history,Canadian,Bachelor Degree,Unrelated,Personalized,Average,10+ years,0
222,1,Non-binary,55,White,Mental health history,Canadian,Bachelor Degree,Closely related,Unpersonalized,Below average,3-7 years,0
223,1,Female,45,Black,Physical disability,Canadian,Bachelor Degree,Somewhat related,Personalized,Below average,0-2 years,0
224,1,Male,50,Asian,None stated,American,Master Degree,Unrelated,Personalized,Average,10+ years,0
225,1,Female,45,Asian,None stated,German,Master Degree,Somewhat related,Unpersonalized,Average,0-2 years,0
226,1,Non-binary,35,White,Mental health history,Indian,Bachelor Degree,Somewhat related,Personalized,Average,10+ years,0
227,1,Non-binary,55,Black,Physical disability,Mexican,Bachelor Degree,Unrelated,Unpersonalized,Above average,10+ years,0
228,1,Non-binary,45,Asian,None stated,Indian,Associate Degree,Somewhat related,Personalized,Average,3-7 years,0
229,1,Non-binary,40,White,None stated,Mexican,Bachelor Degree,Closely related,Personalized,Average,0-2 years,0
230,1,Female,55,White,None stated,American,Master Degree,Unrelated,Personalized,Below average,10+ years,0
231,1,Female,40,White,Mental health history,Mexican,Associate Degree,Closely related,Unpersonalized,Below average,0-2 years,0
232,1,Female,40,Hispanic,Mental health history,Indian,Associate Degree,Unrelated,Personalized,Average,10+ years,0
233,1,Male,50,White,Mental health history,American,Bachelor Degree,Unrelated,Unpersonalized,Below average,0-2 years,0
234,1,Male,40,Hispanic,Mental health history,German,Bachelor Degree,Unrelated,Unpersonalized,Above average,10+ years,0
235,1,Male,40,Hispanic,Physical disability,American,Associate Degree,Closely related,Personalized,Below average,10+ years,0
236,1,Non-binary,30,White,None stated,Mexican,Bachelor Degree,Somewhat related,Personalized,Above average,3-7 years,0
237,1,Non-binary,30,Hispanic,Physical disability,Canadian,Bachelor Degree,Closely related,Unpersonalized,Average,10+ years,0
238,1,Female,55,Hispanic,None stated,Mexican,Master Degree,Somewhat related,Unpersonalized,Average,3-7 years,0
239,1,Female,45,White,None stated,Canadian,Associate Degree,Somewhat related,Unpersonalized,Above average,10+ years,0
240,1,Non-binary,35,Black,None stated,Canadian,Associate Degree,Closely related,Unpersonalized,Average,10+ years,0
241,1,Male,50,Black,Mental health history,American,Master Degree,Unrelated,Unpersonalized,Above average,3-7 years,0
242,1,Non-binary,35,Asian,Mental health history,Canadian,Bachelor Degree,Closely related,Unpersonalized,Below average,3-7 years,0
243,1,Non-binary,40,Black,Mental health history,American,Master Degree,Closely related,Personalized,Average,10+ years,1
244,1,Non-binary,30,Black,None stated,Mexican,Bachelor Degree,Unrelated,Unpersonalized,Below average,3-7 years,0
245,1,Female,50,Asian,Mental health history,German,Bachelor Degree,Unrelated,Unpersonalized,Below average,3-7 years,0
246,1,Male,50,Black,Physical disability,American,Master Degree,Closely related,Unpersonalized,Below average,0-2 years,0
247,1,Female,45,Hispanic,None stated,Indian,Bachelor Degree,Unrelated,Unpersonalized,Below average,0-2 years,0
248,1,Non-binary,40,Black,Mental health history,Mexican,Master Degree,Somewhat related,Unpersonalized,Below average,0-2 years,0
249,1,Non-binary,30,White,Mental health history,Indian,Associate Degree,Somewhat related,Unpersonalized,Average,10+ years,0
250,1,Male,50,Black,None stated,Indian,Associate Degree,Closely related,Unpersonalized,Below average,3-7 years,0
251,1,Non-binary,50,Hispanic,Physical disability,German,Master Degree,Somewhat related,Unpersonalized,Below average,3-7 years,0
252,1,Male,55,Black,None stated,Canadian,Bachelor Degree,Unrelated,Unpersonalized,Average,0-2 years,0
253,1,Male,35,Black,None stated,Canadian,Bachelor Degree,Closely related,Personalized,Average,3-7 years,0
254,1,Non-binary,30,Black,None stated,American,Associate Degree,Somewhat related,Personalized,Below average,0-2 years,0
255,1,Male,55,White,None stated,Indian,Master Degree,Somewhat related,Unpersonalized,Above average,10+ years,0
256,1,Female,30,White,Mental health history,Canadian,Associate Degree,Closely related,Unpersonalized,Average,10+ years,0
257,1,Non-binary,30,Asian,Physical disability,Mexican,Associate Degree,Closely related,Personalized,Average,3-7 years,0
258,1,Male,35,White,Mental health history,Indian,Bachelor Degree,Somewhat related,Personalized,Above average,0-2 years,0
259,1,Male,40,Black,Mental health history,Canadian,Associate Degree,Somewhat related,Unpersonalized,Above average,0-2 years,0
260,1,Male,45,Asian,Physical disability,Canadian,Bachelor Degree,Unrelated,Personalized,Below average,10+ years,0
261,1,Male,30,Hispanic,Mental health history,American,Master Degree,Closely related,Personalized,Average,0-2 years,0
262,1,Female,30,Asian,None stated,Canadian,Associate Degree,Closely related,Personalized,Average,3-7 years,0
263,1,Female,55,Hispanic,Mental health history,Mexican,Associate Degree,Somewhat related,Personalized,Average,0-2 years,0
264,1,Non-binary,30,Hispanic,None stated,Canadian,Associate Degree,Closely related,Personalized,Above average,0-2 years,0
265,1,Male,35,Asian,Physical disability,American,Bachelor Degree,Somewhat related,Unpersonalized,Average,0-2 years,0
266,1,Male,45,Hispanic,None stated,American,Master Degree,Closely related,Personalized,Below average,10+ years,1
267,1,Non-binary,55,White,Mental health history,German,Master Degree,Somewhat related,Personalized,Average,3-7 years,0
268,1,Male,50,White,None stated,Canadian,Master Degree,Unrelated,Unpersonalized,Above average,10+ years,0
269,1,Male,45,White,None stated,Canadian,Master Degree,Unrelated,Unpersonalized,Above average,0-2 years,0
270,1,Female,50,Black,None stated,German,Bachelor Degree,Somewhat related,Unpersonalized,Above average,3-7 years,0
271,1,Female,50,Black,None stated,American,Associate Degree,Somewhat related,Unpersonalized,Average,10+ years,0
272,1,Non-binary,35,Black,Physical disability,Canadian,Associate Degree,Closely related,Personalized,Below average,0-2 years,0
273,1,Male,35,Hispanic,Mental health history,American,Associate Degree,Unrelated,Personalized,Average,0-2 years,0
274,1,Female,35,Black,None stated,Indian,Bachelor Degree,Closely related,Unpersonalized,Average,0-2 years,0
275,1,Female,30,Hispanic,Mental health history,Indian,Associate Degree,Somewhat related,Unpersonalized,Above average,0-2 years,0
276,1,Non-binary,50,White,Physical disability,Indian,Bachelor Degree,Unrelated,Unpersonalized,Above average,0-2 years,0
277,1,Female,30,White,Physical disability,Mexican,Master Degree,Unrelated,Personalized,Above average,0-2 years,0
278,1,Male,30,Hispanic,Mental health history,American,Master Degree,Unrelated,Personalized,Above average,0-2 years,0
279,1,Male,45,Asian,None stated,American,Associate Degree,Unrelated,Unpersonalized,Below average,10+ years,0
280,1,Male,30,White,Mental health history,German,Associate Degree,Unrelated,Personalized,Below average,0-2 years,0
281,1,Non-binary,50,Black,None stated,Indian,Master Degree,Closely related,Unpersonalized,Average,3-7 years,0
282,1,Male,50,Asian,None stated,Canadian,Associate Degree,Somewhat related,Unpersonalized,Average,10+ years,0
283,1,Non-binary,55,Asian,Physical disability,Canadian,Associate Degree,Unrelated,Unpersonalized,Below average,10+ years,0
284,1,Non-binary,30,White,Mental health history,German,Associate Degree,Unrelated,Personalized,Above average,0-2 years,0
285,1,Female,40,Black,None stated,American,Bachelor Degree,Somewhat related,Unpersonalized,Below average,3-7 years,0
286,1,Non-binary,40,Black,None stated,American,Master Degree,Unrelated,Personalized,Average,3-7 years,0
287,1,Male,30,Hispanic,Mental health history,Indian,Bachelor Degree,Unrelated,Unpersonalized,Above average,3-7 years,0
288,1,Female,55,Asian,Mental health history,Indian,Master Degree,Unrelated,Personalized,Above average,0-2 years,0
289,1,Non-binary,30,Hispanic,None stated,German,Bachelor Degree,Closely related,Personalized,Average,10+ years,1
290,1,Female,50,Asian,None stated,American,Master Degree,Unrelated,Unpersonalized,Average,10+ years,0
291,1,Non-binary,30,Asian,None stated,Indian,Master Degree,Unrelated,Personalized,Average,10+ years,0
292,1,Female,50,Hispanic,Physical disability,American,Master Degree,Closely related,Personalized,Above average,3-7 years,0
293,1,Female,45,Black,None stated,Indian,Master Degree,Unrelated,Unpersonalized,Average,10+ years,0
294,1,Male,35,Black,Mental health history,Mexican,Master Degree,Closely related,Unpersonalized,Above average,0-2 years,0
295,1,Male,55,White,None stated,Mexican,Associate Degree,Closely related,Personalized,Below average,0-2 years,0
296,1,Female,35,Hispanic,Mental health history,American,Associate Degree,Unrelated,Unpersonalized,Above average,0-2 years,0
297,1,Non-binary,40,Hispanic,None stated,Canadian,Associate Degree,Somewhat related,Unpersonalized,Average,3-7 years,0
298,1,Female,40,Asian,Mental health history,Canadian,Associate Degree,Unrelated,Personalized,Below average,0-2 years,0
299,1,Female,30,Black,Mental health history,Indian,Associate Degree,Somewhat related,Personalized,Average,0-2 years,0
300,1,Female,35,Hispanic,Physical disability,German,Associate Degree,Somewhat related,Personalized,Above average,0-2 years,0
301,1,Non-binary,30,Black,Physical disability,American,Bachelor Degree,Closely related,Unpersonalized,Average,10+ years,0
302,1,Non-binary,45,Black,Physical disability,German,Bachelor Degree,Unrelated,Personalized,Below average,10+ years,0
303,1,Non-binary,50,Hispanic,Physical disability,American,Bachelor Degree,Unrelated,Personalized,Average,3-7 years,0
304,1,Male,35,White,Mental health history,Indian,Master Degree,Unrelated,Personalized,Below average,3-7 years,0
305,1,Female,35,Black,Physical disability,Indian,Master Degree,Unrelated,Personalized,Above average,10+ years,1
306,1,Female,40,Hispanic,Mental health history,American,Master Degree,Somewhat related,Personalized,Above average,10+ years,0
307,1,Male,40,White,Mental health history,Mexican,Associate Degree,Unrelated,Personalized,Above average,0-2 years,0
308,1,Female,40,White,Mental health history,Mexican,Master Degree,Closely related,Unpersonalized,Above average,3-7 years,1
309,1,Non-binary,50,Hispanic,None stated,Mexican,Master Degree,Somewhat related,Personalized,Average,10+ years,1
310,1,Non-binary,35,Asian,Mental health history,Canadian,Master Degree,Closely related,Unpersonalized,Average,0-2 years,0
311,1,Male,55,Asian,Mental health history,American,Bachelor Degree,Somewhat related,Personalized,Above average,3-7 years,0
312,1,Non-binary,45,White,Mental health history,Canadian,Master Degree,Closely related,Unpersonalized,Below average,10+ years,0
313,1,Female,50,Hispanic,Physical disability,Mexican,Master Degree,Somewhat related,Personalized,Above average,3-7 years,0
314,1,Male,40,Black,Mental health history,Indian,Bachelor Degree,Closely related,Unpersonalized,Average,10+ years,0
315,1,Female,40,Asian,Mental health history,Indian,Bachelor Degree,Unrelated,Unpersonalized,Above average,0-2 years,0
316,1,Female,35,Asian,None stated,Canadian,Associate Degree,Somewhat related,Personalized,Below average,10+ years,0
317,1,Non-binary,35,White,Physical disability,Canadian,Bachelor Degree,Unrelated,Personalized,Above average,3-7 years,0
318,1,Female,45,White,Physical disability,German,Bachelor Degree,Somewhat related,Personalized,Below average,10+ years,0
319,1,Female,55,White,None stated,Canadian,Bachelor Degree,Closely related,Unpersonalized,Above average,0-2 years,0
320,1,Male,50,White,Mental health history,Indian,Bachelor Degree,Closely related,Unpersonalized,Below average,10+ years,0
321,1,Male,55,Black,None stated,American,Bachelor Degree,Closely related,Unpersonalized,Average,3-7 years,0
322,1,Male,35,Black,Physical disability,American,Master Degree,Somewhat related,Unpersonalized,Average,10+ years,0
323,1,Female,35,Asian,None stated,Mexican,Master Degree,Somewhat related,Personalized,Above average,10+ years,1
324,1,Female,55,White,Physical disability,Canadian,Master Degree,Closely related,Unpersonalized,Average,10+ years,0
325,1,Female,50,Black,Mental health history,German,Associate Degree,Somewhat related,Personalized,Below average,10+ years,0
326,1,Non-binary,30,White,Physical disability,Indian,Bachelor Degree,Somewhat related,Personalized,Average,0-2 years,0
327,1,Male,30,Hispanic,None stated,Indian,Associate Degree,Unrelated,Personalized,Average,10+ years,0
328,1,Male,50,Black,Mental health history,American,Master Degree,Closely related,Personalized,Below average,0-2 years,0
329,1,Male,40,White,None stated,German,Master Degree,Unrelated,Unpersonalized,Above average,3-7 years,0
330,1,Non-binary,40,White,Physical disability,Mexican,Associate Degree,Somewhat related,Unpersonalized,Average,10+ years,0
331,1,Female,35,Asian,Mental health history,Mexican,Bachelor Degree,Unrelated,Unpersonalized,Average,0-2 years,0
332,1,Male,50,White,None stated,Canadian,Associate Degree,Somewhat related,Personalized,Below average,3-7 years,0
333,1,Male,40,White,Mental health history,Mexican,Master Degree,Unrelated,Unpersonalized,Average,0-2 years,0
334,1,Female,40,Black,Mental health history,Canadian,Associate Degree,Closely related,Unpersonalized,Below average,3-7 years,0
335,1,Non-binary,35,White,Mental health history,German,Master Degree,Closely related,Personalized,Below average,3-7 years,1
336,1,Female,30,Hispanic,Physical disability,Canadian,Associate Degree,Somewhat related,Unpersonalized,Above average,10+ years,0
337,1,Non-binary,45,Black,None stated,German,Associate Degree,Somewhat related,Unpersonalized,Average,0-2 years,0
338,1,Male,50,Asian,None stated,American,Bachelor Degree,Somewhat related,Personalized,Above average,10+ years,1
339,1,Female,40,Asian,Mental health history,Mexican,Associate Degree,Closely related,Unpersonalized,Below average,3-7 years,0
340,1,Non-binary,35,Hispanic,None stated,Mexican,Master Degree,Closely related,Unpersonalized,Above average,10+ years,1
341,1,Male,35,White,Physical disability,German,Bachelor Degree,Somewhat related,Unpersonalized,Above average,3-7 years,0
342,1,Non-binary,55,White,Physical disability,Mexican,Associate Degree,Closely related,Unpersonalized,Average,0-2 years,0
343,1,Non-binary,50,White,None stated,Mexican,Master Degree,Unrelated,Personalized,Below average,0-2 years,0
344,1,Female,45,Hispanic,None stated,Canadian,Master Degree,Closely related,Personalized,Below average,0-2 years,0
345,1,Non-binary,30,Black,Mental health history,Mexican,Bachelor Degree,Closely related,Unpersonalized,Below average,0-2 years,0
346,1,Male,35,White,None stated,German,Master Degree,Somewhat related,Unpersonalized,Below average,3-7 years,0
347,1,Male,50,Hispanic,Mental health history,American,Associate Degree,Closely related,Unpersonalized,Above average,0-2 years,0
348,1,Non-binary,30,Asian,Mental health history,Mexican,Associate Degree,Unrelated,Unpersonalized,Above average,3-7 years,0
349,1,Male,50,Black,Mental health history,Canadian,Associate Degree,Somewhat related,Personalized,Average,10+ years,0
350,1,Male,40,Black,Physical disability,Canadian,Master Degree,Somewhat related,Unpersonalized,Below average,3-7 years,0
351,1,Non-binary,45,Asian,Mental health history,Indian,Associate Degree,Closely related,Personalized,Above average,0-2 years,0
352,1,Female,50,White,None stated,Canadian,Bachelor Degree,Somewhat related,Unpersonalized,Average,0-2 years,0
353,1,Male,35,Hispanic,Physical disability,Canadian,Master Degree,Unrelated,Personalized,Average,0-2 years,0
354,1,Female,30,Hispanic,Mental health history,Indian,Master Degree,Closely related,Personalized,Average,10+ years,1
355,1,Non-binary,45,Black,Mental health history,Mexican,Bachelor Degree,Unrelated,Unpersonalized,Below average,10+ years,0
356,1,Male,35,Black,None stated,Indian,Associate Degree,Somewhat related,Unpersonalized,Average,0-2 years,0
357,1,Non-binary,40,Hispanic,None stated,German,Associate Degree,Unrelated,Unpersonalized,Average,3-7 years,0
358,1,Male,35,White,Mental health history,German,Bachelor Degree,Unrelated,Unpersonalized,Below average,10+ years,0
359,1,Female,45,Hispanic,Physical disability,Indian,Bachelor Degree,Closely related,Unpersonalized,Above average,3-7 years,0
360,1,Female,50,Hispanic,None stated,German,Master Degree,Closely related,Personalized,Above average,0-2 years,1
361,1,Non-binary,35,White,Physical disability,American,Bachelor Degree,Somewhat related,Unpersonalized,Below average,3-7 years,0
362,1,Male,35,Hispanic,Mental health history,Canadian,Master Degree,Somewhat related,Personalized,Above average,3-7 years,0
363,1,Female,45,Asian,Physical disability,Indian,Master Degree,Unrelated,Personalized,Below average,3-7 years,0
364,1,Non-binary,40,White,Mental health history,Indian,Bachelor Degree,Closely related,Personalized,Average,10+ years,1
365,1,Male,45,White,Physical disability,Mexican,Master Degree,Closely related,Personalized,Above average,10+ years,1
366,1,Female,55,Asian,Mental health history,Canadian,Master Degree,Unrelated,Personalized,Above average,10+ years,0
367,1,Female,30,Black,Physical disability,German,Master Degree,Somewhat related,Unpersonalized,Below average,3-7 years,0
368,1,Male,45,Black,None stated,German,Bachelor Degree,Closely related,Personalized,Below average,10+ years,0
369,1,Non-binary,55,Asian,Physical disability,Mexican,Bachelor Degree,Somewhat related,Personalized,Above average,0-2 years,0
370,1,Male,40,Black,Physical disability,Mexican,Bachelor Degree,Closely related,Unpersonalized,Average,10+ years,0
371,1,Male,50,Hispanic,Physical disability,Indian,Master Degree,Closely related,Unpersonalized,Average,3-7 years,0
372,1,Non-binary,45,White,Mental health history,Mexican,Bachelor Degree,Closely related,Unpersonalized,Above average,10+ years,0
373,1,Female,55,Hispanic,Physical disability,German,Associate Degree,Unrelated,Unpersonalized,Above average,3-7 years,0
374,1,Female,30,Hispanic,None stated,Mexican,Master Degree,Closely related,Personalized,Below average,10+ years,1
375,1,Male,30,Black,Mental health history,Mexican,Bachelor Degree,Closely related,Personalized,Above average,0-2 years,0
376,1,Male,50,Hispanic,None stated,American,Master Degree,Unrelated,Personalized,Above average,3-7 years,0
377,1,Non-binary,35,White,Mental health history,German,Bachelor Degree,Unrelated,Unpersonalized,Average,3-7 years,0
378,1,Male,35,Hispanic,Physical disability,German,Bachelor Degree,Somewhat related,Personalized,Above average,3-7 years,0
379,1,Female,50,Asian,Mental health history,German,Master Degree,Closely related,Personalized,Below average,10+ years,1
380,1,Male,55,Black,Mental health history,German,Bachelor Degree,Unrelated,Unpersonalized,Below average,10+ years,0
381,1,Male,30,Asian,Physical disability,Indian,Bachelor Degree,Somewhat related,Personalized,Average,10+ years,0
382,1,Male,40,Hispanic,None stated,American,Associate Degree,Unrelated,Personalized,Above average,3-7 years,0
383,1,Non-binary,35,Asian,Physical disability,German,Master Degree,Closely related,Personalized,Below average,3-7 years,0
384,1,Non-binary,50,Hispanic,None stated,German,Bachelor Degree,Unrelated,Unpersonalized,Below average,10+ years,0
385,1,Female,45,Asian,Mental health history,American,Master Degree,Somewhat related,Personalized,Above average,3-7 years,1
386,1,Male,30,Black,Physical disability,American,Associate Degree,Closely related,Personalized,Above average,3-7 years,0
387,1,Female,55,Black,Physical disability,Indian,Bachelor Degree,Closely related,Unpersonalized,Below average,3-7 years,0
388,1,Female,40,Asian,None stated,Indian,Master Degree,Somewhat related,Unpersonalized,Above average,3-7 years,0
389,1,Female,55,White,Physical disability,German,Bachelor Degree,Somewhat related,Unpersonalized,Average,3-7 years,0
390,1,Female,55,White,Mental health history,American,Bachelor Degree,Closely related,Personalized,Average,0-2 years,0
391,1,Female,30,White,None stated,American,Master Degree,Closely related,Unpersonalized,Above average,0-2 years,0
392,1,Male,50,Black,None stated,German,Associate Degree,Somewhat related,Personalized,Above average,10+ years,0
393,1,Male,30,Hispanic,Physical disability,German,Associate Degree,Somewhat related,Personalized,Below average,0-2 years,0
394,1,Non-binary,30,White,Mental health history,German,Associate Degree,Closely related,Unpersonalized,Below average,10+ years,0
395,1,Non-binary,55,Asian,None stated,Canadian,Master Degree,Closely related,Unpersonalized,Below average,10+ years,0
396,1,Male,55,Asian,Mental health history,American,Bachelor Degree,Somewhat related,Personalized,Average,3-7 years,0
397,1,Female,40,Black,None stated,German,Master Degree,Unrelated,Unpersonalized,Below average,3-7 years,0
398,1,Male,55,Black,Physical disability,Indian,Master Degree,Closely related,Personalized,Above average,10+ years,1
399,1,Non-binary,30,White,Physical disability,Mexican,Associate Degree,Unrelated,Unpersonalized,Above average,0-2 years,0
400,1,Male,30,Hispanic,None stated,American,Associate Degree,Somewhat related,Personalized,Below average,10+ years,0
401,1,Male,35,Asian,Physical disability,Canadian,Associate Degree,Unrelated,Unpersonalized,Above average,0-2 years,0
402,1,Non-binary,55,Hispanic,Physical disability,Mexican,Master Degree,Somewhat related,Personalized,Below average,10+ years,0
403,1,Female,45,Black,Mental health history,Canadian,Associate Degree,Somewhat related,Unpersonalized,Below average,3-7 years,0
404,1,Non-binary,45,Hispanic,Physical disability,Mexican,Bachelor Degree,Somewhat related,Unpersonalized,Above average,3-7 years,0
405,1,Female,35,Black,Mental health history,Mexican,Associate Degree,Unrelated,Personalized,Below average,0-2 years,0
406,1,Female,30,Asian,Mental health history,Canadian,Master Degree,Closely related,Personalized,Above average,10+ years,1
407,1,Male,40,Asian,Physical disability,Canadian,Master Degree,Closely related,Personalized,Below average,0-2 years,0
408,1,Male,40,Hispanic,Physical disability,Mexican,Bachelor Degree,Somewhat related,Unpersonalized,Below average,3-7 years,0
409,1,Non-binary,30,Black,None stated,German,Master Degree,Somewhat related,Unpersonalized,Below average,3-7 years,0
410,1,Female,30,White,Physical disability,German,Bachelor Degree,Somewhat related,Personalized,Below average,3-7 years,0
411,1,Non-binary,45,White,None stated,American,Bachelor Degree,Closely related,Unpersonalized,Average,3-7 years,0
412,1,Female,40,White,None stated,Indian,Master Degree,Unrelated,Personalized,Above average,3-7 years,0
413,1,Female,35,Asian,Mental health history,German,Bachelor Degree,Closely related,Personalized,Above average,0-2 years,0
414,1,Non-binary,45,Black,None stated,Indian,Bachelor Degree,Unrelated,Personalized,Below average,0-2 years,0
415,1,Non-binary,55,Black,None stated,German,Bachelor Degree,Closely related,Personalized,Above average,0-2 years,0
416,1,Non-binary,30,Black,Physical disability,Mexican,Associate Degree,Somewhat related,Unpersonalized,Average,3-7 years,0
417,1,Male,55,Asian,None stated,American,Associate Degree,Closely related,Personalized,Above average,0-2 years,0
418,1,Non-binary,30,Hispanic,Mental health history,German,Associate Degree,Somewhat related,Personalized,Below average,3-7 years,0
419,1,Male,35,Black,Mental health history,American,Master Degree,Closely related,Unpersonalized,Average,10+ years,0
420,1,Non-binary,45,Black,Physical disability,Canadian,Bachelor Degree,Closely related,Unpersonalized,Below average,0-2 years,0
421,1,Male,45,White,Physical disability,Mexican,Bachelor Degree,Closely related,Personalized,Above average,3-7 years,0
422,1,Female,40,White,Mental health history,Indian,Bachelor Degree,Closely related,Unpersonalized,Average,3-7 years,0
423,1,Female,50,White,None stated,Indian,Associate Degree,Unrelated,Personalized,Above average,0-2 years,0
424,1,Male,50,Black,Mental health history,American,Bachelor Degree,Somewhat related,Personalized,Above average,10+ years,0
425,1,Male,40,Asian,None stated,Canadian,Associate Degree,Unrelated,Personalized,Above average,10+ years,0
426,1,Non-binary,45,White,Physical disability,Mexican,Bachelor Degree,Unrelated,Personalized,Average,10+ years,0
427,1,Non-binary,30,Hispanic,Mental health history,Canadian,Master Degree,Closely related,Unpersonalized,Below average,10+ years,0
428,1,Male,45,White,None stated,German,Associate Degree,Somewhat related,Unpersonalized,Above average,3-7 years,0
429,1,Female,30,Black,None stated,Mexican,Master Degree,Unrelated,Unpersonalized,Average,0-2 years,0
430,1,Female,35,Asian,None stated,German,Master Degree,Closely related,Unpersonalized,Above average,10+ years,1
431,1,Female,45,White,Mental health history,German,Master Degree,Somewhat related,Personalized,Above average,0-2 years,0
432,1,Female,45,Asian,Physical disability,American,Associate Degree,Unrelated,Personalized,Below average,3-7 years,0
433,1,Non-binary,30,Black,Physical disability,Canadian,Master Degree,Closely related,Unpersonalized,Average,3-7 years,0
434,1,Male,35,White,None stated,American,Bachelor Degree,Closely related,Unpersonalized,Above average,0-2 years,0
435,1,Non-binary,35,White,None stated,Canadian,Associate Degree,Unrelated,Personalized,Below average,10+ years,0
436,1,Female,30,Hispanic,Mental health history,Canadian,Bachelor Degree,Closely related,Personalized,Below average,0-2 years,0
437,1,Female,35,Black,Physical disability,Canadian,Master Degree,Closely related,Personalized,Below average,3-7 years,0
438,1,Non-binary,35,White,None stated,Canadian,Bachelor Degree,Unrelated,Personalized,Below average,0-2 years,0
439,1,Male,55,Black,Mental health history,Indian,Associate Degree,Unrelated,Personalized,Below average,3-7 years,0
440,1,Female,40,White,Physical disability,American,Master Degree,Closely related,Unpersonalized,Above average,0-2 years,0
441,1,Female,30,Hispanic,Physical disability,Indian,Master Degree,Somewhat related,Unpersonalized,Below average,3-7 years,0
442,1,Female,55,Black,Physical disability,American,Bachelor Degree,Somewhat related,Unpersonalized,Below average,0-2 years,0
443,1,Non-binary,55,Hispanic,Physical disability,Canadian,Master Degree,Somewhat related,Unpersonalized,Average,10+ years,0
444,1,Non-binary,55,Hispanic,None stated,Mexican,Bachelor Degree,Somewhat related,Unpersonalized,Average,0-2 years,0
445,1,Female,55,Black,None stated,German,Master Degree,Somewhat related,Unpersonalized,Average,10+ years,0
446,1,Non-binary,40,White,None stated,German,Bachelor Degree,Somewhat related,Unpersonalized,Above average,10+ years,0
447,1,Non-binary,50,Hispanic,Mental health history,Indian,Associate Degree,Unrelated,Unpersonalized,Above average,10+ years,0
448,1,Non-binary,40,White,Mental health history,Canadian,Associate Degree,Closely related,Personalized,Above average,3-7 years,0
449,1,Female,30,White,Physical disability,German,Associate Degree,Closely related,Personalized,Average,0-2 years,0
450,1,Male,45,White,Mental health history,American,Master Degree,Somewhat related,Unpersonalized,Average,10+ years,0
451,1,Non-binary,35,White,Mental health history,Indian,Master Degree,Somewhat related,Personalized,Above average,0-2 years,0
452,1,Non-binary,45,Hispanic,Mental health history,Indian,Master Degree,Closely related,Personalized,Below average,10+ years,0
453,1,Female,45,Black,Mental health history,Indian,Bachelor Degree,Closely related,Unpersonalized,Below average,10+ years,0
454,1,Male,30,Asian,Physical disability,German,Master Degree,Somewhat related,Personalized,Above average,10+ years,1
455,1,Female,40,White,None stated,German,Associate Degree,Somewhat related,Personalized,Average,3-7 years,0
456,1,Female,45,White,None stated,Canadian,Bachelor Degree,Unrelated,Unpersonalized,Below average,10+ years,0
457,1,Non-binary,55,Black,None stated,Mexican,Associate Degree,Unrelated,Unpersonalized,Average,0-2 years,0
458,1,Female,35,Hispanic,Physical disability,Mexican,Master Degree,Somewhat related,Unpersonalized,Below average,0-2 years,0
459,1,Female,50,Black,None stated,Canadian,Associate Degree,Somewhat related,Unpersonalized,Below average,10+ years,0
460,1,Non-binary,45,Hispanic,Mental health history,American,Master Degree,Closely related,Unpersonalized,Below average,3-7 years,0
461,1,Male,35,Black,None stated,American,Master Degree,Somewhat related,Unpersonalized,Above average,3-7 years,0
462,1,Female,35,Asian,Physical disability,Indian,Master Degree,Closely related,Unpersonalized,Below average,3-7 years,0
463,1,Female,50,Hispanic,Physical disability,Indian,Associate Degree,Somewhat related,Personalized,Average,10+ years,0
464,1,Female,45,Asian,Mental health history,Canadian,Bachelor Degree,Closely related,Unpersonalized,Below average,10+ years,0
465,1,Male,55,White,None stated,German,Bachelor Degree,Somewhat related,Personalized,Average,10+ years,0
466,1,Male,35,White,Physical disability,German,Associate Degree,Unrelated,Personalized,Average,10+ years,0
467,1,Male,50,White,Mental health history,Indian,Associate Degree,Unrelated,Unpersonalized,Above average,10+ years,0
468,1,Female,30,Black,Mental health history,German,Associate Degree,Closely related,Personalized,Average,3-7 years,0
469,1,Male,45,Asian,Physical disability,Indian,Associate Degree,Closely related,Unpersonalized,Average,10+ years,0
470,1,Non-binary,45,Hispanic,None stated,Canadian,Master Degree,Closely related,Unpersonalized,Average,0-2 years,0
471,1,Female,45,White,Physical disability,Canadian,Master Degree,Unrelated,Personalized,Average,10+ years,0
472,1,Male,45,Asian,Physical disability,American,Bachelor Degree,Somewhat related,Personalized,Above average,3-7 years,0
473,1,Male,50,Hispanic,Physical disability,Mexican,Associate Degree,Closely related,Personalized,Average,10+ years,0
474,1,Male,35,White,None stated,American,Master Degree,Unrelated,Unpersonalized,Above average,10+ years,0
475,1,Non-binary,30,Black,Physical disability,German,Master Degree,Somewhat related,Personalized,Below average,0-2 years,0
476,1,Non-binary,35,Black,Mental health history,Indian,Master Degree,Closely related,Unpersonalized,Below average,3-7 years,0
477,1,Male,40,White,Mental health history,American,Associate Degree,Closely related,Personalized,Below average,3-7 years,0
478,1,Male,55,Asian,Mental health history,Canadian,Associate Degree,Closely related,Unpersonalized,Above average,3-7 years,0
479,1,Non-binary,30,Asian,Physical disability,Canadian,Bachelor Degree,Unrelated,Personalized,Above average,3-7 years,0
480,1,Female,55,Asian,None stated,American,Bachelor Degree,Somewhat related,Personalized,Average,0-2 years,0
481,1,Non-binary,35,Hispanic,None stated,Mexican,Bachelor Degree,Unrelated,Personalized,Above average,10+ years,0
482,1,Male,45,Hispanic,None stated,German,Master Degree,Unrelated,Personalized,Average,0-2 years,0
483,1,Non-binary,30,White,Mental health history,Indian,Associate Degree,Somewhat related,Unpersonalized,Above average,3-7 years,0
484,1,Male,50,Asian,Physical disability,Canadian,Bachelor Degree,Unrelated,Unpersonalized,Above average,0-2 years,0
485,1,Female,35,Black,None stated,Mexican,Bachelor Degree,Closely related,Unpersonalized,Above average,0-2 years,0
486,1,Male,45,Hispanic,Physical disability,Mexican,Associate Degree,Closely related,Personalized,Above average,3-7 years,0
487,1,Female,50,Black,None stated,American,Master Degree,Closely related,Personalized,Above average,3-7 years,1
488,1,Non-binary,35,Hispanic,Physical disability,Canadian,Bachelor Degree,Closely related,Personalized,Above average,3-7 years,1
489,1,Non-binary,35,Black,Mental health history,Indian,Associate Degree,Unrelated,Unpersonalized,Average,10+ years,0
490,1,Non-binary,50,White,Mental health history,American,Associate Degree,Closely related,Unpersonalized,Average,0-2 years,0
491,1,Non-binary,50,White,Physical disability,Mexican,Associate Degree,Unrelated,Personalized,Below average,10+ years,0
492,1,Male,55,White,Physical disability,German,Associate Degree,Unrelated,Personalized,Average,3-7 years,0
493,1,Non-binary,35,White,Physical disability,German,Bachelor Degree,Somewhat related,Personalized,Average,10+ years,1
494,1,Female,50,Hispanic,None stated,Indian,Master Degree,Closely related,Personalized,Below average,10+ years,1
495,1,Female,30,Asian,Mental health history,American,Bachelor Degree,Unrelated,Unpersonalized,Below average,10+ years,0
496,1,Male,35,Hispanic,Mental health history,Canadian,Master Degree,Closely related,Unpersonalized,Below average,3-7 years,0
497,1,Male,45,Black,Mental health history,Canadian,Associate Degree,Closely related,Personalized,Above average,0-2 years,0
498,1,Male,45,Asian,None stated,American,Associate Degree,Somewhat related,Personalized,Below average,10+ years,0
499,1,Non-binary,55,Hispanic,Physical disability,Indian,Associate Degree,Closely related,Personalized,Below average,3-7 years,0
500,1,Male,45,White,Physical disability,German,Master Degree,Somewhat related,Unpersonalized,Average,10+ years,0
501,1,Female,35,Black,None stated,Canadian,Master Degree,Somewhat related,Personalized,Average,0-2 years,0
502,1,Female,50,White,Physical disability,German,Bachelor Degree,Unrelated,Personalized,Below average,3-7 years,0
503,1,Female,45,Black,None stated,German,Bachelor Degree,Somewhat related,Personalized,Above average,3-7 years,0
504,1,Male,55,Black,None stated,Canadian,Bachelor Degree,Closely related,Unpersonalized,Above average,10+ years,0
505,1,Female,55,Hispanic,Mental health history,Mexican,Bachelor Degree,Closely related,Personalized,Average,10+ years,0
506,1,Non-binary,55,Hispanic,None stated,American,Bachelor Degree,Somewhat related,Unpersonalized,Above average,10+ years,1
507,1,Male,50,Black,Mental health history,Mexican,Master Degree,Closely related,Unpersonalized,Below average,10+ years,0
508,1,Female,40,Black,Physical disability,German,Associate Degree,Unrelated,Unpersonalized,Above average,3-7 years,0
509,1,Male,40,Hispanic,Mental health history,Indian,Bachelor Degree,Somewhat related,Personalized,Average,3-7 years,0
510,1,Non-binary,30,Black,None stated,Indian,Master Degree,Somewhat related,Unpersonalized,Average,3-7 years,0
511,1,Non-binary,50,Hispanic,Mental health history,Mexican,Bachelor Degree,Unrelated,Personalized,Below average,0-2 years,0
512,1,Male,30,White,None stated,German,Master Degree,Unrelated,Personalized,Above average,3-7 years,0
513,1,Non-binary,50,White,None stated,Mexican,Bachelor Degree,Closely related,Personalized,Above average,10+ years,1
514,1,Male,30,Hispanic,None stated,Mexican,Associate Degree,Closely related,Unpersonalized,Above average,10+ years,0
515,1,Male,55,Black,Physical disability,Canadian,Bachelor Degree,Somewhat related,Unpersonalized,Above average,0-2 years,0
516,1,Female,45,Black,Physical disability,American,Bachelor Degree,Somewhat related,Unpersonalized,Below average,10+ years,0
517,1,Female,50,Black,None stated,German,Master Degree,Somewhat related,Unpersonalized,Above average,0-2 years,0
518,1,Female,50,White,Mental health history,Mexican,Bachelor Degree,Somewhat related,Personalized,Below average,0-2 years,0
519,1,Male,30,Black,None stated,Indian,Associate Degree,Closely related,Personalized,Above average,3-7 years,0
520,1,Female,55,Hispanic,None stated,German,Associate Degree,Closely related,Unpersonalized,Below average,3-7 years,0
521,1,Non-binary,45,Hispanic,Mental health history,German,Master Degree,Unrelated,Personalized,Above average,10+ years,0
522,1,Male,35,Hispanic,None stated,Mexican,Master Degree,Somewhat related,Unpersonalized,Below average,0-2 years,0
523,1,Male,40,Hispanic,Physical disability,American,Bachelor Degree,Somewhat related,Personalized,Average,0-2 years,0
524,1,Non-binary,40,White,Physical disability,Indian,Master Degree,Closely related,Unpersonalized,Average,10+ years,0
525,1,Non-binary,55,Asian,Mental health history,Canadian,Associate Degree,Closely related,Unpersonalized,Above average,0-2 years,0
526,1,Male,55,Asian,Mental health history,Indian,Associate Degree,Somewhat related,Personalized,Average,10+ years,0
527,1,Female,55,Asian,Physical disability,German,Associate Degree,Unrelated,Personalized,Below average,3-7 years,0
528,1,Male,35,Asian,Physical disability,Mexican,Bachelor Degree,Somewhat related,Personalized,Below average,10+ years,0
529,1,Non-binary,55,Black,Physical disability,Canadian,Master Degree,Closely related,Personalized,Above average,10+ years,1
530,1,Female,35,Black,Physical disability,American,Master Degree,Closely related,Unpersonalized,Above average,3-7 years,0
531,1,Female,30,White,Mental health history,American,Bachelor Degree,Unrelated,Personalized,Above average,10+ years,0
532,1,Female,35,White,None stated,Indian,Associate Degree,Closely related,Personalized,Above average,0-2 years,0
533,1,Non-binary,45,Black,None stated,Canadian,Bachelor Degree,Unrelated,Personalized,Average,10+ years,0
534,1,Non-binary,30,Black,Mental health history,Canadian,Master Degree,Closely related,Unpersonalized,Below average,0-2 years,0
535,1,Male,55,Black,Mental health history,Mexican,Bachelor Degree,Unrelated,Unpersonalized,Average,3-7 years,0
536,1,Female,45,Hispanic,Physical disability,Canadian,Associate Degree,Somewhat related,Unpersonalized,Below average,10+ years,0
537,1,Non-binary,45,Hispanic,Physical disability,Mexican,Associate Degree,Closely related,Personalized,Above average,0-2 years,0
538,1,Non-binary,40,Asian,Physical disability,Canadian,Associate Degree,Somewhat related,Unpersonalized,Below average,10+ years,0
539,1,Non-binary,30,White,Mental health history,German,Bachelor Degree,Closely related,Personalized,Average,3-7 years,0
540,1,Female,30,Hispanic,None stated,Canadian,Associate Degree,Unrelated,Personalized,Above average,3-7 years,0
541,1,Male,35,Hispanic,Mental health history,Indian,Associate Degree,Unrelated,Unpersonalized,Average,10+ years,0
542,1,Male,35,Hispanic,None stated,Mexican,Associate Degree,Unrelated,Unpersonalized,Average,10+ years,0
543,1,Non-binary,50,White,Physical disability,Mexican,Bachelor Degree,Closely related,Unpersonalized,Below average,10+ years,0
544,1,Male,35,White,Physical disability,Mexican,Master Degree,Somewhat related,Unpersonalized,Above average,10+ years,0
545,1,Female,45,Asian,Mental health history,German,Bachelor Degree,Somewhat related,Personalized,Average,0-2 years,0
546,1,Male,40,Black,None stated,Canadian,Associate Degree,Unrelated,Unpersonalized,Above average,3-7 years,0
547,1,Non-binary,50,White,Mental health history,American,Master Degree,Somewhat related,Personalized,Average,3-7 years,0
548,1,Male,45,White,Physical disability,German,Associate Degree,Somewhat related,Personalized,Below average,0-2 years,0
549,1,Non-binary,50,Asian,Physical disability,American,Associate Degree,Closely related,Personalized,Above average,3-7 years,0
550,1,Male,30,Hispanic,Mental health history,Canadian,Associate Degree,Closely related,Personalized,Average,3-7 years,0
551,1,Male,45,Asian,Physical disability,German,Master Degree,Unrelated,Unpersonalized,Above average,3-7 years,0
552,1,Non-binary,30,Black,None stated,German,Bachelor Degree,Closely related,Unpersonalized,Above average,3-7 years,0
553,1,Female,45,Asian,Physical disability,Mexican,Bachelor Degree,Somewhat related,Personalized,Average,3-7 years,0
554,1,Female,30,Hispanic,Mental health history,Mexican,Master Degree,Closely related,Personalized,Below average,3-7 years,0
555,1,Non-binary,30,Hispanic,Mental health history,American,Master Degree,Somewhat related,Unpersonalized,Average,3-7 years,0
556,1,Male,40,Hispanic,None stated,German,Bachelor Degree,Somewhat related,Unpersonalized,Above average,3-7 years,0
557,1,Male,40,Asian,Mental health history,Indian,Master Degree,Somewhat related,Unpersonalized,Above average,3-7 years,0
558,1,Male,55,Asian,None stated,Mexican,Master Degree,Somewhat related,Unpersonalized,Average,3-7 years,0
559,1,Female,55,Hispanic,None stated,Mexican,Bachelor Degree,Somewhat related,Personalized,Below average,3-7 years,0
560,1,Female,35,Black,Physical disability,Indian,Associate Degree,Unrelated,Unpersonalized,Average,3-7 years,0
561,1,Non-binary,30,White,None stated,American,Bachelor Degree,Unrelated,Unpersonalized,Average,10+ years,0
562,1,Female,40,Hispanic,Mental health history,German,Master Degree,Closely related,Unpersonalized,Above average,0-2 years,0
563,1,Non-binary,30,Asian,Mental health history,German,Master Degree,Somewhat related,Unpersonalized,Below average,0-2 years,0
564,1,Non-binary,35,White,Mental health history,Canadian,Bachelor Degree,Unrelated,Unpersonalized,Average,10+ years,0
565,1,Female,30,White,Physical disability,Indian,Bachelor Degree,Somewhat related,Personalized,Above average,3-7 years,0
566,1,Male,40,Asian,Physical disability,American,Associate Degree,Closely related,Unpersonalized,Above average,3-7 years,0
567,1,Male,45,Hispanic,Physical disability,Mexican,Bachelor Degree,Closely related,Personalized,Above average,0-2 years,0
568,1,Non-binary,50,Asian,Mental health history,Mexican,Associate Degree,Closely related,Personalized,Below average,0-2 years,0
569,1,Female,55,Asian,Physical disability,Mexican,Master Degree,Closely related,Personalized,Below average,10+ years,0
570,1,Female,40,Hispanic,Mental health history,Mexican,Bachelor Degree,Somewhat related,Personalized,Average,10+ years,0
571,1,Female,55,Black,Physical disability,Mexican,Bachelor Degree,Somewhat related,Personalized,Average,0-2 years,0
572,1,Non-binary,55,Black,Mental health history,German,Bachelor Degree,Unrelated,Personalized,Above average,3-7 years,0
573,1,Non-binary,30,Black,Physical disability,German,Master Degree,Somewhat related,Personalized,Above average,3-7 years,0
574,1,Non-binary,40,Asian,Mental health history,German,Bachelor Degree,Somewhat related,Unpersonalized,Below average,3-7 years,0
575,1,Non-binary,50,Black,Physical disability,Canadian,Bachelor Degree,Unrelated,Personalized,Average,10+ years,0
576,1,Non-binary,50,Hispanic,Physical disability,Canadian,Associate Degree,Unrelated,Personalized,Below average,3-7 years,0
577,1,Non-binary,30,Asian,None stated,German,Master Degree,Closely related,Personalized,Above average,3-7 years,1
578,1,Female,55,Asian,None stated,German,Associate Degree,Unrelated,Unpersonalized,Below average,10+ years,0
579,1,Female,40,Hispanic,Physical disability,Canadian,Associate Degree,Closely related,Unpersonalized,Above average,0-2 years,0
580,1,Female,50,Hispanic,None stated,Indian,Master Degree,Closely related,Personalized,Below average,3-7 years,0
581,1,Female,30,White,None stated,American,Bachelor Degree,Somewhat related,Personalized,Average,10+ years,1
582,1,Female,55,Hispanic,Physical disability,German,Master Degree,Somewhat related,Unpersonalized,Average,10+ years,0
583,1,Female,35,Hispanic,Physical disability,German,Bachelor Degree,Unrelated,Unpersonalized,Below average,0-2 years,0
584,1,Male,30,Asian,Physical disability,Indian,Master Degree,Somewhat related,Unpersonalized,Average,0-2 years,0
585,1,Female,35,White,Mental health history,American,Master Degree,Closely related,Personalized,Average,0-2 years,0
586,1,Female,35,Asian,Physical disability,Indian,Master Degree,Closely related,Personalized,Below average,0-2 years,0
587,1,Female,55,Hispanic,None stated,American,Associate Degree,Somewhat related,Personalized,Below average,3-7 years,0
588,1,Non-binary,40,Black,Physical disability,German,Master Degree,Unrelated,Personalized,Below average,0-2 years,0
589,1,Male,50,Asian,None stated,Mexican,Bachelor Degree,Closely related,Personalized,Average,3-7 years,0
590,1,Non-binary,40,White,Mental health history,Indian,Bachelor Degree,Somewhat related,Unpersonalized,Average,10+ years,0
591,1,Non-binary,30,Black,None stated,Canadian,Bachelor Degree,Somewhat related,Personalized,Above average,3-7 years,0
592,1,Non-binary,50,Black,Physical disability,Canadian,Bachelor Degree,Unrelated,Unpersonalized,Above average,10+ years,0
593,1,Female,50,Hispanic,Physical disability,German,Master Degree,Somewhat related,Unpersonalized,Average,3-7 years,0
594,1,Non-binary,40,White,Mental health history,Indian,Master Degree,Closely related,Unpersonalized,Below average,10+ years,0
595,1,Non-binary,45,Black,None stated,Canadian,Master Degree,Unrelated,Personalized,Below average,3-7 years,0
596,1,Non-binary,40,White,None stated,American,Associate Degree,Unrelated,Personalized,Average,3-7 years,0
597,1,Male,30,Black,Mental health history,Mexican,Master Degree,Closely related,Unpersonalized,Below average,0-2 years,0
598,1,Non-binary,35,Black,Physical disability,Canadian,Bachelor Degree,Somewhat related,Unpersonalized,Below average,10+ years,0
599,1,Male,35,Black,Mental health history,American,Bachelor Degree,Unrelated,Personalized,Above average,0-2 years,0
600,1,Male,40,White,None stated,Indian,Associate Degree,Somewhat related,Personalized,Below average,0-2 years,0
601,1,Non-binary,35,Asian,Physical disability,American,Master Degree,Closely related,Personalized,Above average,0-2 years,1
602,1,Non-binary,45,Black,Mental health history,Mexican,Bachelor Degree,Closely related,Personalized,Average,10+ years,1
603,1,Non-binary,40,Black,Mental health history,Indian,Associate Degree,Unrelated,Personalized,Below average,0-2 years,0
604,1,Non-binary,55,Hispanic,Mental health history,Canadian,Master Degree,Unrelated,Unpersonalized,Average,3-7 years,0
605,1,Female,35,Black,Physical disability,Mexican,Associate Degree,Unrelated,Personalized,Above average,10+ years,0
606,1,Non-binary,45,Hispanic,Physical disability,Indian,Master Degree,Somewhat related,Personalized,Average,0-2 years,0
607,1,Male,55,White,None stated,Mexican,Master Degree,Closely related,Unpersonalized,Below average,0-2 years,0
608,1,Male,55,Hispanic,Mental health history,German,Master Degree,Closely related,Personalized,Average,3-7 years,0
609,1,Male,35,Black,None stated,German,Bachelor Degree,Somewhat related,Personalized,Below average,0-2 years,0
610,1,Non-binary,40,Black,Mental health history,Indian,Bachelor Degree,Somewhat related,Personalized,Average,3-7 years,0
611,1,Female,40,White,Mental health history,Mexican,Bachelor Degree,Unrelated,Personalized,Above average,3-7 years,0
612,1,Female,40,White,None stated,Mexican,Master Degree,Unrelated,Personalized,Below average,0-2 years,0
613,1,Male,40,Hispanic,Mental health history,Mexican,Bachelor Degree,Somewhat related,Personalized,Above average,10+ years,0
614,1,Male,50,Asian,Physical disability,American,Bachelor Degree,Unrelated,Personalized,Above average,0-2 years,0
615,1,Non-binary,40,Hispanic,None stated,American,Master Degree,Closely related,Unpersonalized,Average,0-2 years,0
616,1,Male,35,Hispanic,None stated,American,Associate Degree,Unrelated,Personalized,Below average,3-7 years,0
617,1,Female,55,White,Physical disability,German,Master Degree,Closely related,Unpersonalized,Above average,3-7 years,0
618,1,Male,50,Hispanic,None stated,Indian,Master Degree,Closely related,Unpersonalized,Average,3-7 years,0
619,1,Female,35,Asian,Physical disability,Indian,Bachelor Degree,Somewhat related,Personalized,Below average,0-2 years,0
620,1,Non-binary,50,Black,None stated,Indian,Associate Degree,Closely related,Personalized,Average,3-7 years,0
621,1,Male,40,Hispanic,None stated,Indian,Bachelor Degree,Somewhat related,Personalized,Below average,10+ years,0
622,1,Female,30,Hispanic,Physical disability,Mexican,Bachelor Degree,Unrelated,Personalized,Below average,10+ years,0
623,1,Male,35,Black,None stated,German,Associate Degree,Somewhat related,Unpersonalized,Below average,10+ years,0
624,1,Female,50,Asian,None stated,Mexican,Bachelor Degree,Closely related,Personalized,Average,0-2 years,0
625,1,Female,50,Black,Mental health history,German,Associate Degree,Unrelated,Personalized,Above average,10+ years,0
626,1,Female,45,White,None stated,German,Bachelor Degree,Unrelated,Unpersonalized,Above average,10+ years,0
627,1,Non-binary,30,Hispanic,Physical disability,Canadian,Master Degree,Unrelated,Unpersonalized,Above average,0-2 years,0
628,1,Female,55,Hispanic,Physical disability,Canadian,Associate Degree,Closely related,Personalized,Below average,0-2 years,0
629,1,Female,55,White,Mental health history,American,Master Degree,Unrelated,Unpersonalized,Above average,3-7 years,0
630,1,Non-binary,40,White,None stated,American,Master Degree,Unrelated,Personalized,Above average,3-7 years,1
631,1,Non-binary,30,Hispanic,Mental health history,Canadian,Associate Degree,Somewhat related,Personalized,Above average,0-2 years,0
632,1,Female,55,Asian,Mental health history,American,Master Degree,Unrelated,Unpersonalized,Below average,0-2 years,0
633,1,Male,45,Asian,Physical disability,Indian,Associate Degree,Somewhat related,Unpersonalized,Above average,10+ years,0
634,1,Female,50,Hispanic,Physical disability,Mexican,Master Degree,Somewhat related,Personalized,Above average,10+ years,0
635,1,Non-binary,55,Asian,Physical disability,Mexican,Master Degree,Closely related,Unpersonalized,Average,0-2 years,0
636,1,Non-binary,55,Black,Physical disability,Indian,Master Degree,Unrelated,Personalized,Below average,3-7 years,0
637,1,Male,40,Hispanic,None stated,German,Bachelor Degree,Closely related,Personalized,Above average,3-7 years,0
638,1,Female,35,Hispanic,None stated,Indian,Bachelor Degree,Unrelated,Unpersonalized,Average,3-7 years,0
639,1,Female,50,Asian,Mental health history,Indian,Master Degree,Somewhat related,Personalized,Below average,10+ years,0
640,1,Male,50,Black,Mental health history,Mexican,Bachelor Degree,Closely related,Personalized,Average,0-2 years,0
641,1,Non-binary,30,White,Physical disability,German,Master Degree,Closely related,Unpersonalized,Average,0-2 years,0
642,1,Male,45,Asian,Mental health history,Indian,Master Degree,Closely related,Unpersonalized,Average,10+ years,0
643,1,Non-binary,55,White,Mental health history,Mexican,Associate Degree,Closely related,Unpersonalized,Above average,10+ years,0
644,1,Non-binary,50,White,Physical disability,Canadian,Master Degree,Closely related,Personalized,Below average,3-7 years,0
645,1,Male,55,Black,Mental health history,Mexican,Bachelor Degree,Unrelated,Unpersonalized,Above average,0-2 years,0
646,1,Non-binary,55,Hispanic,Mental health history,American,Associate Degree,Closely related,Unpersonalized,Average,0-2 years,0
647,1,Male,55,Asian,Mental health history,Mexican,Master Degree,Somewhat related,Unpersonalized,Average,3-7 years,0
648,1,Male,30,White,None stated,Mexican,Associate Degree,Closely related,Unpersonalized,Above average,3-7 years,0
649,1,Male,50,Asian,Physical disability,Indian,Associate Degree,Unrelated,Unpersonalized,Average,10+ years,0
650,1,Non-binary,50,White,Mental health history,Indian,Bachelor Degree,Somewhat related,Personalized,Below average,3-7 years,0
651,1,Female,45,Hispanic,Physical disability,American,Bachelor Degree,Closely related,Personalized,Average,10+ years,0
652,1,Male,30,White,Physical disability,American,Bachelor Degree,Closely related,Personalized,Below average,10+ years,1
653,1,Female,45,Asian,None stated,German,Bachelor Degree,Closely related,Personalized,Above average,10+ years,1
654,1,Non-binary,55,Asian,Physical disability,Canadian,Bachelor Degree,Unrelated,Unpersonalized,Above average,3-7 years,0
655,1,Female,50,Black,None stated,American,Associate Degree,Somewhat related,Personalized,Below average,3-7 years,0
656,1,Female,30,Black,Physical disability,Mexican,Associate Degree,Closely related,Unpersonalized,Average,10+ years,0
657,1,Non-binary,55,Asian,Mental health history,American,Bachelor Degree,Somewhat related,Unpersonalized,Above average,3-7 years,0
658,1,Non-binary,40,Black,None stated,Indian,Associate Degree,Somewhat related,Unpersonalized,Above average,10+ years,0
659,1,Female,55,Hispanic,None stated,German,Bachelor Degree,Unrelated,Personalized,Below average,10+ years,0
660,1,Non-binary,50,Asian,Mental health history,Mexican,Associate Degree,Somewhat related,Unpersonalized,Above average,0-2 years,0
661,1,Non-binary,55,Black,Physical disability,German,Master Degree,Somewhat related,Personalized,Above average,0-2 years,0
662,1,Female,55,Hispanic,None stated,Mexican,Associate Degree,Somewhat related,Personalized,Average,10+ years,0
663,1,Non-binary,40,White,Mental health history,Indian,Master Degree,Closely related,Personalized,Above average,3-7 years,1
664,1,Non-binary,45,Black,Mental health history,Indian,Associate Degree,Closely related,Personalized,Above average,0-2 years,0
665,1,Non-binary,50,Asian,Physical disability,American,Bachelor Degree,Closely related,Personalized,Average,10+ years,1
666,1,Non-binary,40,Hispanic,None stated,Indian,Bachelor Degree,Somewhat related,Personalized,Above average,3-7 years,0
667,1,Female,55,Hispanic,None stated,Canadian,Master Degree,Unrelated,Unpersonalized,Above average,0-2 years,0
668,1,Male,50,Hispanic,None stated,Canadian,Master Degree,Somewhat related,Personalized,Average,3-7 years,0
669,1,Female,55,Hispanic,Physical disability,German,Associate Degree,Unrelated,Personalized,Above average,10+ years,0
670,1,Non-binary,45,Black,Physical disability,Mexican,Associate Degree,Unrelated,Personalized,Above average,10+ years,0
671,1,Female,40,White,Physical disability,German,Master Degree,Closely related,Unpersonalized,Below average,0-2 years,0
672,1,Non-binary,40,Hispanic,Physical disability,Indian,Master Degree,Somewhat related,Personalized,Above average,0-2 years,0
673,1,Female,50,Asian,Mental health history,Canadian,Master Degree,Closely related,Personalized,Average,10+ years,0
674,1,Non-binary,45,White,Mental health history,Indian,Bachelor Degree,Somewhat related,Unpersonalized,Above average,10+ years,0
675,1,Female,35,Hispanic,Physical disability,Indian,Master Degree,Somewhat related,Unpersonalized,Below average,3-7 years,0
676,1,Female,55,Hispanic,Physical disability,German,Bachelor Degree,Closely related,Unpersonalized,Below average,3-7 years,0
677,1,Male,55,Black,Physical disability,Mexican,Associate Degree,Closely related,Unpersonalized,Average,10+ years,0
678,1,Non-binary,55,Asian,Physical disability,American,Bachelor Degree,Closely related,Personalized,Above average,3-7 years,1
679,1,Female,40,Asian,Mental health history,American,Master Degree,Closely related,Personalized,Below average,3-7 years,1
680,1,Non-binary,45,Black,Physical disability,Canadian,Master Degree,Somewhat related,Personalized,Above average,0-2 years,0
681,1,Male,40,Hispanic,Physical disability,Canadian,Associate Degree,Somewhat related,Unpersonalized,Above average,3-7 years,0
682,1,Female,35,White,Mental health history,Canadian,Master Degree,Somewhat related,Unpersonalized,Below average,3-7 years,0
683,1,Male,40,Asian,Mental health history,Mexican,Associate Degree,Somewhat related,Personalized,Below average,10+ years,0
684,1,Non-binary,50,Asian,Physical disability,Canadian,Bachelor Degree,Somewhat related,Personalized,Above average,10+ years,0
685,1,Male,50,Hispanic,None stated,German,Associate Degree,Somewhat related,Personalized,Average,0-2 years,0
686,1,Male,35,Hispanic,Mental health history,Mexican,Bachelor Degree,Somewhat related,Unpersonalized,Below average,3-7 years,0
687,1,Non-binary,50,Hispanic,None stated,Mexican,Master Degree,Closely related,Unpersonalized,Average,10+ years,0
688,1,Female,30,Black,None stated,Canadian,Bachelor Degree,Somewhat related,Unpersonalized,Average,3-7 years,0
689,1,Non-binary,35,Asian,Mental health history,American,Bachelor Degree,Closely related,Unpersonalized,Average,10+ years,0
690,1,Male,45,Hispanic,Physical disability,German,Master Degree,Somewhat related,Unpersonalized,Below average,3-7 years,0
691,1,Non-binary,40,Black,Mental health history,German,Master Degree,Unrelated,Personalized,Average,0-2 years,0
692,1,Female,45,White,None stated,Indian,Associate Degree,Somewhat related,Personalized,Above average,3-7 years,0
693,1,Female,40,Asian,Mental health history,German,Master Degree,Somewhat related,Personalized,Below average,0-2 years,0
694,1,Female,40,Black,Mental health history,Indian,Bachelor Degree,Unrelated,Unpersonalized,Below average,3-7 years,0
695,1,Male,35,Hispanic,None stated,Canadian,Master Degree,Closely related,Unpersonalized,Above average,10+ years,1
696,1,Non-binary,30,Black,None stated,German,Bachelor Degree,Somewhat related,Personalized,Below average,0-2 years,0
697,1,Male,40,Black,Physical disability,American,Bachelor Degree,Somewhat related,Unpersonalized,Average,0-2 years,0
698,1,Male,45,Asian,Physical disability,Mexican,Associate Degree,Somewhat related,Personalized,Below average,10+ years,0
699,1,Male,35,Black,Mental health history,Mexican,Associate Degree,Somewhat related,Personalized,Average,3-7 years,0
700,1,Male,55,White,Mental health history,Mexican,Bachelor Degree,Closely related,Unpersonalized,Average,3-7 years,0
701,1,Male,35,Asian,None stated,Canadian,Bachelor Degree,Closely related,Unpersonalized,Above average,10+ years,1
702,1,Female,30,White,Mental health history,German,Master Degree,Somewhat related,Unpersonalized,Below average,0-2 years,0
703,1,Non-binary,30,Black,None stated,American,Bachelor Degree,Unrelated,Unpersonalized,Above average,0-2 years,0
704,1,Female,40,Asian,Physical disability,Canadian,Bachelor Degree,Unrelated,Unpersonalized,Above average,10+ years,0
705,1,Female,40,Black,None stated,Canadian,Associate Degree,Somewhat related,Unpersonalized,Above average,3-7 years,0
706,1,Non-binary,45,Black,Physical disability,German,Associate Degree,Unrelated,Personalized,Average,10+ years,0
707,1,Male,30,Hispanic,Physical disability,Canadian,Master Degree,Unrelated,Personalized,Above average,10+ years,0
708,1,Male,30,Hispanic,None stated,Mexican,Master Degree,Unrelated,Unpersonalized,Below average,0-2 years,0
709,1,Male,50,Asian,Mental health history,Indian,Master Degree,Closely related,Unpersonalized,Above average,10+ years,1
710,1,Non-binary,45,Black,None stated,German,Bachelor Degree,Unrelated,Personalized,Above average,10+ years,0
711,1,Male,45,White,Mental health history,German,Master Degree,Unrelated,Unpersonalized,Average,3-7 years,0
712,1,Male,35,Asian,Mental health history,American,Master Degree,Somewhat related,Personalized,Below average,3-7 years,0
713,1,Female,55,White,None stated,Indian,Associate Degree,Closely related,Personalized,Below average,10+ years,0
714,1,Non-binary,45,Asian,Physical disability,German,Bachelor Degree,Unrelated,Personalized,Above average,10+ years,0
715,1,Non-binary,35,Hispanic,Physical disability,German,Bachelor Degree,Closely related,Unpersonalized,Above average,10+ years,0
716,1,Female,55,Black,Mental health history,Indian,Master Degree,Unrelated,Personalized,Below average,3-7 years,0
717,1,Female,30,Asian,Mental health history,German,Bachelor Degree,Unrelated,Personalized,Above average,3-7 years,0
718,1,Non-binary,30,Black,None stated,German,Master Degree,Unrelated,Personalized,Above average,0-2 years,0
719,1,Non-binary,55,Black,Physical disability,Indian,Master Degree,Unrelated,Unpersonalized,Below average,3-7 years,0
720,1,Non-binary,35,Hispanic,None stated,German,Associate Degree,Unrelated,Personalized,Below average,10+ years,0
721,1,Non-binary,45,White,Physical disability,German,Bachelor Degree,Somewhat related,Personalized,Average,10+ years,1
722,1,Female,35,Black,None stated,American,Bachelor Degree,Closely related,Unpersonalized,Above average,10+ years,0
723,1,Female,50,Asian,Physical disability,American,Bachelor Degree,Unrelated,Personalized,Below average,3-7 years,0
724,1,Non-binary,45,Asian,None stated,Mexican,Bachelor Degree,Unrelated,Personalized,Average,3-7 years,0
725,1,Female,35,Black,None stated,Indian,Bachelor Degree,Unrelated,Personalized,Average,0-2 years,0
726,1,Male,40,Hispanic,None stated,Indian,Associate Degree,Somewhat related,Personalized,Below average,10+ years,0
727,1,Male,35,White,Physical disability,Mexican,Bachelor Degree,Unrelated,Unpersonalized,Average,10+ years,0
728,1,Female,45,Hispanic,None stated,Canadian,Master Degree,Unrelated,Personalized,Above average,0-2 years,0
729,1,Male,35,White,None stated,German,Bachelor Degree,Somewhat related,Unpersonalized,Average,3-7 years,0
730,1,Non-binary,50,Hispanic,Physical disability,Indian,Bachelor Degree,Somewhat related,Unpersonalized,Above average,0-2 years,0
731,1,Female,35,Asian,None stated,Canadian,Master Degree,Unrelated,Personalized,Below average,10+ years,0
732,1,Non-binary,40,Asian,None stated,Canadian,Associate Degree,Somewhat related,Personalized,Average,3-7 years,0
733,1,Male,50,White,None stated,German,Bachelor Degree,Closely related,Unpersonalized,Below average,0-2 years,0
734,1,Male,40,Hispanic,None stated,Canadian,Master Degree,Somewhat related,Personalized,Above average,3-7 years,1
735,1,Non-binary,35,Black,Physical disability,German,Master Degree,Somewhat related,Personalized,Below average,0-2 years,0
736,1,Female,30,Hispanic,None stated,American,Associate Degree,Somewhat related,Unpersonalized,Average,10+ years,0
737,1,Non-binary,55,Asian,Physical disability,Canadian,Master Degree,Somewhat related,Unpersonalized,Above average,10+ years,0
738,1,Female,50,Asian,None stated,American,Master Degree,Somewhat related,Personalized,Average,10+ years,0
739,1,Non-binary,45,White,Mental health history,Indian,Bachelor Degree,Somewhat related,Unpersonalized,Below average,0-2 years,0
740,1,Female,55,Asian,Mental health history,Indian,Bachelor Degree,Unrelated,Unpersonalized,Average,0-2 years,0
741,1,Male,30,Black,Mental health history,American,Associate Degree,Unrelated,Unpersonalized,Average,3-7 years,0
742,1,Non-binary,50,Hispanic,None stated,Canadian,Master Degree,Closely related,Unpersonalized,Above average,3-7 years,1
743,1,Male,55,White,None stated,Canadian,Bachelor Degree,Closely related,Personalized,Average,0-2 years,0
744,1,Non-binary,55,Black,Physical disability,Canadian,Bachelor Degree,Unrelated,Unpersonalized,Below average,3-7 years,0
745,1,Male,30,Asian,Mental health history,Canadian,Associate Degree,Unrelated,Personalized,Average,3-7 years,0
746,1,Female,35,Black,Physical disability,Mexican,Master Degree,Somewhat related,Personalized,Average,0-2 years,0
747,1,Non-binary,30,Black,Mental health history,American,Master Degree,Unrelated,Personalized,Average,3-7 years,0
748,1,Male,50,Asian,Mental health history,Indian,Bachelor Degree,Closely related,Personalized,Below average,0-2 years,0
749,1,Non-binary,50,Hispanic,None stated,Mexican,Bachelor Degree,Closely related,Unpersonalized,Below average,0-2 years,0
750,1,Non-binary,40,White,Physical disability,Indian,Associate Degree,Unrelated,Personalized,Below average,10+ years,0
751,1,Female,55,Asian,Physical disability,Mexican,Associate Degree,Closely related,Personalized,Above average,10+ years,0
752,1,Female,30,Asian,Physical disability,German,Bachelor Degree,Somewhat related,Unpersonalized,Below average,0-2 years,0
753,1,Female,35,Hispanic,None stated,Canadian,Associate Degree,Somewhat related,Personalized,Average,10+ years,0
754,1,Female,45,Asian,None stated,American,Associate Degree,Unrelated,Personalized,Above average,0-2 years,0
755,1,Non-binary,55,White,Mental health history,Mexican,Bachelor Degree,Somewhat related,Unpersonalized,Below average,0-2 years,0
756,1,Female,35,Asian,Mental health history,Mexican,Associate Degree,Somewhat related,Personalized,Below average,3-7 years,0
757,1,Non-binary,40,Black,Mental health history,German,Bachelor Degree,Closely related,Unpersonalized,Above average,10+ years,0
758,1,Female,35,Asian,Mental health history,Mexican,Bachelor Degree,Closely related,Unpersonalized,Above average,3-7 years,1
759,1,Non-binary,55,Black,None stated,Mexican,Associate Degree,Closely related,Unpersonalized,Above average,10+ years,0
760,1,Female,55,White,Physical disability,Mexican,Master Degree,Somewhat related,Personalized,Above average,0-2 years,0
761,1,Non-binary,30,White,Mental health history,Mexican,Associate Degree,Unrelated,Personalized,Below average,10+ years,0
762,1,Male,50,Hispanic,Physical disability,Canadian,Master Degree,Unrelated,Unpersonalized,Average,10+ years,0
763,1,Non-binary,50,Hispanic,Mental health history,American,Master Degree,Somewhat related,Unpersonalized,Below average,10+ years,0
764,1,Male,45,Black,None stated,Canadian,Associate Degree,Unrelated,Personalized,Below average,10+ years,0
765,1,Male,45,Hispanic,None stated,Mexican,Bachelor Degree,Closely related,Personalized,Below average,3-7 years,0
766,1,Non-binary,30,Asian,Physical disability,American,Bachelor Degree,Closely related,Personalized,Average,3-7 years,0
767,1,Female,35,Hispanic,Physical disability,Indian,Associate Degree,Closely related,Unpersonalized,Average,0-2 years,0
768,1,Non-binary,40,Hispanic,Mental health history,Indian,Bachelor Degree,Closely related,Personalized,Average,3-7 years,1
769,1,Female,30,Hispanic,Mental health history,Mexican,Bachelor Degree,Closely related,Unpersonalized,Average,3-7 years,0
770,1,Non-binary,40,Black,Mental health history,Mexican,Associate Degree,Somewhat related,Unpersonalized,Below average,0-2 years,0
771,1,Male,30,Asian,None stated,German,Associate Degree,Unrelated,Personalized,Above average,3-7 years,0
772,1,Female,45,Hispanic,Physical disability,American,Associate Degree,Unrelated,Unpersonalized,Above average,3-7 years,0
773,1,Non-binary,40,White,None stated,American,Bachelor Degree,Somewhat related,Unpersonalized,Above average,10+ years,0
774,1,Female,45,White,Physical disability,American,Master Degree,Unrelated,Unpersonalized,Below average,3-7 years,0
775,1,Non-binary,30,Asian,Mental health history,American,Bachelor Degree,Closely related,Unpersonalized,Average,3-7 years,0
776,1,Male,35,Asian,Physical disability,Mexican,Master Degree,Somewhat related,Personalized,Above average,10+ years,1
777,1,Male,50,Hispanic,Mental health history,Indian,Associate Degree,Somewhat related,Personalized,Above average,0-2 years,0
778,1,Non-binary,30,Black,Mental health history,Mexican,Associate Degree,Somewhat related,Unpersonalized,Average,0-2 years,0
779,1,Female,55,Black,Physical disability,Indian,Associate Degree,Somewhat related,Unpersonalized,Below average,10+ years,0
780,1,Male,40,White,None stated,Mexican,Bachelor Degree,Unrelated,Unpersonalized,Average,10+ years,0
781,1,Male,55,Asian,Physical disability,Canadian,Associate Degree,Closely related,Personalized,Below average,10+ years,0
782,1,Female,40,Asian,Physical disability,Canadian,Master Degree,Unrelated,Unpersonalized,Average,0-2 years,0
783,1,Female,55,White,Mental health history,German,Master Degree,Closely related,Personalized,Above average,0-2 years,0
784,1,Male,50,Asian,Mental health history,Canadian,Bachelor Degree,Somewhat related,Personalized,Below average,10+ years,0
785,1,Female,30,White,Mental health history,Indian,Bachelor Degree,Unrelated,Unpersonalized,Below average,3-7 years,0
786,1,Non-binary,30,White,None stated,Canadian,Associate Degree,Closely related,Personalized,Above average,0-2 years,0
787,1,Non-binary,55,Hispanic,None stated,American,Master Degree,Unrelated,Personalized,Average,0-2 years,0
788,1,Male,50,Hispanic,Physical disability,American,Master Degree,Somewhat related,Unpersonalized,Above average,10+ years,0
789,1,Female,55,White,Physical disability,American,Associate Degree,Somewhat related,Personalized,Average,0-2 years,0
790,1,Female,45,Hispanic,None stated,German,Bachelor Degree,Closely related,Unpersonalized,Below average,0-2 years,0
791,1,Female,40,Hispanic,Mental health history,German,Bachelor Degree,Somewhat related,Personalized,Average,10+ years,0
792,1,Male,50,White,None stated,American,Bachelor Degree,Unrelated,Unpersonalized,Above average,10+ years,0
793,1,Female,55,Hispanic,None stated,American,Master Degree,Unrelated,Unpersonalized,Below average,10+ years,0
794,1,Male,45,Asian,None stated,Indian,Associate Degree,Unrelated,Unpersonalized,Average,3-7 years,0
795,1,Female,55,Black,Physical disability,German,Master Degree,Unrelated,Personalized,Average,0-2 years,0
796,1,Female,45,Black,Mental health history,German,Bachelor Degree,Unrelated,Unpersonalized,Above average,10+ years,0
797,1,Male,40,Black,Mental health history,American,Associate Degree,Unrelated,Personalized,Above average,10+ years,0
798,1,Female,50,Hispanic,Physical disability,Indian,Bachelor Degree,Unrelated,Unpersonalized,Below average,3-7 years,0
799,1,Non-binary,40,Asian,Physical disability,Indian,Master Degree,Closely related,Unpersonalized,Above average,10+ years,1
800,1,Non-binary,45,White,Mental health history,Mexican,Master Degree,Unrelated,Unpersonalized,Below average,3-7 years,0
801,1,Non-binary,40,White,None stated,American,Associate Degree,Unrelated,Personalized,Above average,10+ years,0
802,1,Male,35,Hispanic,Physical disability,American,Master Degree,Closely related,Unpersonalized,Above average,10+ years,1
803,1,Female,45,Black,Physical disability,Canadian,Master Degree,Unrelated,Unpersonalized,Below average,10+ years,0
804,1,Female,50,Black,Mental health history,Canadian,Bachelor Degree,Unrelated,Personalized,Average,10+ years,0
805,1,Non-binary,55,Hispanic,Mental health history,German,Bachelor Degree,Unrelated,Personalized,Above average,0-2 years,0
806,1,Female,40,White,None stated,German,Associate Degree,Somewhat related,Personalized,Above average,10+ years,0
807,1,Female,45,Black,Physical disability,German,Master Degree,Closely related,Unpersonalized,Above average,0-2 years,0
808,1,Male,40,Hispanic,None stated,Canadian,Bachelor Degree,Closely related,Unpersonalized,Above average,3-7 years,0
809,1,Male,55,Asian,None stated,Indian,Bachelor Degree,Closely related,Unpersonalized,Below average,0-2 years,0
810,1,Male,35,Hispanic,Mental health history,Indian,Associate Degree,Unrelated,Personalized,Above average,3-7 years,0
811,1,Female,30,White,Physical disability,German,Bachelor Degree,Unrelated,Unpersonalized,Above average,0-2 years,0
812,1,Non-binary,35,Asian,None stated,Indian,Bachelor Degree,Closely related,Personalized,Average,10+ years,1
813,1,Male,55,Black,None stated,Indian,Associate Degree,Closely related,Personalized,Below average,3-7 years,0
814,1,Female,35,Hispanic,Mental health history,Mexican,Bachelor Degree,Somewhat related,Personalized,Above average,3-7 years,0
815,1,Male,45,Asian,Physical disability,Indian,Associate Degree,Unrelated,Personalized,Average,0-2 years,0
816,1,Male,35,White,Physical disability,American,Master Degree,Unrelated,Personalized,Average,10+ years,0
817,1,Non-binary,30,Asian,None stated,Canadian,Associate Degree,Closely related,Unpersonalized,Below average,10+ years,0
818,1,Non-binary,50,Hispanic,Physical disability,German,Master Degree,Somewhat related,Unpersonalized,Below average,3-7 years,0
819,1,Female,30,White,Mental health history,Mexican,Associate Degree,Somewhat related,Unpersonalized,Average,10+ years,0
820,1,Male,50,Hispanic,Physical disability,Mexican,Associate Degree,Closely related,Personalized,Average,10+ years,1
821,1,Non-binary,40,Black,Mental health history,German,Associate Degree,Unrelated,Unpersonalized,Average,10+ years,0
822,1,Non-binary,35,Hispanic,Physical disability,Mexican,Master Degree,Somewhat related,Unpersonalized,Above average,3-7 years,0
823,1,Female,55,Hispanic,Mental health history,Mexican,Associate Degree,Somewhat related,Unpersonalized,Average,0-2 years,0
824,1,Non-binary,35,Asian,Physical disability,Canadian,Associate Degree,Somewhat related,Unpersonalized,Below average,3-7 years,0
825,1,Female,40,Asian,Physical disability,German,Associate Degree,Somewhat related,Unpersonalized,Below average,3-7 years,0
826,1,Non-binary,50,White,None stated,German,Associate Degree,Somewhat related,Personalized,Average,10+ years,0
827,1,Male,40,Asian,Physical disability,German,Master Degree,Somewhat related,Unpersonalized,Below average,0-2 years,0
828,1,Male,55,Hispanic,Physical disability,Indian,Associate Degree,Closely related,Unpersonalized,Above average,0-2 years,0
829,1,Male,40,Hispanic,Physical disability,Canadian,Associate Degree,Somewhat related,Personalized,Below average,10+ years,0
830,1,Non-binary,30,Hispanic,Physical disability,Mexican,Master Degree,Unrelated,Unpersonalized,Below average,0-2 years,0
831,1,Non-binary,40,Hispanic,Physical disability,Mexican,Master Degree,Closely related,Unpersonalized,Average,0-2 years,0
832,1,Non-binary,35,Black,Mental health history,Canadian,Master Degree,Closely related,Personalized,Above average,3-7 years,1
833,1,Male,40,Black,Physical disability,Mexican,Associate Degree,Unrelated,Unpersonalized,Below average,3-7 years,0
834,1,Male,35,White,Mental health history,German,Bachelor Degree,Closely related,Unpersonalized,Average,0-2 years,0
835,1,Female,45,White,Mental health history,German,Bachelor Degree,Closely related,Unpersonalized,Above average,10+ years,1
836,1,Male,35,Black,Mental health history,Mexican,Associate Degree,Closely related,Personalized,Average,10+ years,0
837,1,Female,30,White,None stated,Canadian,Associate Degree,Unrelated,Unpersonalized,Average,10+ years,0
838,1,Non-binary,30,Asian,Mental health history,Mexican,Associate Degree,Somewhat related,Personalized,Above average,0-2 years,0
839,1,Female,30,Black,Physical disability,Indian,Master Degree,Somewhat related,Personalized,Average,0-2 years,0
840,1,Non-binary,50,Asian,Mental health history,Mexican,Bachelor Degree,Closely related,Personalized,Average,10+ years,1
841,1,Female,50,Black,Physical disability,Indian,Bachelor Degree,Unrelated,Personalized,Average,10+ years,0
842,1,Non-binary,55,Asian,None stated,German,Associate Degree,Closely related,Unpersonalized,Average,0-2 years,0
843,1,Non-binary,45,Hispanic,None stated,American,Associate Degree,Somewhat related,Unpersonalized,Average,0-2 years,0
844,1,Male,55,White,None stated,German,Master Degree,Closely related,Unpersonalized,Above average,10+ years,1
845,1,Non-binary,30,Black,Physical disability,Canadian,Associate Degree,Closely related,Personalized,Below average,10+ years,1
846,1,Male,40,White,Physical disability,German,Associate Degree,Closely related,Unpersonalized,Average,3-7 years,0
847,1,Female,30,Hispanic,Physical disability,German,Bachelor Degree,Somewhat related,Personalized,Below average,10+ years,0
848,1,Non-binary,40,Black,None stated,Indian,Master Degree,Closely related,Unpersonalized,Below average,3-7 years,0
849,1,Non-binary,40,Hispanic,Physical disability,Mexican,Master Degree,Unrelated,Unpersonalized,Below average,0-2 years,0
850,1,Male,30,Hispanic,None stated,Mexican,Associate Degree,Somewhat related,Unpersonalized,Average,3-7 years,0
851,1,Male,40,White,Physical disability,German,Master Degree,Unrelated,Unpersonalized,Above average,0-2 years,0
852,1,Male,55,Asian,None stated,Indian,Master Degree,Somewhat related,Unpersonalized,Average,0-2 years,0
853,1,Male,50,White,Mental health history,German,Master Degree,Closely related,Unpersonalized,Below average,10+ years,0
854,1,Male,45,Asian,Mental health history,Indian,Master Degree,Somewhat related,Personalized,Average,3-7 years,0
855,1,Male,40,White,None stated,Canadian,Associate Degree,Somewhat related,Unpersonalized,Above average,0-2 years,0
856,1,Non-binary,40,Hispanic,Physical disability,Canadian,Associate Degree,Closely related,Unpersonalized,Below average,3-7 years,0
857,1,Male,30,Asian,Physical disability,American,Master Degree,Somewhat related,Unpersonalized,Below average,3-7 years,0
858,1,Male,40,Asian,None stated,Canadian,Bachelor Degree,Somewhat related,Unpersonalized,Below average,10+ years,0
859,1,Non-binary,50,Hispanic,Mental health history,American,Associate Degree,Closely related,Unpersonalized,Below average,10+ years,0
860,1,Male,35,Hispanic,Mental health history,Canadian,Master Degree,Unrelated,Unpersonalized,Average,0-2 years,0
861,1,Non-binary,30,Black,Physical disability,Indian,Master Degree,Somewhat related,Personalized,Below average,0-2 years,0
862,1,Non-binary,45,Black,Physical disability,German,Associate Degree,Unrelated,Personalized,Average,0-2 years,0
863,1,Non-binary,40,Black,None stated,Indian,Master Degree,Closely related,Unpersonalized,Average,3-7 years,0
864,1,Non-binary,40,Black,Mental health history,Indian,Master Degree,Somewhat related,Unpersonalized,Below average,10+ years,0
865,1,Non-binary,45,White,None stated,American,Bachelor Degree,Closely related,Personalized,Below average,10+ years,1
866,1,Female,50,Hispanic,Mental health history,American,Master Degree,Unrelated,Personalized,Below average,3-7 years,0
867,1,Non-binary,55,White,Physical disability,Canadian,Master Degree,Somewhat related,Personalized,Above average,0-2 years,0
868,1,Female,35,Hispanic,None stated,Indian,Associate Degree,Somewhat related,Personalized,Above average,3-7 years,0
869,1,Male,35,Asian,None stated,German,Bachelor Degree,Somewhat related,Unpersonalized,Below average,0-2 years,0
870,1,Non-binary,55,White,Mental health history,Mexican,Bachelor Degree,Unrelated,Personalized,Average,10+ years,0
871,1,Male,30,White,None stated,Indian,Associate Degree,Closely related,Personalized,Below average,0-2 years,0
872,1,Male,50,Black,Physical disability,American,Master Degree,Unrelated,Personalized,Average,0-2 years,0
873,1,Female,50,White,Physical disability,Canadian,Associate Degree,Somewhat related,Personalized,Average,3-7 years,0
874,1,Non-binary,50,Hispanic,Physical disability,American,Master Degree,Somewhat related,Unpersonalized,Above average,3-7 years,0
875,1,Non-binary,40,Black,Physical disability,German,Bachelor Degree,Somewhat related,Personalized,Above average,10+ years,0
876,1,Female,45,White,Mental health history,Canadian,Bachelor Degree,Unrelated,Unpersonalized,Average,0-2 years,0
877,1,Male,50,White,Physical disability,German,Master Degree,Somewhat related,Personalized,Average,0-2 years,0
878,1,Female,35,White,Physical disability,Indian,Bachelor Degree,Closely related,Unpersonalized,Average,3-7 years,0
879,1,Non-binary,35,White,Physical disability,German,Master Degree,Closely related,Unpersonalized,Below average,0-2 years,0
880,1,Non-binary,55,Black,Mental health history,Mexican,Bachelor Degree,Unrelated,Unpersonalized,Below average,3-7 years,0
881,1,Male,35,Asian,None stated,German,Master Degree,Closely related,Unpersonalized,Below average,3-7 years,0
882,1,Male,55,Asian,Mental health history,American,Associate Degree,Somewhat related,Unpersonalized,Below average,10+ years,0
883,1,Non-binary,40,Black,Physical disability,Canadian,Master Degree,Somewhat related,Unpersonalized,Average,0-2 years,0
884,1,Male,45,Hispanic,Physical disability,Canadian,Associate Degree,Unrelated,Personalized,Below average,0-2 years,0
885,1,Female,50,Asian,None stated,Mexican,Master Degree,Somewhat related,Unpersonalized,Average,10+ years,0
886,1,Female,30,Hispanic,Physical disability,Indian,Associate Degree,Somewhat related,Unpersonalized,Below average,10+ years,0
887,1,Female,30,White,Mental health history,Indian,Associate Degree,Somewhat related,Unpersonalized,Above average,0-2 years,0
888,1,Non-binary,30,Hispanic,Physical disability,Mexican,Master Degree,Closely related,Personalized,Above average,3-7 years,1
889,1,Male,35,Black,None stated,Indian,Bachelor Degree,Closely related,Unpersonalized,Below average,3-7 years,0
890,1,Female,50,Asian,None stated,German,Master Degree,Unrelated,Personalized,Below average,3-7 years,0
891,1,Female,50,Hispanic,None stated,German,Bachelor Degree,Closely related,Unpersonalized,Above average,10+ years,0
892,1,Female,30,Black,Physical disability,Indian,Master Degree,Unrelated,Unpersonalized,Average,0-2 years,0
893,1,Female,45,Hispanic,None stated,American,Bachelor Degree,Unrelated,Unpersonalized,Average,0-2 years,0
894,1,Non-binary,45,Black,Physical disability,American,Master Degree,Unrelated,Personalized,Above average,10+ years,1
895,1,Female,35,White,Physical disability,Indian,Master Degree,Unrelated,Personalized,Below average,3-7 years,0
896,1,Male,50,Asian,Mental health history,Canadian,Master Degree,Closely related,Personalized,Below average,10+ years,1
897,1,Female,50,Hispanic,Mental health history,Indian,Bachelor Degree,Unrelated,Unpersonalized,Above average,0-2 years,0
898,1,Female,40,Asian,None stated,Mexican,Master Degree,Somewhat related,Unpersonalized,Above average,3-7 years,0
899,1,Non-binary,30,White,Mental health history,German,Master Degree,Closely related,Personalized,Average,10+ years,0
900,1,Female,55,White,None stated,Mexican,Bachelor Degree,Closely related,Unpersonalized,Below average,3-7 years,0
901,1,Female,55,Hispanic,None stated,Canadian,Master Degree,Closely related,Personalized,Above average,10+ years,1
902,1,Male,45,White,Mental health history,Canadian,Associate Degree,Closely related,Unpersonalized,Below average,3-7 years,0
903,1,Non-binary,50,Hispanic,None stated,American,Bachelor Degree,Closely related,Unpersonalized,Above average,10+ years,1
904,1,Male,55,Black,Physical disability,German,Master Degree,Somewhat related,Unpersonalized,Above average,10+ years,0
905,1,Non-binary,55,Hispanic,None stated,Indian,Associate Degree,Unrelated,Unpersonalized,Average,10+ years,0
906,1,Female,55,Hispanic,Mental health history,German,Bachelor Degree,Unrelated,Personalized,Below average,3-7 years,0
907,1,Non-binary,55,Asian,Mental health history,German,Bachelor Degree,Closely related,Unpersonalized,Below average,10+ years,0
908,1,Male,45,Asian,Physical disability,Canadian,Bachelor Degree,Somewhat related,Unpersonalized,Below average,10+ years,0
909,1,Male,35,White,Mental health history,Canadian,Master Degree,Closely related,Personalized,Below average,3-7 years,0
910,1,Male,35,Hispanic,Mental health history,Canadian,Associate Degree,Closely related,Unpersonalized,Above average,0-2 years,0
911,1,Male,45,White,None stated,Mexican,Bachelor Degree,Closely related,Unpersonalized,Below average,0-2 years,0
912,1,Male,40,Hispanic,Physical disability,Canadian,Master Degree,Closely related,Personalized,Above average,0-2 years,1
913,1,Non-binary,55,White,Physical disability,Canadian,Master Degree,Closely related,Unpersonalized,Above average,10+ years,0
914,1,Non-binary,45,Hispanic,Physical disability,American,Master Degree,Closely related,Personalized,Below average,10+ years,1
915,1,Female,45,Black,None stated,American,Bachelor Degree,Unrelated,Personalized,Above average,0-2 years,0
916,1,Male,50,Black,Physical disability,Indian,Bachelor Degree,Somewhat related,Personalized,Below average,3-7 years,0
917,1,Non-binary,35,Black,None stated,American,Bachelor Degree,Somewhat related,Personalized,Above average,10+ years,1
918,1,Non-binary,55,White,Mental health history,American,Master Degree,Somewhat related,Unpersonalized,Above average,10+ years,0
919,1,Non-binary,35,White,Physical disability,Indian,Master Degree,Somewhat related,Personalized,Average,0-2 years,0
920,1,Male,45,Hispanic,Physical disability,German,Associate Degree,Closely related,Personalized,Average,0-2 years,0
921,1,Female,40,White,Mental health history,Indian,Associate Degree,Closely related,Personalized,Above average,3-7 years,0
922,1,Female,50,Asian,None stated,Indian,Associate Degree,Somewhat related,Personalized,Above average,0-2 years,0
923,1,Male,30,Black,None stated,Canadian,Bachelor Degree,Unrelated,Unpersonalized,Average,3-7 years,0
924,1,Female,50,Black,None stated,German,Bachelor Degree,Somewhat related,Personalized,Average,0-2 years,0
925,1,Male,30,Black,Physical disability,American,Master Degree,Unrelated,Personalized,Above average,3-7 years,0
926,1,Non-binary,55,Hispanic,Physical disability,Mexican,Associate Degree,Unrelated,Personalized,Below average,10+ years,0
927,1,Female,55,Asian,Mental health history,German,Master Degree,Somewhat related,Unpersonalized,Below average,3-7 years,0
928,1,Male,30,White,None stated,American,Master Degree,Closely related,Unpersonalized,Average,3-7 years,0
929,1,Female,45,Black,Physical disability,American,Associate Degree,Closely related,Personalized,Above average,10+ years,1
930,1,Male,40,Asian,Physical disability,American,Master Degree,Closely related,Unpersonalized,Above average,10+ years,1
931,1,Non-binary,30,Black,None stated,Mexican,Master Degree,Closely related,Unpersonalized,Below average,3-7 years,0
932,1,Non-binary,35,Black,None stated,Canadian,Associate Degree,Somewhat related,Personalized,Average,10+ years,0
933,1,Female,40,Hispanic,None stated,Mexican,Associate Degree,Somewhat related,Personalized,Above average,0-2 years,0
934,1,Non-binary,50,Asian,Mental health history,German,Bachelor Degree,Somewhat related,Personalized,Average,3-7 years,0
935,1,Female,55,Asian,Physical disability,Indian,Bachelor Degree,Unrelated,Personalized,Above average,0-2 years,0
936,1,Female,45,Black,Mental health history,Indian,Bachelor Degree,Somewhat related,Unpersonalized,Below average,3-7 years,0
937,1,Non-binary,40,White,None stated,American,Bachelor Degree,Somewhat related,Unpersonalized,Average,10+ years,0
938,1,Female,45,Black,Mental health history,Indian,Bachelor Degree,Closely related,Unpersonalized,Average,10+ years,0
939,1,Male,45,Black,Mental health history,German,Master Degree,Closely related,Personalized,Above average,0-2 years,0
940,1,Non-binary,35,Hispanic,Physical disability,American,Bachelor Degree,Unrelated,Personalized,Average,3-7 years,0
941,1,Male,55,Hispanic,Physical disability,German,Bachelor Degree,Unrelated,Personalized,Above average,3-7 years,0
942,1,Male,45,White,Physical disability,German,Master Degree,Somewhat related,Unpersonalized,Below average,10+ years,0
943,1,Male,50,Black,Mental health history,Mexican,Associate Degree,Closely related,Personalized,Average,10+ years,0
944,1,Male,35,Asian,Physical disability,Indian,Master Degree,Unrelated,Unpersonalized,Below average,0-2 years,0
945,1,Male,35,Asian,None stated,Canadian,Associate Degree,Somewhat related,Unpersonalized,Above average,3-7 years,0
946,1,Female,55,Black,None stated,American,Master Degree,Somewhat related,Unpersonalized,Above average,10+ years,0
947,1,Female,35,Hispanic,Physical disability,Canadian,Bachelor Degree,Somewhat related,Unpersonalized,Average,10+ years,0
948,1,Non-binary,45,Asian,Mental health history,American,Associate Degree,Closely related,Personalized,Average,0-2 years,0
949,1,Male,45,Hispanic,Physical disability,Canadian,Master Degree,Somewhat related,Unpersonalized,Above average,10+ years,0
950,1,Female,45,White,None stated,American,Associate Degree,Closely related,Personalized,Average,3-7 years,0
951,1,Non-binary,40,Asian,None stated,American,Bachelor Degree,Somewhat related,Personalized,Below average,0-2 years,0
952,1,Female,45,Asian,Mental health history,German,Master Degree,Somewhat related,Personalized,Above average,0-2 years,0
953,1,Non-binary,50,Hispanic,None stated,Canadian,Master Degree,Unrelated,Personalized,Above average,0-2 years,0
954,1,Male,45,White,Mental health history,Indian,Master Degree,Unrelated,Unpersonalized,Above average,3-7 years,0
955,1,Non-binary,55,Asian,Physical disability,German,Bachelor Degree,Closely related,Personalized,Above average,3-7 years,0
956,1,Male,45,White,None stated,Indian,Associate Degree,Closely related,Personalized,Average,0-2 years,0
957,1,Female,55,Asian,None stated,Canadian,Master Degree,Closely related,Personalized,Average,0-2 years,1
958,1,Female,55,White,Physical disability,German,Master Degree,Unrelated,Personalized,Below average,3-7 years,0
959,1,Non-binary,30,Black,Mental health history,Canadian,Master Degree,Unrelated,Unpersonalized,Above average,10+ years,0
960,1,Female,40,Black,Mental health history,Canadian,Master Degree,Somewhat related,Personalized,Above average,3-7 years,1
961,1,Female,55,Asian,None stated,Canadian,Associate Degree,Somewhat related,Personalized,Below average,0-2 years,0
962,1,Male,55,Black,Physical disability,German,Bachelor Degree,Closely related,Unpersonalized,Below average,10+ years,0
963,1,Female,55,Black,Mental health history,American,Associate Degree,Unrelated,Personalized,Above average,0-2 years,0
964,1,Male,35,White,None stated,Canadian,Associate Degree,Unrelated,Personalized,Below average,10+ years,0
965,1,Non-binary,35,White,None stated,American,Associate Degree,Closely related,Unpersonalized,Below average,10+ years,0
966,1,Non-binary,40,Hispanic,Mental health history,American,Associate Degree,Somewhat related,Personalized,Average,10+ years,0
967,1,Non-binary,45,Black,Physical disability,Canadian,Associate Degree,Unrelated,Unpersonalized,Below average,10+ years,0
968,1,Female,50,Hispanic,Physical disability,Canadian,Master Degree,Closely related,Unpersonalized,Average,0-2 years,0
969,1,Male,50,Hispanic,Mental health history,German,Master Degree,Unrelated,Personalized,Average,10+ years,0
970,1,Non-binary,35,White,Physical disability,Indian,Associate Degree,Somewhat related,Unpersonalized,Below average,0-2 years,0
971,1,Male,45,Hispanic,Physical disability,American,Bachelor Degree,Unrelated,Unpersonalized,Average,3-7 years,0
972,1,Male,50,Asian,None stated,American,Associate Degree,Somewhat related,Unpersonalized,Average,0-2 years,0
973,1,Male,40,Black,Physical disability,American,Master Degree,Somewhat related,Unpersonalized,Above average,10+ years,0
974,1,Male,55,Asian,Mental health history,German,Associate Degree,Somewhat related,Personalized,Above average,0-2 years,0
975,1,Female,45,Hispanic,Physical disability,Indian,Associate Degree,Unrelated,Personalized,Above average,3-7 years,0
976,1,Non-binary,35,Black,None stated,German,Associate Degree,Somewhat related,Unpersonalized,Above average,0-2 years,0
977,1,Female,45,Asian,None stated,Mexican,Associate Degree,Closely related,Unpersonalized,Above average,3-7 years,0
978,1,Female,30,Black,None stated,Indian,Associate Degree,Closely related,Personalized,Below average,3-7 years,0
979,1,Male,55,Hispanic,None stated,Indian,Bachelor Degree,Somewhat related,Personalized,Average,10+ years,1
980,1,Non-binary,35,Asian,None stated,American,Master Degree,Unrelated,Unpersonalized,Average,0-2 years,0
981,1,Male,30,White,Mental health history,Canadian,Master Degree,Closely related,Personalized,Average,10+ years,1
982,1,Non-binary,30,White,Mental health history,German,Associate Degree,Closely related,Unpersonalized,Average,3-7 years,0
983,1,Female,30,Black,Physical disability,American,Associate Degree,Closely related,Unpersonalized,Average,3-7 years,0
984,1,Male,50,Asian,Mental health history,Canadian,Associate Degree,Unrelated,Personalized,Above average,10+ years,0
985,1,Female,55,Asian,Physical disability,Canadian,Associate Degree,Unrelated,Unpersonalized,Above average,3-7 years,0
986,1,Male,45,Hispanic,Mental health history,German,Master Degree,Closely related,Unpersonalized,Above average,0-2 years,0
987,1,Male,30,Black,Physical disability,American,Bachelor Degree,Somewhat related,Personalized,Below average,10+ years,0
988,1,Male,55,Black,Physical disability,Canadian,Bachelor Degree,Unrelated,Personalized,Average,10+ years,0
989,1,Non-binary,40,Asian,Physical disability,Mexican,Associate Degree,Somewhat related,Unpersonalized,Below average,3-7 years,0
990,1,Female,35,Hispanic,None stated,Mexican,Master Degree,Closely related,Unpersonalized,Above average,10+ years,1
991,1,Female,40,Black,Physical disability,German,Master Degree,Unrelated,Personalized,Average,0-2 years,0
992,1,Female,55,Black,Physical disability,Indian,Bachelor Degree,Unrelated,Unpersonalized,Above average,10+ years,0
993,1,Male,45,Asian,Physical disability,Canadian,Bachelor Degree,Closely related,Personalized,Above average,3-7 years,0
994,1,Male,50,Black,Mental health history,American,Bachelor Degree,Unrelated,Unpersonalized,Average,10+ years,0
995,1,Non-binary,50,Black,Physical disability,German,Associate Degree,Somewhat related,Personalized,Above average,10+ years,0
996,1,Male,30,White,None stated,German,Associate Degree,Somewhat related,Unpersonalized,Average,3-7 years,0
997,1,Male,40,Black,Mental health history,German,Bachelor Degree,Unrelated,Unpersonalized,Below average,0-2 years,0
998,1,Non-binary,40,Asian,Mental health history,Indian,Master Degree,Unrelated,Unpersonalized,Below average,10+ years,0
999,1,Female,55,Asian,Mental health history,German,Master Degree,Unrelated,Personalized,Above average,3-7 years,0
1000,1,Female,30,Hispanic,Mental health history,Indian,Bachelor Degree,Somewhat related,Personalized,Average,0-2 years,0
1001,1,Female,45,Black,Mental health history,German,Associate Degree,Closely related,Unpersonalized,Average,0-2 years,0
1002,1,Female,35,Asian,Physical disability,Mexican,Associate Degree,Unrelated,Unpersonalized,Above average,10+ years,0
1003,1,Non-binary,35,Hispanic,None stated,Canadian,Associate Degree,Closely related,Personalized,Above average,3-7 years,0
1004,1,Female,50,White,None stated,German,Master Degree,Somewhat related,Personalized,Above average,10+ years,1
1005,1,Non-binary,50,Hispanic,None stated,American,Associate Degree,Somewhat related,Personalized,Below average,10+ years,0
1006,1,Female,45,White,Physical disability,German,Associate Degree,Somewhat related,Unpersonalized,Average,3-7 years,0
1007,1,Male,55,White,None stated,Indian,Bachelor Degree,Closely related,Personalized,Average,3-7 years,0
1008,1,Non-binary,55,Asian,None stated,Mexican,Associate Degree,Closely related,Unpersonalized,Average,10+ years,0
1009,1,Female,45,Asian,None stated,Mexican,Associate Degree,Closely related,Unpersonalized,Above average,0-2 years,0
1010,1,Male,30,Hispanic,Physical disability,Mexican,Associate Degree,Unrelated,Unpersonalized,Above average,3-7 years,0
1011,1,Female,30,Hispanic,Physical disability,Indian,Associate Degree,Somewhat related,Unpersonalized,Average,0-2 years,0
1012,1,Female,55,White,Mental health history,Canadian,Bachelor Degree,Somewhat related,Personalized,Above average,0-2 years,0
1013,1,Male,55,Asian,Physical disability,Indian,Bachelor Degree,Closely related,Unpersonalized,Below average,3-7 years,0
1014,1,Non-binary,40,White,Mental health history,American,Associate Degree,Closely related,Unpersonalized,Above average,0-2 years,0
1015,1,Non-binary,55,Asian,None stated,Canadian,Associate Degree,Closely related,Unpersonalized,Below average,3-7 years,0
1016,1,Male,30,Hispanic,Physical disability,Indian,Master Degree,Unrelated,Personalized,Below average,3-7 years,0
1017,1,Female,55,Asian,None stated,Indian,Master Degree,Closely related,Unpersonalized,Average,3-7 years,0
1018,1,Non-binary,30,Asian,Physical disability,Indian,Master Degree,Somewhat related,Unpersonalized,Average,0-2 years,0
1019,1,Female,30,Hispanic,None stated,Indian,Master Degree,Closely related,Personalized,Below average,0-2 years,0
1020,1,Female,30,Asian,None stated,Mexican,Master Degree,Somewhat related,Unpersonalized,Above average,3-7 years,0
1021,1,Male,40,Black,Mental health history,Mexican,Master Degree,Unrelated,Personalized,Average,0-2 years,0
1022,1,Female,55,White,Physical disability,American,Master Degree,Closely related,Unpersonalized,Above average,3-7 years,0
1023,1,Female,35,Asian,Mental health history,American,Associate Degree,Somewhat related,Personalized,Below average,0-2 years,0
1024,1,Female,40,White,Mental health history,German,Bachelor Degree,Closely related,Unpersonalized,Average,10+ years,0
1025,1,Female,45,Black,Physical disability,Mexican,Associate Degree,Unrelated,Personalized,Average,3-7 years,0
1026,1,Female,50,White,Physical disability,Canadian,Bachelor Degree,Somewhat related,Unpersonalized,Above average,3-7 years,0
1027,1,Female,55,Hispanic,Mental health history,Canadian,Master Degree,Closely related,Personalized,Below average,3-7 years,0
1028,1,Male,30,Black,Mental health history,German,Master Degree,Somewhat related,Unpersonalized,Average,3-7 years,0
1029,1,Male,55,White,Physical disability,Indian,Master Degree,Somewhat related,Personalized,Average,0-2 years,0
1030,1,Female,30,Asian,Physical disability,Indian,Master Degree,Somewhat related,Unpersonalized,Average,3-7 years,0
1031,1,Non-binary,30,Black,Mental health history,American,Associate Degree,Somewhat related,Unpersonalized,Average,10+ years,0
1032,1,Non-binary,35,White,Mental health history,Indian,Master Degree,Unrelated,Personalized,Below average,3-7 years,0
1033,1,Male,50,Black,Mental health history,Indian,Bachelor Degree,Unrelated,Personalized,Above average,10+ years,0
1034,1,Male,50,White,Mental health history,Indian,Bachelor Degree,Unrelated,Personalized,Average,10+ years,0
1035,1,Female,50,Hispanic,Physical disability,German,Master Degree,Somewhat related,Personalized,Above average,3-7 years,0
1036,1,Female,35,Hispanic,None stated,American,Bachelor Degree,Unrelated,Unpersonalized,Below average,3-7 years,0
1037,1,Male,45,White,None stated,German,Master Degree,Closely related,Personalized,Above average,0-2 years,1
1038,1,Non-binary,55,Hispanic,Physical disability,Mexican,Master Degree,Unrelated,Personalized,Below average,0-2 years,0
1039,1,Female,55,Hispanic,Mental health history,Canadian,Master Degree,Unrelated,Unpersonalized,Above average,0-2 years,0
1040,1,Male,55,White,Mental health history,Mexican,Bachelor Degree,Somewhat related,Personalized,Average,3-7 years,0
1041,1,Male,30,Black,Mental health history,German,Associate Degree,Unrelated,Unpersonalized,Below average,0-2 years,0
1042,1,Non-binary,40,Hispanic,Mental health history,Mexican,Associate Degree,Somewhat related,Personalized,Below average,3-7 years,0
1043,1,Non-binary,35,Hispanic,None stated,Mexican,Bachelor Degree,Unrelated,Personalized,Below average,10+ years,0
1044,1,Male,45,White,None stated,American,Associate Degree,Somewhat related,Unpersonalized,Above average,0-2 years,0
1045,1,Male,40,White,Physical disability,Canadian,Associate Degree,Somewhat related,Personalized,Above average,10+ years,1
1046,1,Female,30,White,None stated,Canadian,Associate Degree,Unrelated,Personalized,Below average,0-2 years,0
1047,1,Male,35,Hispanic,Physical disability,Mexican,Associate Degree,Closely related,Personalized,Average,3-7 years,0
1048,1,Male,45,Hispanic,Mental health history,German,Associate Degree,Unrelated,Unpersonalized,Average,3-7 years,0
1049,1,Non-binary,55,Asian,Physical disability,Mexican,Master Degree,Closely related,Personalized,Above average,0-2 years,1
1050,1,Male,35,White,Physical disability,Mexican,Associate Degree,Closely related,Personalized,Below average,0-2 years,0
1051,1,Non-binary,40,White,None stated,Mexican,Associate Degree,Closely related,Unpersonalized,Below average,10+ years,0
1052,1,Non-binary,35,White,Mental health history,Indian,Bachelor Degree,Unrelated,Personalized,Above average,10+ years,1
1053,1,Male,40,White,Physical disability,German,Associate Degree,Somewhat related,Personalized,Average,10+ years,0
1054,1,Non-binary,45,Black,Mental health history,Indian,Master Degree,Unrelated,Unpersonalized,Below average,3-7 years,0
1055,1,Male,30,White,None stated,Indian,Bachelor Degree,Somewhat related,Personalized,Below average,3-7 years,0
1056,1,Male,55,White,None stated,Canadian,Associate Degree,Closely related,Personalized,Below average,3-7 years,0
1057,1,Male,55,Hispanic,Physical disability,German,Bachelor Degree,Closely related,Unpersonalized,Above average,3-7 years,0
1058,1,Female,35,Black,Physical disability,German,Associate Degree,Unrelated,Personalized,Average,10+ years,0
1059,1,Non-binary,40,Black,Mental health history,Canadian,Associate Degree,Somewhat related,Unpersonalized,Above average,0-2 years,0
1060,1,Female,50,Asian,Physical disability,Canadian,Bachelor Degree,Closely related,Unpersonalized,Below average,3-7 years,0
1061,1,Female,35,Asian,None stated,American,Associate Degree,Closely related,Personalized,Average,10+ years,0
1062,1,Non-binary,55,Black,Mental health history,Canadian,Bachelor Degree,Unrelated,Unpersonalized,Below average,10+ years,0
1063,1,Non-binary,30,Asian,Mental health history,German,Bachelor Degree,Somewhat related,Unpersonalized,Above average,0-2 years,0
1064,1,Male,55,Hispanic,None stated,American,Associate Degree,Somewhat related,Personalized,Average,10+ years,0
1065,1,Non-binary,55,Black,Physical disability,Indian,Bachelor Degree,Unrelated,Personalized,Above average,10+ years,1
1066,1,Male,40,Asian,Mental health history,Indian,Bachelor Degree,Closely related,Personalized,Average,10+ years,0
1067,1,Female,40,Asian,None stated,German,Bachelor Degree,Unrelated,Personalized,Average,0-2 years,0
1068,1,Non-binary,45,Hispanic,Physical disability,Mexican,Associate Degree,Somewhat related,Personalized,Average,3-7 years,0
1069,1,Male,30,Black,Physical disability,German,Associate Degree,Somewhat related,Personalized,Average,0-2 years,0
1070,1,Non-binary,35,Hispanic,Physical disability,Canadian,Master Degree,Somewhat related,Unpersonalized,Above average,0-2 years,0
1071,1,Male,35,Asian,Physical disability,German,Bachelor Degree,Unrelated,Unpersonalized,Average,3-7 years,0
1072,1,Non-binary,30,White,None stated,American,Bachelor Degree,Closely related,Personalized,Average,10+ years,1
1073,1,Male,35,Asian,None stated,Canadian,Associate Degree,Unrelated,Unpersonalized,Above average,3-7 years,0
1074,1,Female,30,Hispanic,Physical disability,Canadian,Associate Degree,Somewhat related,Personalized,Above average,10+ years,0
1075,1,Female,45,White,Mental health history,American,Bachelor Degree,Somewhat related,Personalized,Above average,0-2 years,0
1076,1,Non-binary,50,Hispanic,Physical disability,Indian,Associate Degree,Somewhat related,Personalized,Average,0-2 years,0
1077,1,Male,30,Hispanic,Mental health history,American,Bachelor Degree,Somewhat related,Unpersonalized,Below average,3-7 years,0
1078,1,Non-binary,35,Hispanic,Mental health history,American,Master Degree,Unrelated,Personalized,Average,3-7 years,0
1079,1,Male,55,Asian,None stated,Canadian,Bachelor Degree,Unrelated,Personalized,Above average,0-2 years,0
1080,1,Female,40,Black,Physical disability,Canadian,Bachelor Degree,Unrelated,Personalized,Below average,0-2 years,0
1081,1,Male,55,Hispanic,Physical disability,American,Associate Degree,Unrelated,Personalized,Below average,3-7 years,0
1082,1,Non-binary,55,White,Mental health history,American,Bachelor Degree,Somewhat related,Personalized,Below average,0-2 years,0
1083,1,Non-binary,50,Black,Mental health history,American,Associate Degree,Somewhat related,Unpersonalized,Average,10+ years,0
1084,1,Female,35,Asian,Mental health history,German,Master Degree,Unrelated,Personalized,Above average,3-7 years,0
1085,1,Non-binary,50,Black,Physical disability,Mexican,Master Degree,Somewhat related,Personalized,Above average,3-7 years,0
1086,1,Non-binary,35,Asian,None stated,American,Associate Degree,Closely related,Unpersonalized,Below average,3-7 years,0
1087,1,Male,55,White,Physical disability,Indian,Bachelor Degree,Unrelated,Unpersonalized,Average,0-2 years,0
1088,1,Male,40,Black,None stated,Canadian,Associate Degree,Closely related,Unpersonalized,Above average,10+ years,0
1089,1,Non-binary,45,Hispanic,None stated,American,Master Degree,Closely related,Personalized,Above average,3-7 years,1
1090,1,Non-binary,30,Black,None stated,German,Bachelor Degree,Closely related,Personalized,Average,0-2 years,0
1091,1,Female,35,Hispanic,None stated,Mexican,Bachelor Degree,Closely related,Unpersonalized,Above average,3-7 years,0
1092,1,Non-binary,50,White,Mental health history,Mexican,Bachelor Degree,Closely related,Personalized,Above average,0-2 years,0
1093,1,Non-binary,45,Asian,Mental health history,American,Master Degree,Somewhat related,Personalized,Above average,10+ years,1
1094,1,Female,45,Hispanic,Physical disability,Canadian,Associate Degree,Somewhat related,Unpersonalized,Below average,10+ years,0
1095,1,Non-binary,50,Asian,None stated,German,Bachelor Degree,Closely related,Unpersonalized,Average,3-7 years,0
1096,1,Non-binary,40,Hispanic,Mental health history,Canadian,Master Degree,Somewhat related,Personalized,Above average,0-2 years,0
1097,1,Female,45,Asian,None stated,Indian,Master Degree,Closely related,Personalized,Below average,3-7 years,0
1098,1,Male,45,Hispanic,Physical disability,German,Associate Degree,Somewhat related,Unpersonalized,Below average,0-2 years,0
1099,1,Female,40,Asian,Physical disability,American,Associate Degree,Closely related,Unpersonalized,Above average,3-7 years,0
1100,1,Non-binary,30,Black,None stated,Indian,Associate Degree,Closely related,Personalized,Below average,3-7 years,0
1101,1,Non-binary,50,White,Physical disability,American,Bachelor Degree,Unrelated,Unpersonalized,Below average,0-2 years,0
1102,1,Female,55,White,Mental health history,American,Associate Degree,Unrelated,Personalized,Average,10+ years,0
1103,1,Male,55,Hispanic,Physical disability,Canadian,Master Degree,Unrelated,Unpersonalized,Above average,3-7 years,0
1104,1,Female,35,White,Physical disability,Mexican,Master Degree,Closely related,Personalized,Average,3-7 years,1
1105,1,Female,55,Black,None stated,American,Master Degree,Closely related,Personalized,Average,0-2 years,0
1106,1,Male,55,Black,Mental health history,American,Master Degree,Unrelated,Personalized,Average,3-7 years,0
1107,1,Female,35,Hispanic,Physical disability,Canadian,Bachelor Degree,Closely related,Personalized,Average,10+ years,1
1108,1,Female,55,Asian,Mental health history,Indian,Associate Degree,Somewhat related,Unpersonalized,Above average,10+ years,0
1109,1,Female,45,Black,Physical disability,German,Master Degree,Unrelated,Unpersonalized,Below average,0-2 years,0
1110,1,Male,40,Black,Mental health history,Mexican,Master Degree,Closely related,Unpersonalized,Above average,10+ years,1
1111,1,Male,55,White,None stated,American,Master Degree,Closely related,Unpersonalized,Above average,10+ years,1
1112,1,Non-binary,50,White,Physical disability,American,Associate Degree,Somewhat related,Unpersonalized,Below average,3-7 years,0
1113,1,Male,45,Black,Physical disability,Canadian,Master Degree,Unrelated,Personalized,Below average,0-2 years,0
1114,1,Male,35,Hispanic,Physical disability,American,Master Degree,Unrelated,Personalized,Average,0-2 years,0
1115,1,Non-binary,50,Hispanic,Physical disability,Indian,Master Degree,Somewhat related,Unpersonalized,Below average,3-7 years,0
1116,1,Male,55,Hispanic,Physical disability,Indian,Master Degree,Unrelated,Personalized,Below average,0-2 years,0
1117,1,Female,45,White,Mental health history,American,Associate Degree,Unrelated,Personalized,Average,10+ years,0
1118,1,Male,35,White,Mental health history,German,Associate Degree,Somewhat related,Personalized,Above average,3-7 years,0
1119,1,Female,40,Asian,Mental health history,Indian,Associate Degree,Closely related,Unpersonalized,Below average,3-7 years,0
1120,1,Non-binary,45,White,Mental health history,Mexican,Bachelor Degree,Closely related,Unpersonalized,Above average,0-2 years,0
1121,1,Female,50,White,None stated,Indian,Master Degree,Closely related,Unpersonalized,Average,10+ years,0
1122,1,Female,40,Black,Mental health history,Mexican,Associate Degree,Closely related,Personalized,Above average,0-2 years,0
1123,1,Male,45,White,Physical disability,Canadian,Associate Degree,Closely related,Unpersonalized,Above average,10+ years,0
1124,1,Non-binary,55,Asian,Physical disability,Indian,Associate Degree,Closely related,Unpersonalized,Below average,3-7 years,0
1125,1,Non-binary,40,Black,Mental health history,Canadian,Bachelor Degree,Somewhat related,Unpersonalized,Below average,10+ years,0
1126,1,Non-binary,55,Asian,None stated,German,Master Degree,Closely related,Unpersonalized,Below average,10+ years,0
1127,1,Female,40,Asian,Physical disability,Canadian,Associate Degree,Closely related,Personalized,Above average,3-7 years,0
1128,1,Non-binary,55,Black,Mental health history,Mexican,Associate Degree,Somewhat related,Unpersonalized,Below average,3-7 years,0
1129,1,Non-binary,45,Asian,Mental health history,German,Bachelor Degree,Somewhat related,Personalized,Above average,0-2 years,0
1130,1,Male,40,White,Physical disability,Indian,Master Degree,Unrelated,Unpersonalized,Below average,10+ years,0
1131,1,Female,40,Asian,Physical disability,Mexican,Associate Degree,Somewhat related,Unpersonalized,Below average,0-2 years,0
1132,1,Non-binary,35,Asian,Physical disability,Canadian,Master Degree,Unrelated,Unpersonalized,Below average,10+ years,0
1133,1,Non-binary,35,White,None stated,Canadian,Associate Degree,Unrelated,Unpersonalized,Average,10+ years,0
1134,1,Female,35,Hispanic,Physical disability,Indian,Master Degree,Somewhat related,Personalized,Average,0-2 years,0
1135,1,Female,55,Asian,Physical disability,Indian,Associate Degree,Somewhat related,Personalized,Average,3-7 years,0
1136,1,Male,35,Black,Physical disability,Mexican,Master Degree,Unrelated,Personalized,Average,10+ years,0
1137,1,Non-binary,50,White,Mental health history,Canadian,Associate Degree,Closely related,Personalized,Above average,3-7 years,0
1138,1,Non-binary,40,White,Mental health history,American,Bachelor Degree,Unrelated,Unpersonalized,Above average,0-2 years,0
1139,1,Female,35,Black,None stated,Mexican,Bachelor Degree,Somewhat related,Personalized,Above average,3-7 years,1
1140,1,Female,45,Hispanic,Mental health history,Canadian,Master Degree,Somewhat related,Unpersonalized,Above average,3-7 years,0
1141,1,Male,30,White,None stated,Indian,Associate Degree,Closely related,Unpersonalized,Above average,3-7 years,0
1142,1,Non-binary,40,Black,Mental health history,Canadian,Bachelor Degree,Unrelated,Unpersonalized,Average,3-7 years,0
1143,1,Female,55,Hispanic,Mental health history,American,Bachelor Degree,Somewhat related,Unpersonalized,Above average,10+ years,1
1144,1,Male,45,Hispanic,Physical disability,Canadian,Bachelor Degree,Somewhat related,Unpersonalized,Average,10+ years,0
1145,1,Non-binary,30,Hispanic,None stated,Indian,Master Degree,Unrelated,Unpersonalized,Above average,0-2 years,0
1146,1,Non-binary,45,Hispanic,Physical disability,Canadian,Master Degree,Somewhat related,Unpersonalized,Average,3-7 years,0
1147,1,Male,55,Asian,None stated,Indian,Bachelor Degree,Unrelated,Unpersonalized,Above average,3-7 years,0
1148,1,Male,30,White,Physical disability,Mexican,Associate Degree,Somewhat related,Unpersonalized,Average,3-7 years,0
1149,1,Non-binary,45,Asian,None stated,Mexican,Master Degree,Somewhat related,Unpersonalized,Above average,0-2 years,0
1150,1,Non-binary,45,White,None stated,Mexican,Master Degree,Unrelated,Personalized,Above average,3-7 years,1
1151,1,Non-binary,30,Asian,None stated,German,Master Degree,Somewhat related,Personalized,Above average,0-2 years,0
1152,1,Female,50,Hispanic,None stated,Indian,Bachelor Degree,Somewhat related,Personalized,Average,0-2 years,0
1153,1,Male,50,Black,None stated,American,Associate Degree,Closely related,Unpersonalized,Average,10+ years,0
1154,1,Non-binary,45,Hispanic,Physical disability,Mexican,Bachelor Degree,Closely related,Unpersonalized,Average,10+ years,0
1155,1,Female,30,White,None stated,Mexican,Master Degree,Somewhat related,Personalized,Below average,10+ years,1
1156,1,Female,40,White,Physical disability,Mexican,Master Degree,Closely related,Personalized,Below average,3-7 years,0
1157,1,Female,55,Asian,Mental health history,Canadian,Master Degree,Somewhat related,Personalized,Above average,0-2 years,0
1158,1,Non-binary,50,Asian,None stated,German,Bachelor Degree,Unrelated,Personalized,Average,3-7 years,0
1159,1,Non-binary,50,Hispanic,Mental health history,German,Master Degree,Closely related,Unpersonalized,Above average,10+ years,0
1160,1,Non-binary,55,Asian,Physical disability,Indian,Bachelor Degree,Closely related,Personalized,Average,3-7 years,0
1161,1,Female,55,Hispanic,Physical disability,Canadian,Bachelor Degree,Closely related,Personalized,Average,0-2 years,0
1162,1,Non-binary,45,Hispanic,None stated,Mexican,Bachelor Degree,Closely related,Unpersonalized,Average,10+ years,1
1163,1,Male,55,Hispanic,None stated,Mexican,Associate Degree,Closely related,Personalized,Above average,10+ years,0
1164,1,Male,30,Hispanic,Mental health history,German,Master Degree,Somewhat related,Unpersonalized,Below average,10+ years,0
1165,1,Non-binary,50,Black,Mental health history,Canadian,Master Degree,Closely related,Unpersonalized,Above average,10+ years,0
1166,1,Non-binary,30,Black,None stated,Indian,Associate Degree,Somewhat related,Personalized,Average,3-7 years,0
1167,1,Male,50,Hispanic,Physical disability,German,Bachelor Degree,Closely related,Unpersonalized,Above average,3-7 years,0
1168,1,Female,45,Asian,Mental health history,Mexican,Bachelor Degree,Closely related,Personalized,Below average,10+ years,0
1169,1,Female,40,White,Mental health history,American,Master Degree,Somewhat related,Personalized,Below average,10+ years,0
1170,1,Male,55,Hispanic,None stated,Mexican,Master Degree,Unrelated,Personalized,Below average,3-7 years,0
1171,1,Male,40,Hispanic,None stated,American,Associate Degree,Closely related,Personalized,Average,3-7 years,0
1172,1,Female,45,Asian,None stated,Canadian,Master Degree,Somewhat related,Personalized,Below average,0-2 years,0
1173,1,Non-binary,30,Asian,Mental health history,German,Associate Degree,Closely related,Personalized,Below average,10+ years,0
1174,1,Female,30,Hispanic,Mental health history,Indian,Master Degree,Somewhat related,Unpersonalized,Below average,3-7 years,0
1175,1,Female,30,Hispanic,None stated,Mexican,Bachelor Degree,Closely related,Unpersonalized,Above average,0-2 years,0
1176,1,Female,55,Asian,Physical disability,Canadian,Bachelor Degree,Unrelated,Unpersonalized,Above average,10+ years,0
1177,1,Male,30,Hispanic,Mental health history,American,Associate Degree,Closely related,Personalized,Below average,3-7 years,0
1178,1,Male,40,Hispanic,None stated,Indian,Associate Degree,Unrelated,Unpersonalized,Above average,10+ years,0
1179,1,Female,50,Asian,None stated,American,Bachelor Degree,Unrelated,Unpersonalized,Average,0-2 years,0
1180,1,Male,50,Asian,None stated,German,Associate Degree,Unrelated,Unpersonalized,Above average,3-7 years,0
1181,1,Non-binary,30,White,None stated,Canadian,Bachelor Degree,Somewhat related,Unpersonalized,Below average,0-2 years,0
1182,1,Male,40,Hispanic,Mental health history,German,Bachelor Degree,Closely related,Personalized,Above average,3-7 years,0
1183,1,Male,45,Hispanic,None stated,American,Associate Degree,Somewhat related,Personalized,Above average,10+ years,0
1184,1,Male,30,White,Mental health history,American,Master Degree,Somewhat related,Unpersonalized,Above average,3-7 years,0
1185,1,Non-binary,40,White,None stated,Mexican,Associate Degree,Somewhat related,Personalized,Average,10+ years,0
1186,1,Male,45,Black,Mental health history,German,Associate Degree,Unrelated,Personalized,Below average,0-2 years,0
1187,1,Non-binary,45,Asian,None stated,German,Associate Degree,Somewhat related,Personalized,Average,3-7 years,0
1188,1,Non-binary,35,White,None stated,Canadian,Master Degree,Unrelated,Unpersonalized,Average,0-2 years,0
1189,1,Non-binary,55,Hispanic,Physical disability,Indian,Master Degree,Unrelated,Unpersonalized,Above average,0-2 years,0
1190,1,Female,30,Asian,Mental health history,Mexican,Associate Degree,Closely related,Personalized,Below average,3-7 years,0
1191,1,Female,30,Asian,Mental health history,American,Associate Degree,Closely related,Unpersonalized,Below average,3-7 years,0
1192,1,Female,35,Black,Mental health history,American,Bachelor Degree,Unrelated,Unpersonalized,Below average,10+ years,0
1193,1,Non-binary,50,White,Mental health history,Canadian,Bachelor Degree,Unrelated,Unpersonalized,Average,10+ years,0
1194,1,Male,50,Hispanic,Physical disability,American,Associate Degree,Unrelated,Personalized,Average,3-7 years,0
1195,1,Non-binary,45,White,Physical disability,Canadian,Bachelor Degree,Closely related,Personalized,Above average,3-7 years,0
1196,1,Female,55,Asian,None stated,American,Bachelor Degree,Closely related,Personalized,Above average,3-7 years,1
1197,1,Female,40,Asian,Mental health history,Mexican,Master Degree,Closely related,Personalized,Above average,10+ years,1
1198,1,Female,50,White,None stated,Mexican,Bachelor Degree,Closely related,Personalized,Below average,10+ years,0
1199,1,Male,45,Black,Mental health history,American,Associate Degree,Unrelated,Personalized,Below average,10+ years,0
1200,1,Non-binary,35,White,Physical disability,German,Associate Degree,Somewhat related,Personalized,Average,10+ years,0
1201,1,Male,45,White,Physical disability,American,Bachelor Degree,Unrelated,Unpersonalized,Average,0-2 years,0
1202,1,Male,50,Black,Mental health history,Canadian,Bachelor Degree,Somewhat related,Personalized,Average,3-7 years,0
1203,1,Non-binary,55,Asian,None stated,American,Associate Degree,Closely related,Personalized,Average,0-2 years,0
1204,1,Female,45,White,None stated,German,Master Degree,Somewhat related,Unpersonalized,Average,10+ years,0
1205,1,Male,35,White,Physical disability,Mexican,Associate Degree,Unrelated,Personalized,Above average,3-7 years,0
1206,1,Non-binary,45,Asian,None stated,Mexican,Associate Degree,Somewhat related,Personalized,Below average,0-2 years,0
1207,1,Female,35,Asian,Physical disability,German,Master Degree,Closely related,Personalized,Above average,0-2 years,0
1208,1,Male,55,Black,Mental health history,Indian,Associate Degree,Closely related,Personalized,Above average,10+ years,0
1209,1,Male,55,White,None stated,Indian,Bachelor Degree,Somewhat related,Unpersonalized,Average,10+ years,0
1210,1,Female,30,White,None stated,Canadian,Associate Degree,Closely related,Personalized,Above average,0-2 years,0
1211,1,Non-binary,35,White,Physical disability,Mexican,Master Degree,Unrelated,Unpersonalized,Above average,3-7 years,0
1212,1,Male,40,Black,Mental health history,Indian,Master Degree,Unrelated,Personalized,Above average,0-2 years,0
1213,1,Non-binary,35,White,None stated,German,Master Degree,Somewhat related,Personalized,Below average,10+ years,1
1214,1,Non-binary,30,White,Mental health history,German,Associate Degree,Closely related,Unpersonalized,Above average,0-2 years,0
1215,1,Non-binary,50,Asian,None stated,Mexican,Bachelor Degree,Closely related,Unpersonalized,Above average,0-2 years,0
1216,1,Female,30,Asian,Physical disability,Canadian,Associate Degree,Closely related,Personalized,Below average,3-7 years,0
1217,1,Male,40,Hispanic,Mental health history,Mexican,Associate Degree,Somewhat related,Unpersonalized,Average,10+ years,0
1218,1,Female,55,White,None stated,Mexican,Master Degree,Somewhat related,Unpersonalized,Above average,10+ years,0
1219,1,Non-binary,40,Asian,Physical disability,German,Master Degree,Closely related,Personalized,Below average,3-7 years,0
1220,1,Non-binary,35,Black,None stated,Canadian,Master Degree,Unrelated,Personalized,Below average,10+ years,0
1221,1,Non-binary,50,Asian,None stated,American,Associate Degree,Closely related,Personalized,Average,0-2 years,0
1222,1,Non-binary,55,White,Mental health history,Mexican,Bachelor Degree,Unrelated,Unpersonalized,Below average,3-7 years,0
1223,1,Non-binary,30,Asian,Mental health history,German,Bachelor Degree,Unrelated,Personalized,Above average,3-7 years,0
1224,1,Female,30,Asian,Mental health history,Indian,Master Degree,Somewhat related,Unpersonalized,Average,10+ years,0
1225,1,Male,45,Black,Physical disability,American,Bachelor Degree,Unrelated,Personalized,Average,3-7 years,0
1226,1,Female,35,Hispanic,Mental health history,Indian,Master Degree,Somewhat related,Personalized,Average,10+ years,1
1227,1,Non-binary,40,Hispanic,Mental health history,Canadian,Associate Degree,Unrelated,Unpersonalized,Below average,3-7 years,0
1228,1,Male,40,White,Physical disability,German,Master Degree,Somewhat related,Personalized,Below average,10+ years,0
1229,1,Male,30,Hispanic,Mental health history,German,Master Degree,Somewhat related,Unpersonalized,Above average,10+ years,0
1230,1,Female,50,Hispanic,Mental health history,Canadian,Master Degree,Unrelated,Personalized,Above average,3-7 years,0
1231,1,Male,40,Hispanic,Mental health history,German,Bachelor Degree,Somewhat related,Unpersonalized,Above average,10+ years,0
1232,1,Non-binary,55,White,Physical disability,Canadian,Bachelor Degree,Closely related,Personalized,Average,3-7 years,0
1233,1,Non-binary,40,Asian,Mental health history,German,Bachelor Degree,Unrelated,Unpersonalized,Above average,0-2 years,0
1234,1,Male,55,White,Mental health history,Mexican,Master Degree,Unrelated,Personalized,Above average,10+ years,0
1235,1,Female,50,Asian,Mental health history,Mexican,Master Degree,Somewhat related,Unpersonalized,Below average,3-7 years,0
1236,1,Female,40,White,Physical disability,American,Bachelor Degree,Closely related,Unpersonalized,Below average,3-7 years,0
1237,1,Female,55,Black,Physical disability,Mexican,Associate Degree,Somewhat related,Unpersonalized,Below average,0-2 years,0
1238,1,Female,45,Asian,Mental health history,Indian,Bachelor Degree,Closely related,Unpersonalized,Above average,0-2 years,0
1239,1,Female,35,Black,Mental health history,American,Associate Degree,Unrelated,Unpersonalized,Above average,3-7 years,0
1240,1,Non-binary,50,Asian,Mental health history,Indian,Bachelor Degree,Unrelated,Personalized,Above average,10+ years,1
1241,1,Non-binary,35,Asian,Mental health history,American,Bachelor Degree,Closely related,Personalized,Below average,3-7 years,0
1242,1,Male,35,Black,Physical disability,Indian,Bachelor Degree,Closely related,Personalized,Below average,3-7 years,0
1243,1,Male,40,Asian,Physical disability,German,Associate Degree,Unrelated,Unpersonalized,Average,3-7 years,0
1244,1,Male,55,White,None stated,Canadian,Associate Degree,Unrelated,Unpersonalized,Below average,3-7 years,0
1245,1,Female,35,Black,None stated,American,Associate Degree,Unrelated,Unpersonalized,Average,3-7 years,0
1246,1,Non-binary,45,White,Physical disability,Mexican,Master Degree,Somewhat related,Personalized,Average,10+ years,0
1247,1,Male,35,White,None stated,American,Associate Degree,Closely related,Unpersonalized,Below average,3-7 years,0
1248,1,Female,55,Hispanic,Physical disability,Canadian,Bachelor Degree,Unrelated,Unpersonalized,Below average,0-2 years,0
1249,1,Male,45,Hispanic,None stated,Mexican,Master Degree,Unrelated,Unpersonalized,Below average,3-7 years,0
1250,1,Female,30,Asian,Physical disability,Indian,Master Degree,Somewhat related,Personalized,Above average,3-7 years,1
1251,1,Female,40,Asian,Mental health history,Indian,Master Degree,Closely related,Personalized,Above average,3-7 years,1
1252,1,Non-binary,35,Asian,Physical disability,Canadian,Bachelor Degree,Somewhat related,Unpersonalized,Below average,10+ years,0
1253,1,Male,55,Hispanic,Mental health history,Indian,Bachelor Degree,Closely related,Unpersonalized,Average,0-2 years,0
1254,1,Non-binary,50,Hispanic,Mental health history,Mexican,Associate Degree,Somewhat related,Unpersonalized,Above average,10+ years,0
1255,1,Female,40,White,Mental health history,Indian,Bachelor Degree,Somewhat related,Personalized,Above average,10+ years,0
1256,1,Male,50,Asian,None stated,Mexican,Bachelor Degree,Closely related,Unpersonalized,Average,10+ years,0
1257,1,Male,45,Black,Mental health history,Indian,Associate Degree,Somewhat related,Personalized,Above average,10+ years,0
1258,1,Male,55,White,Physical disability,American,Associate Degree,Somewhat related,Unpersonalized,Below average,0-2 years,0
1259,1,Female,30,Hispanic,None stated,Indian,Bachelor Degree,Somewhat related,Personalized,Average,3-7 years,0
1260,1,Male,30,White,Physical disability,American,Bachelor Degree,Closely related,Personalized,Above average,0-2 years,0
1261,1,Non-binary,45,Asian,Mental health history,Mexican,Associate Degree,Closely related,Unpersonalized,Above average,0-2 years,0
1262,1,Female,30,Black,None stated,German,Master Degree,Unrelated,Personalized,Average,3-7 years,0
1263,1,Female,50,White,Physical disability,American,Associate Degree,Closely related,Unpersonalized,Average,10+ years,0
1264,1,Non-binary,50,Asian,Physical disability,Indian,Bachelor Degree,Somewhat related,Unpersonalized,Below average,0-2 years,0
1265,1,Male,30,Hispanic,Physical disability,Mexican,Associate Degree,Somewhat related,Unpersonalized,Above average,3-7 years,0
1266,1,Female,50,Black,Mental health history,Indian,Master Degree,Somewhat related,Personalized,Above average,3-7 years,0
1267,1,Non-binary,40,White,None stated,German,Master Degree,Closely related,Unpersonalized,Above average,10+ years,1
1268,1,Non-binary,55,Black,None stated,Mexican,Bachelor Degree,Somewhat related,Unpersonalized,Average,0-2 years,0
1269,1,Non-binary,40,Hispanic,Physical disability,German,Associate Degree,Unrelated,Personalized,Average,10+ years,0
1270,1,Female,45,Asian,None stated,Indian,Master Degree,Closely related,Unpersonalized,Average,3-7 years,0
1271,1,Non-binary,35,Black,Mental health history,Indian,Associate Degree,Somewhat related,Personalized,Average,10+ years,0
1272,1,Non-binary,45,Black,Physical disability,German,Associate Degree,Somewhat related,Unpersonalized,Average,0-2 years,0
1273,1,Female,30,Asian,Physical disability,German,Bachelor Degree,Somewhat related,Personalized,Average,3-7 years,0
1274,1,Male,45,Hispanic,Physical disability,Canadian,Master Degree,Unrelated,Personalized,Average,3-7 years,0
1275,1,Male,50,Black,Physical disability,Indian,Associate Degree,Somewhat related,Personalized,Average,0-2 years,0
1276,1,Female,50,Hispanic,None stated,German,Master Degree,Closely related,Personalized,Average,3-7 years,0
1277,1,Non-binary,35,Black,Physical disability,German,Bachelor Degree,Closely related,Unpersonalized,Average,0-2 years,0
1278,1,Non-binary,45,Hispanic,Physical disability,German,Associate Degree,Somewhat related,Unpersonalized,Average,3-7 years,0
1279,1,Female,35,Asian,Mental health history,Canadian,Associate Degree,Unrelated,Unpersonalized,Average,3-7 years,0
1280,1,Female,30,Asian,None stated,American,Associate Degree,Somewhat related,Personalized,Average,10+ years,0
1281,1,Female,40,Black,None stated,Canadian,Bachelor Degree,Unrelated,Personalized,Average,3-7 years,0
1282,1,Female,50,Black,None stated,American,Associate Degree,Closely related,Unpersonalized,Average,3-7 years,0
1283,1,Non-binary,55,Black,Mental health history,German,Associate Degree,Closely related,Personalized,Below average,0-2 years,0
1284,1,Male,30,Black,None stated,Canadian,Associate Degree,Somewhat related,Personalized,Average,3-7 years,0
1285,1,Non-binary,50,Black,Mental health history,Indian,Master Degree,Unrelated,Personalized,Average,10+ years,0
1286,1,Female,40,White,Physical disability,Canadian,Bachelor Degree,Closely related,Personalized,Above average,10+ years,1
1287,1,Male,50,Asian,Physical disability,Indian,Associate Degree,Closely related,Personalized,Above average,10+ years,0
1288,1,Female,40,Black,Physical disability,Indian,Bachelor Degree,Somewhat related,Unpersonalized,Above average,3-7 years,0
1289,1,Non-binary,30,Asian,Mental health history,Indian,Master Degree,Closely related,Personalized,Average,10+ years,1
1290,1,Non-binary,55,Asian,Mental health history,Indian,Bachelor Degree,Closely related,Personalized,Average,10+ years,0
1291,1,Male,55,White,Mental health history,American,Bachelor Degree,Closely related,Unpersonalized,Average,10+ years,0
1292,1,Non-binary,45,Hispanic,None stated,Canadian,Bachelor Degree,Closely related,Unpersonalized,Above average,3-7 years,0
1293,1,Female,40,Hispanic,Physical disability,Canadian,Associate Degree,Unrelated,Personalized,Average,3-7 years,0
1294,1,Male,30,Asian,None stated,Indian,Bachelor Degree,Unrelated,Unpersonalized,Above average,0-2 years,0
1295,1,Male,40,Hispanic,None stated,Canadian,Master Degree,Closely related,Unpersonalized,Below average,0-2 years,0
1296,1,Female,50,White,Mental health history,Indian,Bachelor Degree,Unrelated,Personalized,Average,0-2 years,0
1297,1,Female,30,White,Mental health history,American,Associate Degree,Somewhat related,Personalized,Average,0-2 years,0
1298,1,Female,35,Asian,None stated,American,Associate Degree,Closely related,Unpersonalized,Average,10+ years,0
1299,1,Female,55,White,Mental health history,Mexican,Bachelor Degree,Unrelated,Personalized,Below average,0-2 years,0
1300,1,Non-binary,30,White,Mental health history,Indian,Associate Degree,Somewhat related,Unpersonalized,Below average,3-7 years,0
1301,1,Male,50,Black,None stated,Indian,Master Degree,Closely related,Personalized,Below average,0-2 years,0
1302,1,Male,35,Black,None stated,American,Master Degree,Closely related,Personalized,Below average,0-2 years,0
1303,1,Male,40,White,Physical disability,German,Associate Degree,Closely related,Personalized,Above average,0-2 years,0
1304,1,Non-binary,35,Asian,Mental health history,German,Associate Degree,Somewhat related,Personalized,Below average,10+ years,0
1305,1,Non-binary,35,Asian,None stated,Indian,Master Degree,Unrelated,Personalized,Below average,3-7 years,0
1306,1,Female,40,Black,Physical disability,German,Associate Degree,Closely related,Personalized,Average,10+ years,0
1307,1,Male,40,Asian,None stated,Mexican,Associate Degree,Closely related,Personalized,Average,0-2 years,0
1308,1,Male,30,Black,Mental health history,Mexican,Master Degree,Closely related,Personalized,Average,3-7 years,0
1309,1,Non-binary,50,Black,None stated,Indian,Bachelor Degree,Somewhat related,Unpersonalized,Above average,0-2 years,0
1310,1,Non-binary,50,White,Mental health history,Mexican,Master Degree,Unrelated,Personalized,Above average,3-7 years,0
1311,1,Male,40,Asian,None stated,Canadian,Associate Degree,Somewhat related,Personalized,Below average,0-2 years,0
1312,1,Non-binary,30,Black,None stated,Indian,Master Degree,Unrelated,Personalized,Average,10+ years,0
1313,1,Male,55,Black,None stated,Canadian,Bachelor Degree,Closely related,Unpersonalized,Above average,10+ years,0
1314,1,Non-binary,55,Hispanic,None stated,Mexican,Associate Degree,Unrelated,Personalized,Below average,3-7 years,0
1315,1,Non-binary,35,Hispanic,Physical disability,Canadian,Associate Degree,Closely related,Personalized,Above average,3-7 years,0
1316,1,Female,35,Asian,Mental health history,Indian,Associate Degree,Somewhat related,Unpersonalized,Average,10+ years,0
1317,1,Male,45,White,Physical disability,German,Bachelor Degree,Unrelated,Personalized,Below average,3-7 years,0
1318,1,Male,50,Asian,Physical disability,Canadian,Associate Degree,Unrelated,Personalized,Above average,0-2 years,0
1319,1,Female,40,Hispanic,Mental health history,Mexican,Associate Degree,Somewhat related,Unpersonalized,Above average,10+ years,0
1320,1,Male,40,Hispanic,None stated,Mexican,Associate Degree,Somewhat related,Unpersonalized,Above average,3-7 years,0
1321,1,Non-binary,30,White,Mental health history,Canadian,Master Degree,Closely related,Personalized,Average,0-2 years,0
1322,1,Female,40,Asian,None stated,Canadian,Bachelor Degree,Somewhat related,Personalized,Above average,0-2 years,0
1323,1,Female,35,Asian,Physical disability,Canadian,Master Degree,Unrelated,Personalized,Below average,3-7 years,0
1324,1,Male,40,White,None stated,Mexican,Associate Degree,Somewhat related,Unpersonalized,Below average,3-7 years,0
1325,1,Non-binary,45,Black,Mental health history,German,Master Degree,Somewhat related,Unpersonalized,Below average,0-2 years,0
1326,1,Male,45,Black,None stated,Mexican,Bachelor Degree,Closely related,Personalized,Above average,10+ years,1
1327,1,Male,50,Asian,Mental health history,Indian,Associate Degree,Unrelated,Personalized,Average,10+ years,0
1328,1,Male,35,Black,Physical disability,Canadian,Bachelor Degree,Unrelated,Personalized,Average,3-7 years,0
1329,1,Male,30,White,Physical disability,Canadian,Bachelor Degree,Somewhat related,Unpersonalized,Above average,0-2 years,0
1330,1,Male,50,Black,Physical disability,American,Bachelor Degree,Unrelated,Unpersonalized,Below average,10+ years,0
1331,1,Female,55,White,Mental health history,Canadian,Bachelor Degree,Somewhat related,Unpersonalized,Above average,3-7 years,0
1332,1,Non-binary,45,White,None stated,Mexican,Associate Degree,Unrelated,Personalized,Below average,10+ years,0
1333,1,Female,45,White,None stated,Indian,Associate Degree,Unrelated,Unpersonalized,Below average,0-2 years,0
1334,1,Non-binary,50,White,Mental health history,German,Master Degree,Closely related,Personalized,Above average,3-7 years,0
1335,1,Male,30,White,Mental health history,American,Bachelor Degree,Unrelated,Unpersonalized,Above average,0-2 years,0
1336,1,Non-binary,50,Hispanic,Mental health history,Mexican,Master Degree,Unrelated,Personalized,Average,0-2 years,0
1337,1,Male,35,Black,Physical disability,German,Bachelor Degree,Unrelated,Personalized,Average,0-2 years,0
1338,1,Non-binary,55,Asian,Mental health history,Canadian,Bachelor Degree,Closely related,Personalized,Below average,0-2 years,0
1339,1,Female,30,Hispanic,Physical disability,American,Bachelor Degree,Unrelated,Personalized,Below average,0-2 years,0
1340,1,Female,35,Black,Mental health history,German,Bachelor Degree,Closely related,Personalized,Below average,0-2 years,0
1341,1,Non-binary,40,Black,Physical disability,Indian,Bachelor Degree,Closely related,Unpersonalized,Above average,10+ years,1
1342,1,Male,50,Hispanic,None stated,Indian,Bachelor Degree,Closely related,Personalized,Below average,0-2 years,0
1343,1,Female,30,Hispanic,Physical disability,German,Associate Degree,Unrelated,Unpersonalized,Above average,0-2 years,0
1344,1,Non-binary,45,Asian,Mental health history,Mexican,Master Degree,Somewhat related,Personalized,Below average,0-2 years,0
1345,1,Female,50,White,None stated,German,Associate Degree,Closely related,Personalized,Average,3-7 years,0
1346,1,Male,45,Hispanic,None stated,American,Master Degree,Unrelated,Unpersonalized,Below average,0-2 years,0
1347,1,Non-binary,45,Asian,Mental health history,Indian,Master Degree,Somewhat related,Unpersonalized,Below average,10+ years,0
1348,1,Non-binary,45,Hispanic,Physical disability,German,Bachelor Degree,Unrelated,Personalized,Average,0-2 years,0
1349,1,Non-binary,50,Black,None stated,Indian,Associate Degree,Unrelated,Unpersonalized,Average,10+ years,0
1350,1,Female,45,Black,Mental health history,Canadian,Bachelor Degree,Closely related,Unpersonalized,Average,10+ years,0
1351,1,Female,55,White,Physical disability,German,Master Degree,Closely related,Unpersonalized,Above average,0-2 years,0
1352,1,Male,30,Black,Physical disability,American,Master Degree,Closely related,Personalized,Above average,10+ years,1
1353,1,Male,30,Hispanic,Physical disability,American,Associate Degree,Unrelated,Unpersonalized,Above average,3-7 years,0
1354,1,Non-binary,55,Black,Physical disability,Mexican,Master Degree,Unrelated,Personalized,Above average,0-2 years,0
1355,1,Male,55,White,Mental health history,Indian,Master Degree,Closely related,Personalized,Below average,10+ years,0
1356,1,Male,30,Hispanic,Physical disability,German,Master Degree,Unrelated,Unpersonalized,Above average,10+ years,0
1357,1,Non-binary,30,White,Physical disability,Canadian,Associate Degree,Closely related,Personalized,Below average,3-7 years,0
1358,1,Non-binary,55,Hispanic,Mental health history,Indian,Master Degree,Unrelated,Unpersonalized,Above average,0-2 years,0
1359,1,Female,30,Asian,Physical disability,Canadian,Bachelor Degree,Unrelated,Unpersonalized,Below average,10+ years,0
1360,1,Non-binary,35,Asian,Mental health history,German,Master Degree,Somewhat related,Personalized,Below average,0-2 years,0
1361,1,Male,50,Hispanic,None stated,German,Associate Degree,Unrelated,Unpersonalized,Above average,3-7 years,0
1362,1,Male,50,Black,Mental health history,German,Master Degree,Closely related,Personalized,Average,3-7 years,0
1363,1,Non-binary,50,Hispanic,Mental health history,American,Bachelor Degree,Unrelated,Personalized,Average,0-2 years,0
1364,1,Female,35,White,None stated,American,Associate Degree,Unrelated,Personalized,Above average,10+ years,0
1365,1,Female,35,Asian,Physical disability,Mexican,Bachelor Degree,Closely related,Unpersonalized,Below average,3-7 years,0
1366,1,Male,50,White,None stated,German,Associate Degree,Closely related,Personalized,Above average,10+ years,0
1367,1,Male,30,Hispanic,Mental health history,German,Bachelor Degree,Unrelated,Unpersonalized,Below average,10+ years,0
1368,1,Male,40,Black,Physical disability,German,Bachelor Degree,Closely related,Unpersonalized,Above average,3-7 years,0
1369,1,Male,35,White,Mental health history,Indian,Associate Degree,Closely related,Unpersonalized,Below average,0-2 years,0
1370,1,Male,55,Hispanic,Mental health history,Canadian,Master Degree,Somewhat related,Unpersonalized,Below average,3-7 years,0
1371,1,Female,30,Black,Mental health history,German,Bachelor Degree,Somewhat related,Unpersonalized,Below average,10+ years,0
1372,1,Male,40,White,Mental health history,Canadian,Master Degree,Closely related,Unpersonalized,Below average,3-7 years,0
1373,1,Non-binary,50,Hispanic,Physical disability,Indian,Associate Degree,Unrelated,Personalized,Above average,3-7 years,0
1374,1,Non-binary,35,Hispanic,Physical disability,Canadian,Bachelor Degree,Closely related,Personalized,Above average,10+ years,1
1375,1,Male,40,White,None stated,American,Bachelor Degree,Unrelated,Personalized,Below average,10+ years,0
1376,1,Non-binary,55,Hispanic,Mental health history,German,Bachelor Degree,Somewhat related,Unpersonalized,Below average,10+ years,0
1377,1,Female,45,White,None stated,Indian,Bachelor Degree,Closely related,Unpersonalized,Average,10+ years,0
1378,1,Female,50,White,Mental health history,Mexican,Bachelor Degree,Unrelated,Unpersonalized,Average,3-7 years,0
1379,1,Female,30,White,Mental health history,Mexican,Associate Degree,Somewhat related,Unpersonalized,Average,10+ years,0
1380,1,Male,35,Black,Mental health history,German,Associate Degree,Closely related,Unpersonalized,Below average,10+ years,0
1381,1,Male,40,Hispanic,None stated,Canadian,Associate Degree,Closely related,Personalized,Above average,10+ years,1
1382,1,Female,50,Black,Mental health history,Canadian,Master Degree,Closely related,Unpersonalized,Average,0-2 years,0
1383,1,Female,45,White,Mental health history,Canadian,Associate Degree,Unrelated,Personalized,Above average,0-2 years,0
1384,1,Non-binary,30,Asian,Physical disability,Mexican,Associate Degree,Closely related,Personalized,Above average,0-2 years,0
1385,1,Female,40,Black,Mental health history,Mexican,Master Degree,Unrelated,Personalized,Above average,3-7 years,0
1386,1,Female,40,Black,Mental health history,Canadian,Bachelor Degree,Unrelated,Personalized,Below average,3-7 years,0
1387,1,Male,50,White,Physical disability,Mexican,Master Degree,Unrelated,Unpersonalized,Above average,3-7 years,0
1388,1,Female,30,Hispanic,Physical disability,Indian,Associate Degree,Closely related,Unpersonalized,Below average,0-2 years,0
1389,1,Non-binary,35,White,Physical disability,Mexican,Bachelor Degree,Unrelated,Personalized,Average,3-7 years,0
1390,1,Non-binary,35,Hispanic,None stated,Mexican,Associate Degree,Unrelated,Personalized,Below average,0-2 years,0
1391,1,Female,35,Hispanic,Physical disability,Canadian,Master Degree,Closely related,Unpersonalized,Below average,0-2 years,0
1392,1,Male,35,Asian,Physical disability,Indian,Bachelor Degree,Somewhat related,Unpersonalized,Above average,0-2 years,0
1393,1,Female,55,Hispanic,Physical disability,German,Master Degree,Unrelated,Personalized,Average,0-2 years,0
1394,1,Male,55,Hispanic,Mental health history,German,Associate Degree,Unrelated,Personalized,Below average,0-2 years,0
1395,1,Female,35,Black,Mental health history,American,Bachelor Degree,Unrelated,Unpersonalized,Below average,10+ years,0
1396,1,Female,45,Asian,Mental health history,Mexican,Bachelor Degree,Unrelated,Unpersonalized,Below average,0-2 years,0
1397,1,Non-binary,45,Black,None stated,American,Master Degree,Somewhat related,Personalized,Below average,10+ years,0
1398,1,Female,45,Asian,Physical disability,Indian,Bachelor Degree,Closely related,Personalized,Average,0-2 years,0
1399,1,Non-binary,45,Asian,Mental health history,German,Master Degree,Closely related,Unpersonalized,Average,0-2 years,0
1400,1,Male,55,Hispanic,None stated,Mexican,Bachelor Degree,Closely related,Personalized,Above average,0-2 years,0
1401,1,Female,35,Black,None stated,Indian,Master Degree,Unrelated,Personalized,Above average,0-2 years,0
1402,1,Female,30,Hispanic,Mental health history,American,Master Degree,Somewhat related,Personalized,Below average,10+ years,0
1403,1,Male,30,Black,Physical disability,Indian,Bachelor Degree,Closely related,Unpersonalized,Above average,0-2 years,0
1404,1,Male,45,Asian,Mental health history,Mexican,Associate Degree,Somewhat related,Personalized,Average,10+ years,0
1405,1,Non-binary,35,Hispanic,None stated,American,Associate Degree,Closely related,Personalized,Above average,3-7 years,0
1406,1,Non-binary,35,Hispanic,Physical disability,Indian,Bachelor Degree,Unrelated,Unpersonalized,Above average,0-2 years,0
1407,1,Non-binary,45,Black,Physical disability,Mexican,Bachelor Degree,Unrelated,Personalized,Average,3-7 years,0
1408,1,Male,35,Black,Physical disability,Indian,Master Degree,Closely related,Unpersonalized,Below average,3-7 years,0
1409,1,Non-binary,55,Black,Physical disability,German,Bachelor Degree,Closely related,Unpersonalized,Average,0-2 years,0
1410,1,Female,45,Asian,None stated,German,Master Degree,Somewhat related,Unpersonalized,Below average,3-7 years,0
1411,1,Male,45,Hispanic,Physical disability,German,Bachelor Degree,Unrelated,Unpersonalized,Above average,10+ years,0
1412,1,Female,55,Black,None stated,Canadian,Master Degree,Closely related,Personalized,Average,3-7 years,1
1413,1,Male,55,Asian,Mental health history,Mexican,Associate Degree,Somewhat related,Unpersonalized,Below average,0-2 years,0
1414,1,Non-binary,35,White,None stated,German,Bachelor Degree,Closely related,Personalized,Above average,10+ years,1
1415,1,Male,55,White,None stated,Indian,Master Degree,Somewhat related,Personalized,Above average,0-2 years,0
1416,1,Female,40,White,None stated,American,Associate Degree,Unrelated,Personalized,Below average,10+ years,0
1417,1,Male,45,Hispanic,Mental health history,Mexican,Bachelor Degree,Unrelated,Unpersonalized,Average,3-7 years,0
1418,1,Non-binary,40,Black,Mental health history,German,Master Degree,Closely related,Personalized,Above average,3-7 years,1
1419,1,Non-binary,30,White,Physical disability,Canadian,Master Degree,Somewhat related,Unpersonalized,Above average,3-7 years,0
1420,1,Non-binary,55,White,Physical disability,Indian,Associate Degree,Somewhat related,Personalized,Above average,0-2 years,0
1421,1,Male,50,Asian,Physical disability,Indian,Associate Degree,Unrelated,Unpersonalized,Above average,3-7 years,0
1422,1,Non-binary,35,Asian,Mental health history,Indian,Master Degree,Unrelated,Personalized,Average,10+ years,0
1423,1,Non-binary,40,White,Mental health history,American,Associate Degree,Unrelated,Unpersonalized,Below average,10+ years,0
1424,1,Male,45,Black,Mental health history,American,Bachelor Degree,Closely related,Unpersonalized,Below average,10+ years,0
1425,1,Male,50,Black,Mental health history,Canadian,Bachelor Degree,Unrelated,Personalized,Above average,3-7 years,0
1426,1,Female,55,White,Physical disability,German,Master Degree,Somewhat related,Personalized,Average,10+ years,1
1427,1,Non-binary,55,Black,Physical disability,Indian,Master Degree,Closely related,Personalized,Above average,0-2 years,0
1428,1,Female,40,Hispanic,Physical disability,Canadian,Bachelor Degree,Unrelated,Personalized,Above average,3-7 years,0
1429,1,Male,45,Hispanic,None stated,German,Associate Degree,Unrelated,Unpersonalized,Below average,10+ years,0
1430,1,Female,55,White,None stated,Mexican,Master Degree,Closely related,Unpersonalized,Average,10+ years,0
1431,1,Male,45,Black,Physical disability,Canadian,Master Degree,Closely related,Personalized,Above average,0-2 years,0
1432,1,Male,45,Hispanic,Physical disability,Indian,Bachelor Degree,Somewhat related,Unpersonalized,Above average,3-7 years,0
1433,1,Female,35,White,Mental health history,American,Master Degree,Closely related,Unpersonalized,Average,0-2 years,0
1434,1,Non-binary,40,Black,Mental health history,Canadian,Master Degree,Closely related,Personalized,Average,3-7 years,0
1435,1,Female,55,White,Mental health history,German,Associate Degree,Unrelated,Unpersonalized,Average,10+ years,0
1436,1,Female,45,White,Physical disability,American,Bachelor Degree,Closely related,Personalized,Above average,10+ years,1
1437,1,Female,50,White,Mental health history,American,Master Degree,Unrelated,Personalized,Above average,10+ years,0
1438,1,Non-binary,40,Asian,Physical disability,German,Bachelor Degree,Somewhat related,Personalized,Average,10+ years,0
1439,1,Male,40,Hispanic,Mental health history,Indian,Master Degree,Somewhat related,Unpersonalized,Average,10+ years,0
1440,1,Non-binary,40,Hispanic,Physical disability,Indian,Bachelor Degree,Somewhat related,Personalized,Above average,0-2 years,0
1441,1,Female,50,White,None stated,German,Bachelor Degree,Somewhat related,Personalized,Average,3-7 years,0
1442,1,Non-binary,40,White,None stated,Indian,Associate Degree,Somewhat related,Unpersonalized,Above average,3-7 years,0
1443,1,Female,40,Hispanic,None stated,American,Master Degree,Somewhat related,Personalized,Above average,0-2 years,1
1444,1,Female,35,Hispanic,Mental health history,Canadian,Bachelor Degree,Unrelated,Personalized,Above average,3-7 years,0
1445,1,Male,40,White,None stated,Canadian,Bachelor Degree,Somewhat related,Personalized,Below average,0-2 years,0
1446,1,Male,30,Hispanic,None stated,Canadian,Bachelor Degree,Somewhat related,Unpersonalized,Above average,0-2 years,0
1447,1,Non-binary,45,White,Mental health history,Canadian,Bachelor Degree,Unrelated,Personalized,Below average,3-7 years,0
1448,1,Non-binary,55,Asian,Physical disability,Canadian,Bachelor Degree,Somewhat related,Unpersonalized,Below average,10+ years,0
1449,1,Male,50,Asian,None stated,German,Master Degree,Unrelated,Unpersonalized,Below average,0-2 years,0
1450,1,Non-binary,50,Black,Physical disability,Mexican,Bachelor Degree,Somewhat related,Unpersonalized,Above average,0-2 years,0
1451,1,Non-binary,45,Black,None stated,German,Associate Degree,Closely related,Unpersonalized,Average,0-2 years,0
1452,1,Male,30,White,Mental health history,German,Master Degree,Somewhat related,Personalized,Average,0-2 years,0
1453,1,Non-binary,45,Hispanic,None stated,Canadian,Associate Degree,Unrelated,Personalized,Below average,10+ years,0
1454,1,Non-binary,35,White,None stated,American,Bachelor Degree,Unrelated,Personalized,Below average,0-2 years,0
1455,1,Non-binary,55,Asian,None stated,Mexican,Master Degree,Closely related,Unpersonalized,Below average,0-2 years,0
1456,1,Female,55,White,Physical disability,Canadian,Associate Degree,Closely related,Personalized,Above average,0-2 years,0
1457,1,Male,55,Hispanic,None stated,Mexican,Bachelor Degree,Somewhat related,Personalized,Above average,10+ years,1
1458,1,Female,30,Black,Mental health history,German,Bachelor Degree,Unrelated,Personalized,Above average,10+ years,0
1459,1,Non-binary,50,White,Physical disability,Indian,Associate Degree,Closely related,Unpersonalized,Above average,0-2 years,0
1460,1,Female,35,Black,Mental health history,Canadian,Associate Degree,Closely related,Personalized,Average,10+ years,1
1461,1,Male,30,Asian,Physical disability,Canadian,Associate Degree,Somewhat related,Personalized,Above average,10+ years,0
1462,1,Female,55,White,Mental health history,American,Master Degree,Somewhat related,Unpersonalized,Below average,3-7 years,0
1463,1,Non-binary,45,Hispanic,Mental health history,Indian,Bachelor Degree,Somewhat related,Personalized,Above average,10+ years,0
1464,1,Female,50,Black,Physical disability,Mexican,Master Degree,Somewhat related,Unpersonalized,Average,3-7 years,0
1465,1,Male,40,Hispanic,Mental health history,Mexican,Master Degree,Closely related,Personalized,Above average,0-2 years,0
1466,1,Non-binary,40,Asian,None stated,German,Bachelor Degree,Unrelated,Personalized,Below average,10+ years,0
1467,1,Non-binary,45,White,Physical disability,Canadian,Master Degree,Unrelated,Unpersonalized,Average,3-7 years,0
1468,1,Female,55,Black,None stated,American,Master Degree,Unrelated,Unpersonalized,Average,10+ years,0
1469,1,Non-binary,35,Asian,Mental health history,Indian,Bachelor Degree,Unrelated,Personalized,Above average,10+ years,1
1470,1,Female,40,Hispanic,None stated,American,Master Degree,Unrelated,Personalized,Above average,3-7 years,1
1471,1,Male,40,Asian,Mental health history,American,Associate Degree,Closely related,Unpersonalized,Average,0-2 years,0
1472,1,Male,30,Hispanic,None stated,American,Master Degree,Unrelated,Unpersonalized,Average,3-7 years,0
1473,1,Female,40,Asian,Mental health history,Indian,Bachelor Degree,Closely related,Personalized,Average,10+ years,0
1474,1,Female,30,Black,Physical disability,Mexican,Bachelor Degree,Somewhat related,Unpersonalized,Above average,3-7 years,0
1475,1,Non-binary,45,Hispanic,Mental health history,German,Master Degree,Unrelated,Unpersonalized,Above average,3-7 years,0
1476,1,Male,30,Hispanic,Mental health history,German,Master Degree,Unrelated,Personalized,Above average,10+ years,0
1477,1,Female,30,White,Mental health history,American,Master Degree,Unrelated,Unpersonalized,Above average,3-7 years,0
1478,1,Male,30,White,Physical disability,American,Master Degree,Closely related,Personalized,Average,10+ years,0
1479,1,Female,30,White,Mental health history,German,Master Degree,Unrelated,Personalized,Below average,10+ years,0
1480,1,Non-binary,45,White,Mental health history,Mexican,Master Degree,Unrelated,Personalized,Below average,10+ years,0
1481,1,Non-binary,40,Black,Mental health history,Canadian,Bachelor Degree,Closely related,Unpersonalized,Above average,0-2 years,0
1482,1,Male,40,Asian,None stated,Canadian,Associate Degree,Unrelated,Personalized,Average,0-2 years,0
1483,1,Female,30,White,Mental health history,Canadian,Bachelor Degree,Closely related,Unpersonalized,Above average,0-2 years,0
1484,1,Male,50,Asian,None stated,Indian,Associate Degree,Unrelated,Personalized,Average,10+ years,0
1485,1,Male,55,Hispanic,Physical disability,Indian,Associate Degree,Somewhat related,Unpersonalized,Below average,3-7 years,0
1486,1,Male,35,White,Mental health history,Canadian,Bachelor Degree,Unrelated,Unpersonalized,Average,10+ years,0
1487,1,Male,55,Hispanic,Mental health history,Indian,Bachelor Degree,Somewhat related,Unpersonalized,Below average,3-7 years,0
1488,1,Non-binary,50,Black,Physical disability,Mexican,Bachelor Degree,Closely related,Unpersonalized,Average,10+ years,0
1489,1,Non-binary,50,Black,None stated,American,Master Degree,Closely related,Personalized,Above average,3-7 years,1
1490,1,Male,55,Hispanic,Physical disability,American,Bachelor Degree,Unrelated,Unpersonalized,Average,0-2 years,0
1491,1,Female,35,Hispanic,Mental health history,Mexican,Associate Degree,Somewhat related,Personalized,Below average,3-7 years,0
1492,1,Non-binary,30,Asian,Mental health history,American,Associate Degree,Unrelated,Unpersonalized,Below average,10+ years,0
1493,1,Male,35,White,Mental health history,Mexican,Master Degree,Somewhat related,Personalized,Above average,0-2 years,0
1494,1,Male,35,Asian,None stated,German,Bachelor Degree,Closely related,Unpersonalized,Below average,0-2 years,0
1495,1,Male,55,Black,None stated,Indian,Master Degree,Unrelated,Personalized,Above average,10+ years,1
1496,1,Male,35,White,Physical disability,American,Bachelor Degree,Somewhat related,Personalized,Above average,10+ years,1
1497,1,Female,30,Asian,Mental health history,German,Bachelor Degree,Unrelated,Unpersonalized,Average,10+ years,0
1498,1,Female,40,Asian,Mental health history,Mexican,Bachelor Degree,Unrelated,Unpersonalized,Below average,10+ years,0
1499,1,Non-binary,50,White,Mental health history,German,Bachelor Degree,Unrelated,Personalized,Average,0-2 years,0
1500,1,Female,50,Asian,None stated,Canadian,Associate Degree,Unrelated,Unpersonalized,Above average,3-7 years,0
1501,1,Female,45,White,None stated,Mexican,Associate Degree,Somewhat related,Personalized,Average,3-7 years,0
1502,1,Non-binary,55,Asian,Physical disability,Mexican,Master Degree,Unrelated,Personalized,Above average,3-7 years,0
1503,1,Female,35,Hispanic,None stated,Indian,Bachelor Degree,Somewhat related,Unpersonalized,Average,0-2 years,0
1504,1,Female,35,Black,Physical disability,Canadian,Master Degree,Closely related,Personalized,Below average,0-2 years,0
1505,1,Non-binary,35,Hispanic,Physical disability,Canadian,Bachelor Degree,Unrelated,Personalized,Average,0-2 years,0
1506,1,Non-binary,50,Asian,None stated,Indian,Master Degree,Somewhat related,Unpersonalized,Below average,3-7 years,0
1507,1,Male,40,White,None stated,American,Bachelor Degree,Somewhat related,Unpersonalized,Average,3-7 years,0
1508,1,Male,30,Black,None stated,Canadian,Master Degree,Unrelated,Personalized,Average,3-7 years,0
1509,1,Male,45,Asian,Physical disability,Indian,Bachelor Degree,Unrelated,Unpersonalized,Below average,3-7 years,0
1510,1,Female,45,Black,Mental health history,Indian,Bachelor Degree,Somewhat related,Unpersonalized,Below average,10+ years,0
1511,1,Non-binary,55,White,None stated,German,Bachelor Degree,Unrelated,Unpersonalized,Below average,10+ years,0
1512,1,Non-binary,40,Hispanic,Physical disability,American,Master Degree,Closely related,Personalized,Below average,10+ years,0
1513,1,Female,55,White,None stated,Indian,Bachelor Degree,Somewhat related,Unpersonalized,Average,0-2 years,0
1514,1,Male,45,Hispanic,None stated,German,Bachelor Degree,Unrelated,Personalized,Below average,10+ years,0
1515,1,Female,55,Hispanic,Physical disability,American,Bachelor Degree,Closely related,Personalized,Below average,10+ years,0
1516,1,Female,35,Asian,None stated,German,Master Degree,Closely related,Personalized,Average,10+ years,0
1517,1,Female,50,White,None stated,German,Associate Degree,Unrelated,Unpersonalized,Average,0-2 years,0
1518,1,Female,50,Black,Physical disability,Indian,Associate Degree,Closely related,Unpersonalized,Below average,0-2 years,0
1519,1,Female,35,Asian,None stated,Mexican,Associate Degree,Closely related,Unpersonalized,Average,10+ years,0
1520,1,Female,35,Asian,Mental health history,Mexican,Master Degree,Unrelated,Personalized,Above average,10+ years,1
1521,1,Non-binary,55,Black,Mental health history,German,Associate Degree,Unrelated,Unpersonalized,Average,3-7 years,0
1522,1,Non-binary,40,White,Physical disability,Canadian,Master Degree,Closely related,Personalized,Above average,10+ years,1
1523,1,Male,30,Black,Mental health history,Indian,Associate Degree,Somewhat related,Unpersonalized,Below average,3-7 years,0
1524,1,Non-binary,35,Asian,None stated,American,Bachelor Degree,Unrelated,Personalized,Average,0-2 years,0
1525,1,Male,55,White,Mental health history,Canadian,Master Degree,Closely related,Unpersonalized,Below average,10+ years,0
1526,1,Male,40,Black,None stated,American,Associate Degree,Unrelated,Unpersonalized,Below average,10+ years,0
1527,1,Non-binary,55,Asian,None stated,Indian,Associate Degree,Somewhat related,Unpersonalized,Above average,3-7 years,0
1528,1,Male,35,Hispanic,None stated,American,Associate Degree,Somewhat related,Personalized,Above average,3-7 years,0
1529,1,Female,45,Asian,Physical disability,Canadian,Bachelor Degree,Somewhat related,Personalized,Average,3-7 years,0
1530,1,Female,35,Black,Mental health history,German,Bachelor Degree,Unrelated,Personalized,Above average,3-7 years,0
1531,1,Female,50,White,Mental health history,Canadian,Associate Degree,Closely related,Personalized,Above average,3-7 years,0
1532,1,Female,50,Asian,Mental health history,German,Master Degree,Closely related,Unpersonalized,Average,10+ years,0
1533,1,Male,30,Hispanic,Mental health history,Mexican,Bachelor Degree,Unrelated,Unpersonalized,Below average,3-7 years,0
1534,1,Male,30,Hispanic,Physical disability,Mexican,Associate Degree,Somewhat related,Personalized,Above average,10+ years,0
1535,1,Non-binary,55,Black,Physical disability,Indian,Master Degree,Closely related,Unpersonalized,Below average,10+ years,0
1536,1,Female,50,Black,None stated,Canadian,Bachelor Degree,Closely related,Unpersonalized,Average,10+ years,0
1537,1,Male,45,Asian,None stated,Canadian,Bachelor Degree,Somewhat related,Unpersonalized,Average,3-7 years,0
1538,1,Male,50,Asian,None stated,Indian,Bachelor Degree,Closely related,Personalized,Above average,0-2 years,0
1539,1,Male,35,Hispanic,None stated,German,Master Degree,Closely related,Personalized,Average,0-2 years,0
1540,1,Male,35,Hispanic,None stated,Mexican,Bachelor Degree,Closely related,Personalized,Below average,0-2 years,0
1541,1,Male,45,Asian,Physical disability,Indian,Master Degree,Unrelated,Unpersonalized,Average,0-2 years,0
1542,1,Male,35,White,Mental health history,Indian,Bachelor Degree,Closely related,Unpersonalized,Average,0-2 years,0
1543,1,Male,35,Hispanic,Physical disability,American,Master Degree,Closely related,Personalized,Average,10+ years,1
1544,1,Non-binary,45,Hispanic,None stated,American,Bachelor Degree,Unrelated,Unpersonalized,Average,3-7 years,0
1545,1,Non-binary,45,Asian,None stated,American,Associate Degree,Unrelated,Unpersonalized,Above average,3-7 years,0
1546,1,Male,55,Asian,Physical disability,Indian,Associate Degree,Unrelated,Personalized,Below average,10+ years,0
1547,1,Non-binary,55,Asian,None stated,Mexican,Bachelor Degree,Closely related,Unpersonalized,Above average,3-7 years,0
1548,1,Non-binary,45,Hispanic,Mental health history,German,Bachelor Degree,Unrelated,Personalized,Below average,3-7 years,0
1549,1,Non-binary,35,Asian,Mental health history,Indian,Master Degree,Unrelated,Unpersonalized,Below average,10+ years,0
1550,1,Male,45,Black,Physical disability,Indian,Associate Degree,Closely related,Personalized,Below average,3-7 years,0
1551,1,Non-binary,40,White,None stated,Mexican,Master Degree,Somewhat related,Personalized,Above average,3-7 years,0
1552,1,Male,45,Asian,None stated,German,Associate Degree,Closely related,Personalized,Above average,10+ years,1
1553,1,Non-binary,30,Black,Mental health history,Indian,Master Degree,Unrelated,Unpersonalized,Average,10+ years,0
1554,1,Male,55,Hispanic,Physical disability,Canadian,Master Degree,Somewhat related,Unpersonalized,Above average,10+ years,0
1555,1,Male,50,Black,Mental health history,German,Bachelor Degree,Unrelated,Personalized,Average,3-7 years,0
1556,1,Male,55,Hispanic,None stated,German,Associate Degree,Somewhat related,Unpersonalized,Below average,3-7 years,0
1557,1,Female,50,White,Mental health history,Indian,Master Degree,Unrelated,Personalized,Above average,10+ years,0
1558,1,Male,55,Black,Mental health history,Canadian,Bachelor Degree,Somewhat related,Unpersonalized,Below average,3-7 years,0
1559,1,Male,50,Hispanic,Physical disability,Indian,Master Degree,Unrelated,Unpersonalized,Average,10+ years,0
1560,1,Male,40,Asian,Mental health history,Mexican,Bachelor Degree,Somewhat related,Personalized,Above average,0-2 years,0
1561,1,Non-binary,30,White,Physical disability,German,Bachelor Degree,Closely related,Personalized,Above average,3-7 years,0
1562,1,Male,35,Black,None stated,Indian,Associate Degree,Closely related,Personalized,Above average,10+ years,1
1563,1,Non-binary,45,Hispanic,None stated,Mexican,Bachelor Degree,Unrelated,Unpersonalized,Average,3-7 years,0
1564,1,Female,35,Black,None stated,Mexican,Associate Degree,Unrelated,Unpersonalized,Below average,3-7 years,0
1565,1,Female,50,Asian,Physical disability,Mexican,Master Degree,Closely related,Unpersonalized,Average,10+ years,0
1566,1,Female,50,Hispanic,None stated,American,Bachelor Degree,Unrelated,Unpersonalized,Above average,10+ years,0
1567,1,Male,30,Hispanic,None stated,German,Associate Degree,Closely related,Unpersonalized,Above average,3-7 years,0
1568,1,Male,45,Asian,None stated,Canadian,Associate Degree,Unrelated,Unpersonalized,Average,0-2 years,0
1569,1,Female,40,Hispanic,Mental health history,German,Associate Degree,Unrelated,Unpersonalized,Below average,10+ years,0
1570,1,Non-binary,45,Black,Physical disability,American,Bachelor Degree,Somewhat related,Personalized,Below average,3-7 years,0
1571,1,Non-binary,30,Black,Physical disability,American,Associate Degree,Unrelated,Unpersonalized,Average,0-2 years,0
1572,1,Non-binary,45,Hispanic,Mental health history,American,Associate Degree,Unrelated,Personalized,Average,10+ years,0
1573,1,Male,30,Black,Physical disability,German,Associate Degree,Somewhat related,Unpersonalized,Below average,0-2 years,0
1574,1,Male,30,White,Physical disability,German,Master Degree,Closely related,Personalized,Above average,3-7 years,0
1575,1,Female,55,White,None stated,Mexican,Bachelor Degree,Somewhat related,Personalized,Below average,3-7 years,0
1576,1,Non-binary,35,White,Mental health history,Mexican,Bachelor Degree,Closely related,Personalized,Average,3-7 years,0
1577,1,Male,35,Hispanic,Physical disability,Canadian,Bachelor Degree,Somewhat related,Unpersonalized,Below average,3-7 years,0
1578,1,Non-binary,40,White,None stated,American,Master Degree,Somewhat related,Unpersonalized,Average,3-7 years,0
1579,1,Male,45,Hispanic,Physical disability,Canadian,Associate Degree,Closely related,Personalized,Above average,10+ years,0
1580,1,Male,55,White,Physical disability,German,Associate Degree,Closely related,Unpersonalized,Above average,10+ years,0
1581,1,Non-binary,40,White,None stated,German,Associate Degree,Somewhat related,Personalized,Below average,10+ years,0
1582,1,Male,35,Asian,None stated,Indian,Master Degree,Closely related,Unpersonalized,Above average,3-7 years,0
1583,1,Female,30,Asian,Physical disability,Canadian,Associate Degree,Unrelated,Personalized,Below average,10+ years,0
1584,1,Male,30,Black,Mental health history,German,Master Degree,Unrelated,Unpersonalized,Above average,3-7 years,0
1585,1,Male,45,Black,Physical disability,German,Master Degree,Unrelated,Personalized,Below average,10+ years,0
1586,1,Male,40,Hispanic,Physical disability,Mexican,Associate Degree,Closely related,Personalized,Above average,3-7 years,0
1587,1,Non-binary,40,White,Physical disability,Canadian,Associate Degree,Somewhat related,Personalized,Average,0-2 years,0
1588,1,Male,30,Asian,Physical disability,Canadian,Bachelor Degree,Somewhat related,Personalized,Below average,10+ years,0
1589,1,Female,40,Hispanic,Physical disability,Indian,Bachelor Degree,Closely related,Personalized,Average,3-7 years,0
1590,1,Non-binary,55,Asian,Mental health history,Indian,Bachelor Degree,Somewhat related,Personalized,Average,3-7 years,0
1591,1,Non-binary,40,Black,None stated,German,Bachelor Degree,Closely related,Personalized,Below average,0-2 years,0
1592,1,Non-binary,45,Black,Mental health history,Mexican,Bachelor Degree,Unrelated,Personalized,Above average,10+ years,0
1593,1,Male,50,White,Mental health history,American,Master Degree,Somewhat related,Unpersonalized,Above average,0-2 years,0
1594,1,Female,55,Asian,Mental health history,Canadian,Bachelor Degree,Somewhat related,Unpersonalized,Average,10+ years,0
1595,1,Female,30,Black,Mental health history,Indian,Master Degree,Closely related,Personalized,Average,0-2 years,0
1596,1,Female,30,Black,None stated,Indian,Associate Degree,Somewhat related,Personalized,Below average,3-7 years,0
1597,1,Non-binary,35,White,None stated,American,Bachelor Degree,Unrelated,Personalized,Below average,10+ years,0
1598,1,Non-binary,30,White,Physical disability,Canadian,Associate Degree,Closely related,Personalized,Above average,10+ years,0
1599,1,Male,50,Hispanic,None stated,Canadian,Bachelor Degree,Unrelated,Unpersonalized,Above average,10+ years,0
1600,1,Male,30,Hispanic,Mental health history,Indian,Associate Degree,Somewhat related,Unpersonalized,Above average,3-7 years,0
1601,1,Female,40,Hispanic,Mental health history,Mexican,Bachelor Degree,Unrelated,Personalized,Above average,3-7 years,0
1602,1,Non-binary,40,Black,Mental health history,American,Associate Degree,Closely related,Personalized,Below average,10+ years,0
1603,1,Non-binary,50,White,None stated,Mexican,Associate Degree,Closely related,Unpersonalized,Above average,3-7 years,0
1604,1,Female,45,Asian,Physical disability,German,Associate Degree,Somewhat related,Unpersonalized,Average,10+ years,0
1605,1,Female,40,Asian,Physical disability,Canadian,Bachelor Degree,Closely related,Personalized,Below average,10+ years,1
1606,1,Male,50,Black,Physical disability,Canadian,Master Degree,Closely related,Personalized,Below average,0-2 years,0
1607,1,Male,45,White,None stated,Mexican,Bachelor Degree,Unrelated,Personalized,Average,10+ years,0
1608,1,Male,40,Asian,Mental health history,Indian,Master Degree,Unrelated,Personalized,Below average,0-2 years,0
1609,1,Female,30,Black,Mental health history,German,Master Degree,Unrelated,Unpersonalized,Average,0-2 years,0
1610,1,Male,35,White,Mental health history,American,Bachelor Degree,Unrelated,Personalized,Above average,3-7 years,0
1611,1,Male,30,Asian,Physical disability,Mexican,Master Degree,Somewhat related,Unpersonalized,Above average,10+ years,0
1612,1,Non-binary,45,White,Physical disability,German,Master Degree,Closely related,Personalized,Average,3-7 years,0
1613,1,Female,55,Hispanic,None stated,American,Associate Degree,Unrelated,Personalized,Average,3-7 years,0
1614,1,Female,40,Hispanic,Physical disability,Indian,Bachelor Degree,Somewhat related,Personalized,Below average,3-7 years,0
1615,1,Male,40,Hispanic,None stated,Mexican,Master Degree,Unrelated,Personalized,Below average,3-7 years,0
1616,1,Female,30,White,Mental health history,American,Associate Degree,Unrelated,Personalized,Average,10+ years,0
1617,1,Male,50,Black,Physical disability,Indian,Associate Degree,Unrelated,Unpersonalized,Average,10+ years,0
1618,1,Male,45,White,Mental health history,Indian,Bachelor Degree,Closely related,Unpersonalized,Average,10+ years,0
1619,1,Non-binary,50,White,Mental health history,Canadian,Master Degree,Closely related,Personalized,Above average,0-2 years,1
1620,1,Non-binary,45,Black,Mental health history,Canadian,Master Degree,Closely related,Personalized,Above average,10+ years,1
1621,1,Female,55,Hispanic,None stated,Canadian,Bachelor Degree,Unrelated,Unpersonalized,Above average,10+ years,0
1622,1,Non-binary,45,White,Physical disability,American,Master Degree,Unrelated,Unpersonalized,Average,10+ years,0
1623,1,Non-binary,35,White,Physical disability,American,Bachelor Degree,Somewhat related,Personalized,Below average,0-2 years,0
1624,1,Female,45,Asian,Mental health history,Mexican,Master Degree,Unrelated,Personalized,Average,0-2 years,0
1625,1,Non-binary,45,Hispanic,Physical disability,American,Bachelor Degree,Unrelated,Unpersonalized,Below average,3-7 years,0
1626,1,Non-binary,55,Asian,None stated,Canadian,Bachelor Degree,Unrelated,Unpersonalized,Average,3-7 years,0
1627,1,Female,45,Hispanic,Physical disability,Canadian,Master Degree,Closely related,Unpersonalized,Average,0-2 years,0
1628,1,Male,30,White,Mental health history,Canadian,Bachelor Degree,Somewhat related,Personalized,Below average,3-7 years,0
1629,1,Non-binary,50,Asian,Physical disability,Canadian,Bachelor Degree,Unrelated,Personalized,Average,10+ years,0
1630,1,Female,30,Black,Physical disability,American,Master Degree,Unrelated,Unpersonalized,Below average,10+ years,0
1631,1,Male,35,Hispanic,None stated,German,Master Degree,Closely related,Unpersonalized,Above average,10+ years,1
1632,1,Male,55,Black,None stated,Indian,Master Degree,Somewhat related,Unpersonalized,Above average,3-7 years,0
1633,1,Male,30,Black,Mental health history,German,Bachelor Degree,Closely related,Personalized,Above average,3-7 years,1
1634,1,Female,45,Asian,None stated,Canadian,Associate Degree,Somewhat related,Unpersonalized,Above average,10+ years,0
1635,1,Female,50,Black,None stated,Mexican,Associate Degree,Closely related,Personalized,Average,3-7 years,0
1636,1,Non-binary,35,Hispanic,Physical disability,Canadian,Bachelor Degree,Closely related,Unpersonalized,Average,3-7 years,0
1637,1,Male,55,Black,Mental health history,Canadian,Associate Degree,Closely related,Unpersonalized,Average,3-7 years,0
1638,1,Non-binary,50,Asian,None stated,Mexican,Associate Degree,Closely related,Personalized,Above average,0-2 years,0
1639,1,Non-binary,55,Black,None stated,Canadian,Associate Degree,Somewhat related,Personalized,Above average,3-7 years,0
1640,1,Non-binary,35,Black,Mental health history,Mexican,Bachelor Degree,Closely related,Personalized,Above average,0-2 years,1
1641,1,Female,30,White,None stated,Canadian,Associate Degree,Somewhat related,Unpersonalized,Below average,0-2 years,0
1642,1,Female,45,Asian,Mental health history,American,Master Degree,Somewhat related,Unpersonalized,Below average,3-7 years,0
1643,1,Female,45,White,Mental health history,American,Master Degree,Closely related,Unpersonalized,Average,0-2 years,0
1644,1,Non-binary,30,Asian,Physical disability,Canadian,Associate Degree,Somewhat related,Personalized,Below average,3-7 years,0
1645,1,Non-binary,40,White,None stated,Indian,Master Degree,Unrelated,Unpersonalized,Above average,10+ years,0
1646,1,Male,35,Asian,None stated,Mexican,Bachelor Degree,Closely related,Personalized,Average,0-2 years,0
1647,1,Male,30,Asian,None stated,Mexican,Bachelor Degree,Unrelated,Unpersonalized,Above average,0-2 years,0
1648,1,Female,50,Hispanic,None stated,American,Bachelor Degree,Closely related,Unpersonalized,Below average,10+ years,0
1649,1,Male,40,Hispanic,Physical disability,Mexican,Associate Degree,Somewhat related,Unpersonalized,Average,10+ years,0
1650,1,Female,55,Black,Mental health history,American,Bachelor Degree,Somewhat related,Unpersonalized,Above average,0-2 years,0
1651,1,Female,50,Asian,None stated,German,Master Degree,Closely related,Unpersonalized,Below average,10+ years,0
1652,1,Non-binary,30,Hispanic,None stated,Mexican,Master Degree,Closely related,Unpersonalized,Below average,0-2 years,0
1653,1,Non-binary,50,Black,Physical disability,American,Associate Degree,Unrelated,Unpersonalized,Average,10+ years,0
1654,1,Female,45,White,None stated,Indian,Bachelor Degree,Unrelated,Unpersonalized,Average,3-7 years,0
1655,1,Female,40,Black,Mental health history,Canadian,Bachelor Degree,Somewhat related,Personalized,Average,10+ years,0
1656,1,Non-binary,50,Hispanic,Mental health history,Indian,Master Degree,Unrelated,Personalized,Average,3-7 years,0
1657,1,Male,30,Asian,Mental health history,Canadian,Master Degree,Somewhat related,Unpersonalized,Above average,3-7 years,0
1658,1,Non-binary,30,White,None stated,Canadian,Bachelor Degree,Unrelated,Unpersonalized,Above average,3-7 years,0
1659,1,Non-binary,40,Asian,Physical disability,German,Master Degree,Closely related,Personalized,Above average,3-7 years,1
1660,1,Male,40,White,None stated,Canadian,Bachelor Degree,Unrelated,Unpersonalized,Below average,10+ years,0
1661,1,Male,45,Hispanic,Physical disability,Mexican,Bachelor Degree,Unrelated,Unpersonalized,Above average,3-7 years,0
1662,1,Male,55,White,Mental health history,Indian,Master Degree,Somewhat related,Personalized,Below average,3-7 years,0
1663,1,Non-binary,55,Hispanic,Physical disability,American,Associate Degree,Closely related,Personalized,Below average,0-2 years,0
1664,1,Female,35,Hispanic,Physical disability,Mexican,Master Degree,Closely related,Personalized,Below average,10+ years,1
1665,1,Non-binary,35,Hispanic,Physical disability,Canadian,Bachelor Degree,Closely related,Personalized,Below average,3-7 years,0
1666,1,Female,40,Hispanic,Physical disability,Mexican,Associate Degree,Somewhat related,Unpersonalized,Average,3-7 years,0
1667,1,Non-binary,45,Black,None stated,German,Bachelor Degree,Unrelated,Personalized,Average,0-2 years,0
1668,1,Non-binary,40,White,Mental health history,Canadian,Associate Degree,Somewhat related,Personalized,Average,3-7 years,0
1669,1,Female,40,Hispanic,Mental health history,German,Bachelor Degree,Unrelated,Personalized,Average,10+ years,0
1670,1,Female,30,Asian,Mental health history,Canadian,Master Degree,Somewhat related,Personalized,Average,0-2 years,0
1671,1,Female,55,Hispanic,None stated,Mexican,Master Degree,Closely related,Unpersonalized,Below average,3-7 years,0
1672,1,Female,30,White,Mental health history,American,Bachelor Degree,Closely related,Personalized,Above average,3-7 years,1
1673,1,Male,45,White,Physical disability,German,Master Degree,Closely related,Personalized,Above average,0-2 years,1
1674,1,Male,35,Hispanic,Mental health history,Indian,Associate Degree,Somewhat related,Personalized,Average,10+ years,0
1675,1,Male,30,Hispanic,Mental health history,Canadian,Master Degree,Somewhat related,Unpersonalized,Below average,10+ years,0
1676,1,Male,35,Black,Mental health history,German,Associate Degree,Unrelated,Unpersonalized,Average,3-7 years,0
1677,1,Female,55,Hispanic,None stated,Indian,Master Degree,Somewhat related,Unpersonalized,Above average,10+ years,1
1678,1,Female,35,White,Physical disability,Mexican,Bachelor Degree,Somewhat related,Personalized,Below average,0-2 years,0
1679,1,Male,45,Asian,None stated,American,Associate Degree,Closely related,Unpersonalized,Below average,3-7 years,0
1680,1,Female,35,White,None stated,Canadian,Master Degree,Somewhat related,Unpersonalized,Below average,10+ years,0
1681,1,Female,35,Hispanic,None stated,Mexican,Master Degree,Unrelated,Unpersonalized,Above average,10+ years,0
1682,1,Female,50,Hispanic,Mental health history,Canadian,Associate Degree,Closely related,Unpersonalized,Below average,3-7 years,0
1683,1,Female,40,Black,Physical disability,Mexican,Bachelor Degree,Somewhat related,Personalized,Below average,3-7 years,0
1684,1,Female,35,Hispanic,None stated,American,Associate Degree,Somewhat related,Unpersonalized,Above average,10+ years,0
1685,1,Female,40,Hispanic,Physical disability,American,Master Degree,Closely related,Personalized,Below average,10+ years,0
1686,1,Male,50,White,Physical disability,Indian,Associate Degree,Unrelated,Personalized,Average,0-2 years,0
1687,1,Male,50,Asian,Mental health history,German,Master Degree,Somewhat related,Unpersonalized,Below average,0-2 years,0
1688,1,Non-binary,35,Asian,Physical disability,German,Master Degree,Unrelated,Unpersonalized,Below average,10+ years,0
1689,1,Non-binary,45,Hispanic,Physical disability,Canadian,Associate Degree,Somewhat related,Unpersonalized,Average,10+ years,0
1690,1,Non-binary,40,Hispanic,None stated,American,Associate Degree,Somewhat related,Unpersonalized,Below average,10+ years,0
1691,1,Non-binary,45,Asian,None stated,Indian,Associate Degree,Unrelated,Personalized,Above average,3-7 years,0
1692,1,Male,35,White,Mental health history,Mexican,Associate Degree,Unrelated,Personalized,Below average,3-7 years,0
1693,1,Female,30,White,Mental health history,German,Master Degree,Closely related,Unpersonalized,Below average,0-2 years,0
1694,1,Non-binary,35,Asian,Physical disability,Indian,Master Degree,Closely related,Unpersonalized,Average,0-2 years,0
1695,1,Female,40,Asian,Mental health history,German,Master Degree,Somewhat related,Personalized,Below average,10+ years,1
1696,1,Non-binary,30,Hispanic,Mental health history,Indian,Associate Degree,Closely related,Unpersonalized,Average,10+ years,0
1697,1,Female,50,White,Physical disability,Canadian,Bachelor Degree,Somewhat related,Unpersonalized,Below average,10+ years,0
1698,1,Non-binary,40,Asian,Physical disability,Indian,Bachelor Degree,Closely related,Personalized,Below average,10+ years,1
1699,1,Female,30,Black,Physical disability,Mexican,Associate Degree,Unrelated,Personalized,Below average,3-7 years,0
1700,1,Female,50,White,Mental health history,Indian,Bachelor Degree,Unrelated,Personalized,Below average,0-2 years,0
1701,1,Male,55,Hispanic,Physical disability,Mexican,Master Degree,Closely related,Personalized,Above average,0-2 years,1
1702,1,Non-binary,30,White,Physical disability,Mexican,Associate Degree,Closely related,Unpersonalized,Above average,10+ years,0
1703,1,Female,50,Hispanic,Mental health history,Canadian,Master Degree,Somewhat related,Unpersonalized,Above average,10+ years,0
1704,1,Non-binary,40,White,None stated,Mexican,Bachelor Degree,Unrelated,Unpersonalized,Average,3-7 years,0
1705,1,Female,50,Black,None stated,American,Master Degree,Closely related,Personalized,Average,3-7 years,1
1706,1,Female,50,Hispanic,None stated,German,Associate Degree,Unrelated,Unpersonalized,Above average,0-2 years,0
1707,1,Female,30,Hispanic,Mental health history,Mexican,Bachelor Degree,Unrelated,Unpersonalized,Average,0-2 years,0
1708,1,Male,35,Black,None stated,German,Master Degree,Unrelated,Personalized,Above average,10+ years,1
1709,1,Male,50,Black,Physical disability,American,Associate Degree,Somewhat related,Personalized,Above average,3-7 years,0
1710,1,Non-binary,55,Hispanic,Mental health history,Mexican,Bachelor Degree,Somewhat related,Unpersonalized,Average,0-2 years,0
1711,1,Female,35,Black,Physical disability,Indian,Master Degree,Closely related,Unpersonalized,Below average,10+ years,0
1712,1,Non-binary,40,Black,Mental health history,Mexican,Associate Degree,Unrelated,Unpersonalized,Below average,3-7 years,0
1713,1,Male,30,Hispanic,None stated,American,Bachelor Degree,Somewhat related,Unpersonalized,Above average,0-2 years,0
1714,1,Non-binary,35,White,Physical disability,American,Master Degree,Closely related,Unpersonalized,Average,0-2 years,0
1715,1,Male,35,White,Physical disability,German,Master Degree,Closely related,Personalized,Above average,10+ years,1
1716,1,Female,45,Hispanic,Physical disability,American,Master Degree,Somewhat related,Personalized,Average,10+ years,0
1717,1,Male,40,Asian,None stated,American,Master Degree,Closely related,Personalized,Above average,10+ years,1
1718,1,Male,40,Asian,Mental health history,American,Bachelor Degree,Somewhat related,Unpersonalized,Average,3-7 years,0
1719,1,Non-binary,55,White,Mental health history,American,Associate Degree,Closely related,Unpersonalized,Above average,0-2 years,0
1720,1,Female,35,Hispanic,None stated,Canadian,Master Degree,Unrelated,Personalized,Below average,10+ years,0
1721,1,Male,30,Black,Physical disability,Indian,Master Degree,Closely related,Personalized,Average,3-7 years,1
1722,1,Female,40,Asian,None stated,Canadian,Master Degree,Unrelated,Unpersonalized,Average,3-7 years,0
1723,1,Female,35,White,Mental health history,Mexican,Associate Degree,Unrelated,Personalized,Below average,0-2 years,0
1724,1,Male,45,Black,Mental health history,German,Associate Degree,Somewhat related,Personalized,Average,0-2 years,0
1725,1,Non-binary,30,Asian,None stated,Indian,Master Degree,Unrelated,Personalized,Average,3-7 years,0
1726,1,Male,35,White,None stated,German,Master Degree,Unrelated,Personalized,Below average,0-2 years,0
1727,1,Female,30,Hispanic,Mental health history,Canadian,Bachelor Degree,Somewhat related,Personalized,Above average,10+ years,1
1728,1,Female,55,Hispanic,None stated,American,Master Degree,Unrelated,Unpersonalized,Above average,3-7 years,0
1729,1,Female,45,Hispanic,Physical disability,Indian,Master Degree,Unrelated,Unpersonalized,Below average,10+ years,0
1730,1,Non-binary,50,Hispanic,Physical disability,American,Associate Degree,Unrelated,Unpersonalized,Average,0-2 years,0
1731,1,Male,55,Asian,Physical disability,Canadian,Associate Degree,Unrelated,Personalized,Above average,10+ years,0
1732,1,Non-binary,30,White,None stated,Indian,Associate Degree,Somewhat related,Personalized,Above average,10+ years,0
1733,1,Female,55,Asian,None stated,German,Associate Degree,Closely related,Personalized,Below average,3-7 years,0
1734,1,Non-binary,40,Black,Physical disability,German,Master Degree,Somewhat related,Personalized,Above average,10+ years,0
1735,1,Female,30,Black,None stated,Canadian,Associate Degree,Closely related,Unpersonalized,Below average,0-2 years,0
1736,1,Male,35,Asian,Mental health history,Mexican,Master Degree,Unrelated,Unpersonalized,Below average,0-2 years,0
1737,1,Non-binary,40,Hispanic,Physical disability,Indian,Master Degree,Somewhat related,Personalized,Above average,3-7 years,1
1738,1,Female,50,Asian,None stated,Mexican,Master Degree,Unrelated,Personalized,Average,0-2 years,0
1739,1,Non-binary,45,White,Mental health history,Mexican,Bachelor Degree,Closely related,Personalized,Average,10+ years,1
1740,1,Non-binary,55,Hispanic,Physical disability,Canadian,Bachelor Degree,Closely related,Unpersonalized,Above average,0-2 years,0
1741,1,Non-binary,45,Black,Mental health history,Indian,Associate Degree,Closely related,Personalized,Above average,3-7 years,1
1742,1,Male,35,White,None stated,Mexican,Associate Degree,Somewhat related,Unpersonalized,Below average,0-2 years,0
1743,1,Male,45,Asian,None stated,Mexican,Bachelor Degree,Closely related,Personalized,Average,10+ years,1
1744,1,Male,55,Hispanic,None stated,German,Associate Degree,Somewhat related,Personalized,Average,10+ years,0
1745,1,Female,35,Asian,Physical disability,American,Bachelor Degree,Somewhat related,Personalized,Below average,10+ years,0
1746,1,Non-binary,50,Asian,None stated,American,Associate Degree,Closely related,Personalized,Above average,10+ years,1
1747,1,Female,35,Asian,None stated,Indian,Master Degree,Closely related,Personalized,Average,3-7 years,1
1748,1,Non-binary,40,White,Physical disability,Indian,Master Degree,Somewhat related,Unpersonalized,Above average,3-7 years,0
1749,1,Male,30,Hispanic,None stated,American,Bachelor Degree,Unrelated,Unpersonalized,Above average,3-7 years,0
1750,1,Non-binary,55,White,Physical disability,Mexican,Bachelor Degree,Unrelated,Personalized,Average,10+ years,0
1751,1,Female,30,Black,Mental health history,Mexican,Bachelor Degree,Somewhat related,Personalized,Average,0-2 years,0
1752,1,Female,30,Hispanic,Mental health history,Mexican,Bachelor Degree,Closely related,Unpersonalized,Below average,3-7 years,0
1753,1,Female,55,Hispanic,None stated,Mexican,Master Degree,Somewhat related,Personalized,Below average,0-2 years,0
1754,1,Non-binary,35,Asian,None stated,German,Bachelor Degree,Somewhat related,Personalized,Below average,0-2 years,0
1755,1,Female,55,Asian,None stated,Canadian,Associate Degree,Somewhat related,Unpersonalized,Above average,3-7 years,0
1756,1,Female,50,Black,Mental health history,American,Associate Degree,Unrelated,Unpersonalized,Below average,3-7 years,0
1757,1,Female,40,Hispanic,None stated,Canadian,Bachelor Degree,Closely related,Unpersonalized,Above average,0-2 years,0
1758,1,Non-binary,30,Hispanic,None stated,American,Bachelor Degree,Closely related,Personalized,Below average,0-2 years,0
1759,1,Male,40,Asian,Mental health history,Mexican,Master Degree,Unrelated,Unpersonalized,Above average,10+ years,0
1760,1,Female,35,Black,Mental health history,Indian,Bachelor Degree,Unrelated,Unpersonalized,Above average,10+ years,0
1761,1,Male,50,Asian,Physical disability,Canadian,Associate Degree,Unrelated,Personalized,Average,10+ years,0
1762,1,Male,30,Asian,Mental health history,Canadian,Master Degree,Unrelated,Unpersonalized,Average,0-2 years,0
1763,1,Non-binary,55,Black,Physical disability,German,Bachelor Degree,Somewhat related,Unpersonalized,Above average,10+ years,0
1764,1,Female,55,White,Mental health history,Mexican,Associate Degree,Somewhat related,Unpersonalized,Above average,0-2 years,0
1765,1,Female,40,White,Physical disability,Indian,Master Degree,Closely related,Unpersonalized,Above average,0-2 years,0
1766,1,Male,35,Asian,Mental health history,Mexican,Associate Degree,Somewhat related,Unpersonalized,Average,3-7 years,0
1767,1,Male,50,Asian,Mental health history,Indian,Bachelor Degree,Somewhat related,Personalized,Below average,3-7 years,0
1768,1,Non-binary,45,White,None stated,German,Associate Degree,Unrelated,Unpersonalized,Below average,10+ years,0
1769,1,Female,55,Black,Mental health history,German,Bachelor Degree,Somewhat related,Unpersonalized,Average,3-7 years,0
1770,1,Female,40,White,Physical disability,Indian,Bachelor Degree,Closely related,Unpersonalized,Average,3-7 years,0
1771,1,Female,40,Asian,Mental health history,German,Associate Degree,Unrelated,Unpersonalized,Below average,3-7 years,0
1772,1,Male,40,Black,Physical disability,German,Master Degree,Closely related,Personalized,Above average,0-2 years,1
1773,1,Non-binary,35,Hispanic,Physical disability,American,Bachelor Degree,Somewhat related,Unpersonalized,Below average,3-7 years,0
1774,1,Non-binary,40,Black,None stated,German,Associate Degree,Unrelated,Personalized,Average,10+ years,0
1775,1,Male,30,Asian,Mental health history,Mexican,Master Degree,Somewhat related,Personalized,Below average,10+ years,0
1776,1,Non-binary,45,Hispanic,Mental health history,Canadian,Master Degree,Unrelated,Personalized,Below average,3-7 years,0
1777,1,Non-binary,55,Asian,Mental health history,American,Master Degree,Unrelated,Unpersonalized,Above average,0-2 years,0
1778,1,Female,35,Asian,None stated,Canadian,Master Degree,Unrelated,Unpersonalized,Above average,10+ years,0
1779,1,Female,40,Hispanic,Physical disability,Canadian,Associate Degree,Somewhat related,Unpersonalized,Average,0-2 years,0
1780,1,Male,45,White,Physical disability,American,Associate Degree,Somewhat related,Unpersonalized,Above average,3-7 years,0
1781,1,Male,35,Asian,Mental health history,Canadian,Master Degree,Somewhat related,Personalized,Average,10+ years,0
1782,1,Male,40,White,Physical disability,Mexican,Master Degree,Somewhat related,Unpersonalized,Below average,0-2 years,0
1783,1,Non-binary,30,Black,Physical disability,Canadian,Associate Degree,Unrelated,Personalized,Below average,3-7 years,0
1784,1,Female,50,Asian,Mental health history,Indian,Master Degree,Closely related,Personalized,Above average,10+ years,1
1785,1,Non-binary,30,Hispanic,Mental health history,American,Master Degree,Unrelated,Personalized,Above average,3-7 years,0
1786,1,Non-binary,40,Black,Mental health history,German,Bachelor Degree,Somewhat related,Personalized,Average,10+ years,0
1787,1,Non-binary,30,Asian,None stated,American,Bachelor Degree,Unrelated,Unpersonalized,Above average,3-7 years,0
1788,1,Non-binary,45,White,None stated,American,Bachelor Degree,Closely related,Unpersonalized,Below average,10+ years,0
1789,1,Non-binary,40,Black,Physical disability,Indian,Master Degree,Somewhat related,Personalized,Above average,10+ years,1
1790,1,Male,40,White,None stated,Canadian,Master Degree,Closely related,Unpersonalized,Average,10+ years,0
1791,1,Female,55,Hispanic,Physical disability,Mexican,Bachelor Degree,Somewhat related,Unpersonalized,Average,3-7 years,0
1792,1,Male,35,Asian,Physical disability,Mexican,Bachelor Degree,Somewhat related,Personalized,Below average,0-2 years,0
1793,1,Female,40,Black,None stated,American,Master Degree,Closely related,Unpersonalized,Above average,0-2 years,0
1794,1,Female,45,Asian,Physical disability,Mexican,Bachelor Degree,Somewhat related,Unpersonalized,Above average,3-7 years,0
1795,1,Male,35,Black,None stated,American,Associate Degree,Unrelated,Unpersonalized,Above average,0-2 years,0
1796,1,Non-binary,40,Black,None stated,Canadian,Master Degree,Closely related,Unpersonalized,Below average,3-7 years,0
1797,1,Non-binary,50,Black,None stated,American,Associate Degree,Unrelated,Personalized,Below average,3-7 years,0
1798,1,Female,35,Hispanic,Physical disability,American,Bachelor Degree,Closely related,Personalized,Average,3-7 years,0
1799,1,Female,30,Asian,Physical disability,Mexican,Bachelor Degree,Unrelated,Personalized,Average,3-7 years,0
1800,1,Male,50,Hispanic,Physical disability,Canadian,Associate Degree,Somewhat related,Unpersonalized,Average,3-7 years,0
1801,1,Non-binary,55,Asian,Mental health history,Canadian,Master Degree,Closely related,Personalized,Average,0-2 years,0
1802,1,Female,40,Black,None stated,Mexican,Master Degree,Unrelated,Personalized,Average,0-2 years,0
1803,1,Female,55,Black,None stated,Indian,Bachelor Degree,Closely related,Personalized,Above average,3-7 years,0
1804,1,Non-binary,40,White,Mental health history,Mexican,Associate Degree,Closely related,Personalized,Average,10+ years,0
1805,1,Non-binary,35,Hispanic,Mental health history,American,Associate Degree,Closely related,Unpersonalized,Above average,10+ years,0
1806,1,Non-binary,55,White,None stated,German,Associate Degree,Closely related,Unpersonalized,Above average,10+ years,0
1807,1,Male,30,Asian,None stated,Canadian,Associate Degree,Somewhat related,Unpersonalized,Below average,10+ years,0
1808,1,Female,40,Asian,None stated,Canadian,Bachelor Degree,Closely related,Unpersonalized,Below average,3-7 years,0
1809,1,Female,45,White,Physical disability,Mexican,Master Degree,Closely related,Personalized,Average,10+ years,1
1810,1,Male,45,Asian,None stated,German,Master Degree,Closely related,Personalized,Average,10+ years,1
1811,1,Male,45,Hispanic,None stated,German,Bachelor Degree,Somewhat related,Personalized,Above average,0-2 years,0
1812,1,Male,55,Hispanic,Mental health history,Mexican,Master Degree,Somewhat related,Personalized,Average,0-2 years,0
1813,1,Non-binary,30,Hispanic,Mental health history,German,Associate Degree,Unrelated,Personalized,Below average,10+ years,0
1814,1,Male,40,Asian,Mental health history,Mexican,Associate Degree,Somewhat related,Personalized,Average,0-2 years,0
1815,1,Female,55,Black,Mental health history,Mexican,Bachelor Degree,Closely related,Personalized,Average,3-7 years,0
1816,1,Female,45,White,None stated,Indian,Bachelor Degree,Somewhat related,Unpersonalized,Average,0-2 years,0
1817,1,Male,35,Hispanic,Physical disability,American,Bachelor Degree,Somewhat related,Personalized,Below average,0-2 years,0
1818,1,Male,55,White,Physical disability,Canadian,Master Degree,Closely related,Personalized,Below average,0-2 years,0
1819,1,Male,30,Black,Physical disability,Mexican,Associate Degree,Somewhat related,Personalized,Below average,3-7 years,0
1820,1,Male,55,Hispanic,Mental health history,German,Bachelor Degree,Unrelated,Unpersonalized,Below average,3-7 years,0
1821,1,Non-binary,40,White,None stated,American,Associate Degree,Unrelated,Personalized,Below average,0-2 years,0
1822,1,Female,45,Hispanic,Mental health history,German,Associate Degree,Closely related,Unpersonalized,Above average,0-2 years,0
1823,1,Non-binary,50,White,Physical disability,German,Master Degree,Closely related,Personalized,Above average,0-2 years,1
1824,1,Non-binary,50,Asian,Physical disability,German,Bachelor Degree,Unrelated,Unpersonalized,Average,0-2 years,0
1825,1,Female,45,Asian,None stated,Mexican,Master Degree,Closely related,Unpersonalized,Average,10+ years,0
1826,1,Male,35,Hispanic,Physical disability,Canadian,Associate Degree,Unrelated,Unpersonalized,Above average,0-2 years,0
1827,1,Female,55,Asian,Mental health history,American,Bachelor Degree,Somewhat related,Personalized,Below average,3-7 years,0
1828,1,Female,55,Asian,None stated,Canadian,Master Degree,Unrelated,Unpersonalized,Above average,3-7 years,0
1829,1,Female,30,Hispanic,None stated,Canadian,Bachelor Degree,Somewhat related,Personalized,Above average,10+ years,1
1830,1,Female,55,Black,Mental health history,American,Master Degree,Closely related,Unpersonalized,Below average,10+ years,0
1831,1,Female,40,Hispanic,Mental health history,American,Associate Degree,Unrelated,Personalized,Above average,10+ years,0
1832,1,Male,35,Black,None stated,Canadian,Bachelor Degree,Closely related,Personalized,Average,3-7 years,1
1833,1,Female,55,White,None stated,Mexican,Bachelor Degree,Closely related,Unpersonalized,Below average,10+ years,0
1834,1,Male,35,White,Physical disability,American,Bachelor Degree,Somewhat related,Unpersonalized,Below average,3-7 years,0
1835,1,Male,35,Black,Mental health history,Indian,Bachelor Degree,Unrelated,Personalized,Below average,3-7 years,0
1836,1,Female,45,Asian,Physical disability,German,Bachelor Degree,Somewhat related,Unpersonalized,Average,0-2 years,0
1837,1,Male,45,Black,None stated,Indian,Bachelor Degree,Somewhat related,Unpersonalized,Below average,0-2 years,0
1838,1,Female,40,White,Physical disability,Indian,Associate Degree,Unrelated,Personalized,Below average,3-7 years,0
1839,1,Female,35,Hispanic,Mental health history,American,Master Degree,Unrelated,Personalized,Above average,3-7 years,0
1840,1,Female,40,Black,None stated,Canadian,Master Degree,Unrelated,Unpersonalized,Below average,0-2 years,0
1841,1,Non-binary,45,Black,None stated,American,Bachelor Degree,Somewhat related,Unpersonalized,Below average,10+ years,0
1842,1,Non-binary,50,Hispanic,Mental health history,Canadian,Associate Degree,Unrelated,Unpersonalized,Below average,0-2 years,0
1843,1,Male,50,Asian,None stated,Canadian,Master Degree,Closely related,Unpersonalized,Average,0-2 years,0
1844,1,Female,50,Black,Physical disability,Indian,Master Degree,Somewhat related,Personalized,Above average,10+ years,1
1845,1,Male,55,White,Mental health history,Indian,Bachelor Degree,Closely related,Unpersonalized,Below average,10+ years,0
1846,1,Female,50,Black,Mental health history,Indian,Bachelor Degree,Unrelated,Personalized,Average,10+ years,0
1847,1,Male,35,Asian,Physical disability,Canadian,Master Degree,Somewhat related,Unpersonalized,Average,0-2 years,0
1848,1,Non-binary,30,Asian,Mental health history,American,Master Degree,Unrelated,Unpersonalized,Above average,0-2 years,0
1849,1,Non-binary,50,Asian,None stated,Indian,Associate Degree,Somewhat related,Personalized,Above average,3-7 years,0
1850,1,Non-binary,50,Black,Mental health history,German,Master Degree,Somewhat related,Personalized,Below average,3-7 years,0
1851,1,Non-binary,45,Hispanic,Mental health history,Mexican,Associate Degree,Unrelated,Personalized,Above average,10+ years,0
1852,1,Female,50,Asian,Physical disability,American,Bachelor Degree,Somewhat related,Unpersonalized,Average,10+ years,0
1853,1,Male,50,Hispanic,Physical disability,Indian,Associate Degree,Somewhat related,Unpersonalized,Average,0-2 years,0
1854,1,Male,55,Hispanic,Physical disability,German,Bachelor Degree,Somewhat related,Unpersonalized,Below average,10+ years,0
1855,1,Non-binary,30,Hispanic,Mental health history,Mexican,Associate Degree,Closely related,Unpersonalized,Average,3-7 years,0
1856,1,Female,50,Asian,Physical disability,Mexican,Master Degree,Somewhat related,Personalized,Above average,10+ years,0
1857,1,Female,50,Black,None stated,American,Master Degree,Somewhat related,Unpersonalized,Average,10+ years,0
1858,1,Female,45,White,Physical disability,Indian,Bachelor Degree,Somewhat related,Unpersonalized,Average,10+ years,0
1859,1,Non-binary,30,Black,Physical disability,German,Master Degree,Somewhat related,Unpersonalized,Above average,3-7 years,0
1860,1,Male,30,Asian,Mental health history,Indian,Master Degree,Somewhat related,Unpersonalized,Above average,3-7 years,0
1861,1,Male,30,Hispanic,Physical disability,German,Master Degree,Somewhat related,Personalized,Above average,0-2 years,0
1862,1,Non-binary,50,Black,Physical disability,German,Bachelor Degree,Closely related,Personalized,Below average,0-2 years,0
1863,1,Non-binary,30,White,Physical disability,German,Associate Degree,Closely related,Unpersonalized,Average,10+ years,0
1864,1,Non-binary,50,Black,Physical disability,American,Associate Degree,Unrelated,Unpersonalized,Above average,0-2 years,0
1865,1,Male,30,White,None stated,Canadian,Associate Degree,Unrelated,Unpersonalized,Average,3-7 years,0
1866,1,Female,55,Black,Mental health history,Mexican,Associate Degree,Closely related,Unpersonalized,Below average,3-7 years,0
1867,1,Female,30,Hispanic,None stated,Canadian,Master Degree,Closely related,Personalized,Above average,0-2 years,0
1868,1,Female,50,White,Mental health history,German,Bachelor Degree,Closely related,Personalized,Above average,3-7 years,0
1869,1,Female,55,Black,Physical disability,Mexican,Bachelor Degree,Closely related,Personalized,Average,10+ years,0
1870,1,Female,50,White,Mental health history,American,Bachelor Degree,Unrelated,Personalized,Above average,0-2 years,0
1871,1,Non-binary,30,White,None stated,Mexican,Master Degree,Unrelated,Personalized,Below average,0-2 years,0
1872,1,Non-binary,50,White,Physical disability,Indian,Bachelor Degree,Somewhat related,Unpersonalized,Below average,3-7 years,0
1873,1,Female,35,White,None stated,Mexican,Master Degree,Closely related,Unpersonalized,Above average,0-2 years,0
1874,1,Female,30,Asian,Mental health history,German,Bachelor Degree,Closely related,Unpersonalized,Above average,10+ years,0
1875,1,Female,45,White,Physical disability,Indian,Master Degree,Somewhat related,Unpersonalized,Above average,0-2 years,0
1876,1,Female,55,Black,Mental health history,German,Bachelor Degree,Closely related,Personalized,Above average,3-7 years,0
1877,1,Female,55,White,None stated,Indian,Bachelor Degree,Somewhat related,Unpersonalized,Below average,0-2 years,0
1878,1,Non-binary,30,Asian,Physical disability,German,Master Degree,Closely related,Unpersonalized,Average,0-2 years,0
1879,1,Female,50,Asian,Physical disability,American,Bachelor Degree,Closely related,Personalized,Below average,3-7 years,0
1880,1,Female,40,White,Physical disability,American,Associate Degree,Closely related,Personalized,Below average,10+ years,0
1881,1,Female,45,White,Physical disability,American,Master Degree,Closely related,Personalized,Below average,3-7 years,0
1882,1,Female,55,Hispanic,Mental health history,Canadian,Associate Degree,Closely related,Unpersonalized,Below average,10+ years,0
1883,1,Male,30,Asian,Mental health history,Indian,Associate Degree,Closely related,Personalized,Average,10+ years,0
1884,1,Non-binary,50,Hispanic,Physical disability,Indian,Master Degree,Unrelated,Unpersonalized,Below average,0-2 years,0
1885,1,Female,30,Black,Mental health history,Indian,Bachelor Degree,Unrelated,Personalized,Average,3-7 years,0
1886,1,Female,50,Hispanic,Mental health history,Indian,Master Degree,Closely related,Unpersonalized,Average,3-7 years,0
1887,1,Female,50,Hispanic,Mental health history,Mexican,Associate Degree,Unrelated,Personalized,Average,10+ years,0
1888,1,Non-binary,40,Black,Mental health history,Mexican,Master Degree,Closely related,Unpersonalized,Below average,10+ years,0
1889,1,Female,55,Asian,Physical disability,Indian,Associate Degree,Unrelated,Personalized,Average,10+ years,0
1890,1,Non-binary,30,Asian,None stated,Canadian,Master Degree,Somewhat related,Personalized,Above average,3-7 years,1
1891,1,Male,55,Asian,None stated,German,Master Degree,Somewhat related,Unpersonalized,Above average,3-7 years,0
1892,1,Female,45,White,Physical disability,German,Bachelor Degree,Somewhat related,Personalized,Above average,10+ years,0
1893,1,Male,45,Hispanic,Physical disability,American,Bachelor Degree,Somewhat related,Personalized,Average,10+ years,1
1894,1,Non-binary,50,Hispanic,None stated,Indian,Master Degree,Somewhat related,Personalized,Average,0-2 years,0
1895,1,Female,35,White,Physical disability,American,Bachelor Degree,Closely related,Unpersonalized,Below average,10+ years,0
1896,1,Female,55,Black,Physical disability,Mexican,Associate Degree,Somewhat related,Unpersonalized,Above average,3-7 years,0
1897,1,Male,30,Hispanic,Mental health history,American,Bachelor Degree,Closely related,Personalized,Below average,3-7 years,0
1898,1,Female,30,Asian,None stated,German,Master Degree,Somewhat related,Unpersonalized,Above average,10+ years,0
1899,1,Non-binary,50,White,Mental health history,German,Associate Degree,Closely related,Unpersonalized,Average,10+ years,0
1900,1,Non-binary,50,Black,Mental health history,American,Master Degree,Closely related,Personalized,Average,10+ years,1
1901,1,Male,55,Asian,Mental health history,Indian,Associate Degree,Closely related,Personalized,Above average,3-7 years,0
1902,1,Female,45,Hispanic,Mental health history,German,Bachelor Degree,Unrelated,Unpersonalized,Above average,0-2 years,0
1903,1,Female,40,Black,Physical disability,German,Associate Degree,Unrelated,Unpersonalized,Below average,0-2 years,0
1904,1,Female,55,White,Mental health history,Indian,Bachelor Degree,Somewhat related,Personalized,Above average,10+ years,0
1905,1,Female,55,Asian,Mental health history,Indian,Master Degree,Unrelated,Personalized,Below average,0-2 years,0
1906,1,Female,45,Asian,Mental health history,German,Bachelor Degree,Unrelated,Personalized,Average,3-7 years,0
1907,1,Male,50,White,Physical disability,Mexican,Associate Degree,Somewhat related,Personalized,Above average,0-2 years,0
1908,1,Male,40,Black,Mental health history,German,Associate Degree,Closely related,Unpersonalized,Below average,0-2 years,0
1909,1,Male,55,Hispanic,Mental health history,American,Associate Degree,Unrelated,Personalized,Above average,3-7 years,0
1910,1,Male,30,Hispanic,Physical disability,American,Master Degree,Somewhat related,Personalized,Above average,0-2 years,0
1911,1,Non-binary,45,White,Physical disability,Canadian,Master Degree,Unrelated,Unpersonalized,Average,3-7 years,0
1912,1,Non-binary,35,White,Physical disability,German,Master Degree,Unrelated,Unpersonalized,Above average,10+ years,0
1913,1,Female,55,Black,None stated,Canadian,Master Degree,Closely related,Unpersonalized,Average,0-2 years,0
1914,1,Female,45,Black,Physical disability,Indian,Associate Degree,Somewhat related,Unpersonalized,Above average,3-7 years,0
1915,1,Male,40,Asian,Mental health history,Mexican,Associate Degree,Closely related,Personalized,Above average,0-2 years,0
1916,1,Non-binary,40,Hispanic,Physical disability,American,Associate Degree,Somewhat related,Unpersonalized,Average,3-7 years,0
1917,1,Female,45,Black,Physical disability,American,Master Degree,Closely related,Unpersonalized,Average,0-2 years,0
1918,1,Male,35,Black,Mental health history,German,Master Degree,Somewhat related,Personalized,Below average,3-7 years,0
1919,1,Male,50,Black,Mental health history,Mexican,Bachelor Degree,Closely related,Personalized,Below average,0-2 years,0
1920,1,Male,40,Asian,None stated,Mexican,Associate Degree,Somewhat related,Unpersonalized,Above average,0-2 years,0
1921,1,Male,55,Black,None stated,American,Associate Degree,Closely related,Personalized,Below average,10+ years,0
1922,1,Female,35,Black,None stated,American,Associate Degree,Unrelated,Personalized,Average,3-7 years,0
1923,1,Male,50,Asian,Physical disability,American,Master Degree,Unrelated,Unpersonalized,Above average,3-7 years,0
1924,1,Non-binary,40,Black,Physical disability,American,Master Degree,Closely related,Unpersonalized,Below average,10+ years,0
1925,1,Non-binary,35,Asian,Mental health history,Indian,Master Degree,Closely related,Unpersonalized,Average,3-7 years,0
1926,1,Female,55,Asian,Physical disability,American,Associate Degree,Unrelated,Unpersonalized,Above average,3-7 years,0
1927,1,Female,35,Hispanic,Physical disability,Mexican,Bachelor Degree,Somewhat related,Personalized,Above average,0-2 years,0
1928,1,Non-binary,50,Hispanic,Mental health history,Mexican,Master Degree,Unrelated,Personalized,Below average,3-7 years,0
1929,1,Female,45,Hispanic,Physical disability,American,Associate Degree,Unrelated,Unpersonalized,Above average,10+ years,0
1930,1,Male,40,White,Physical disability,Canadian,Associate Degree,Unrelated,Unpersonalized,Average,10+ years,0
1931,1,Non-binary,50,Hispanic,None stated,Indian,Associate Degree,Closely related,Unpersonalized,Below average,3-7 years,0
1932,1,Male,30,White,Mental health history,American,Associate Degree,Unrelated,Unpersonalized,Above average,10+ years,0
1933,1,Non-binary,35,Black,Physical disability,American,Bachelor Degree,Closely related,Unpersonalized,Below average,0-2 years,0
1934,1,Female,50,Hispanic,Mental health history,Canadian,Associate Degree,Closely related,Personalized,Above average,10+ years,1
1935,1,Female,50,Black,Physical disability,German,Bachelor Degree,Unrelated,Personalized,Average,10+ years,0
1936,1,Female,55,White,Physical disability,Indian,Associate Degree,Unrelated,Personalized,Above average,3-7 years,0
1937,1,Female,50,Hispanic,None stated,Canadian,Bachelor Degree,Unrelated,Personalized,Above average,0-2 years,0
1938,1,Male,45,Hispanic,Physical disability,American,Master Degree,Unrelated,Personalized,Average,10+ years,1
1939,1,Non-binary,40,Hispanic,Physical disability,American,Bachelor Degree,Unrelated,Personalized,Average,10+ years,0
1940,1,Non-binary,55,White,Physical disability,American,Bachelor Degree,Somewhat related,Personalized,Average,10+ years,0
1941,1,Non-binary,45,Hispanic,Mental health history,Indian,Master Degree,Closely related,Unpersonalized,Average,3-7 years,0
1942,1,Female,45,Asian,None stated,Canadian,Bachelor Degree,Closely related,Personalized,Above average,0-2 years,0
1943,1,Non-binary,45,Black,Mental health history,Canadian,Associate Degree,Somewhat related,Unpersonalized,Below average,10+ years,0
1944,1,Non-binary,45,Asian,Physical disability,Mexican,Associate Degree,Unrelated,Unpersonalized,Below average,3-7 years,0
1945,1,Female,30,White,Physical disability,Indian,Bachelor Degree,Closely related,Personalized,Below average,3-7 years,0
1946,1,Non-binary,50,White,Mental health history,Indian,Bachelor Degree,Unrelated,Unpersonalized,Average,3-7 years,0
1947,1,Non-binary,35,Asian,None stated,Mexican,Associate Degree,Unrelated,Personalized,Above average,10+ years,1
1948,1,Non-binary,45,White,None stated,Indian,Master Degree,Closely related,Personalized,Average,10+ years,1
1949,1,Male,40,Black,Physical disability,Indian,Master Degree,Somewhat related,Personalized,Average,3-7 years,0
1950,1,Female,35,Black,Physical disability,German,Bachelor Degree,Closely related,Unpersonalized,Above average,10+ years,0
1951,1,Male,45,Asian,Mental health history,German,Associate Degree,Closely related,Unpersonalized,Below average,10+ years,0
1952,1,Male,30,Black,None stated,German,Master Degree,Unrelated,Unpersonalized,Above average,0-2 years,0
1953,1,Male,40,White,Physical disability,Indian,Bachelor Degree,Closely related,Personalized,Average,10+ years,0
1954,1,Non-binary,45,Black,None stated,American,Bachelor Degree,Unrelated,Unpersonalized,Below average,3-7 years,0
1955,1,Male,45,Hispanic,None stated,Mexican,Bachelor Degree,Unrelated,Personalized,Below average,3-7 years,0
1956,1,Non-binary,45,Asian,Mental health history,Canadian,Associate Degree,Unrelated,Personalized,Above average,3-7 years,0
1957,1,Non-binary,55,White,Physical disability,German,Bachelor Degree,Closely related,Personalized,Average,0-2 years,0
1958,1,Non-binary,40,Hispanic,Physical disability,German,Bachelor Degree,Closely related,Personalized,Above average,3-7 years,0
1959,1,Male,35,White,Physical disability,Indian,Master Degree,Unrelated,Unpersonalized,Average,0-2 years,0
1960,1,Female,40,White,Mental health history,Mexican,Bachelor Degree,Unrelated,Unpersonalized,Below average,0-2 years,0
1961,1,Non-binary,55,Black,None stated,Mexican,Bachelor Degree,Somewhat related,Personalized,Above average,10+ years,0
1962,1,Non-binary,30,Asian,Physical disability,Canadian,Associate Degree,Unrelated,Unpersonalized,Above average,3-7 years,0
1963,1,Non-binary,45,Hispanic,Mental health history,Indian,Associate Degree,Unrelated,Unpersonalized,Average,3-7 years,0
1964,1,Male,40,Hispanic,Mental health history,American,Bachelor Degree,Unrelated,Unpersonalized,Average,10+ years,0
1965,1,Female,55,Asian,Mental health history,Indian,Bachelor Degree,Closely related,Unpersonalized,Average,3-7 years,0
1966,1,Female,50,White,None stated,German,Master Degree,Somewhat related,Personalized,Below average,0-2 years,0
1967,1,Male,40,White,None stated,American,Associate Degree,Unrelated,Unpersonalized,Below average,10+ years,0
1968,1,Non-binary,40,White,Physical disability,American,Master Degree,Unrelated,Unpersonalized,Average,3-7 years,0
1969,1,Non-binary,35,Black,Mental health history,Canadian,Associate Degree,Somewhat related,Personalized,Above average,10+ years,0
1970,1,Male,35,Asian,Physical disability,Indian,Bachelor Degree,Closely related,Unpersonalized,Above average,10+ years,0
1971,1,Non-binary,45,Black,Physical disability,Indian,Associate Degree,Closely related,Unpersonalized,Average,0-2 years,0
1972,1,Non-binary,50,Asian,Physical disability,Canadian,Associate Degree,Unrelated,Personalized,Above average,3-7 years,0
1973,1,Female,40,Asian,Physical disability,Indian,Master Degree,Closely related,Unpersonalized,Below average,0-2 years,0
1974,1,Non-binary,55,White,None stated,American,Associate Degree,Closely related,Personalized,Above average,3-7 years,1
1975,1,Male,45,White,None stated,Canadian,Master Degree,Somewhat related,Unpersonalized,Above average,3-7 years,0
1976,1,Male,35,Asian,Physical disability,Mexican,Master Degree,Unrelated,Unpersonalized,Above average,0-2 years,0
1977,1,Female,45,Black,Physical disability,Mexican,Bachelor Degree,Closely related,Personalized,Below average,0-2 years,0
1978,1,Male,55,White,Mental health history,Canadian,Master Degree,Somewhat related,Personalized,Average,0-2 years,0
1979,1,Male,55,Asian,Physical disability,Indian,Bachelor Degree,Closely related,Personalized,Below average,10+ years,0
1980,1,Non-binary,45,Black,Physical disability,Canadian,Associate Degree,Unrelated,Unpersonalized,Below average,10+ years,0
1981,1,Non-binary,35,White,Physical disability,Indian,Bachelor Degree,Somewhat related,Personalized,Average,0-2 years,0
1982,1,Female,55,Black,None stated,American,Associate Degree,Closely related,Personalized,Below average,10+ years,1
1983,1,Non-binary,45,White,None stated,Mexican,Bachelor Degree,Closely related,Personalized,Below average,10+ years,0
1984,1,Male,35,Black,Mental health history,German,Bachelor Degree,Unrelated,Personalized,Average,3-7 years,0
1985,1,Male,55,Asian,Mental health history,Mexican,Bachelor Degree,Unrelated,Personalized,Below average,10+ years,0
1986,1,Non-binary,40,Black,Physical disability,Mexican,Bachelor Degree,Somewhat related,Personalized,Below average,0-2 years,0
1987,1,Male,40,Hispanic,None stated,Canadian,Master Degree,Somewhat related,Personalized,Above average,0-2 years,0
1988,1,Female,40,Asian,None stated,Mexican,Bachelor Degree,Somewhat related,Personalized,Below average,3-7 years,0
1989,1,Female,30,White,Mental health history,German,Bachelor Degree,Closely related,Unpersonalized,Average,0-2 years,0
1990,1,Female,45,White,None stated,German,Associate Degree,Closely related,Personalized,Below average,3-7 years,0
1991,1,Non-binary,45,White,None stated,Canadian,Master Degree,Unrelated,Personalized,Average,0-2 years,0
1992,1,Female,45,Asian,Mental health history,Canadian,Master Degree,Somewhat related,Personalized,Above average,0-2 years,0
1993,1,Female,55,Hispanic,None stated,Canadian,Associate Degree,Closely related,Personalized,Above average,10+ years,0
1994,1,Female,40,White,Mental health history,Mexican,Master Degree,Closely related,Personalized,Above average,3-7 years,1
1995,1,Male,35,White,Mental health history,Canadian,Bachelor Degree,Unrelated,Personalized,Average,0-2 years,0
1996,1,Male,40,White,Physical disability,Indian,Bachelor Degree,Unrelated,Unpersonalized,Below average,3-7 years,0
1997,1,Female,50,Hispanic,Physical disability,Indian,Associate Degree,Somewhat related,Personalized,Below average,10+ years,0
1998,1,Non-binary,55,White,Mental health history,Canadian,Bachelor Degree,Somewhat related,Personalized,Average,10+ years,0
1999,1,Male,55,Asian,Mental health history,Mexican,Master Degree,Closely related,Personalized,Above average,10+ years,1
2000,1,Male,55,Black,None stated,German,Associate Degree,Unrelated,Unpersonalized,Average,0-2 years,0
2001,1,Female,35,Hispanic,Mental health history,Canadian,Master Degree,Somewhat related,Personalized,Above average,3-7 years,0
2002,1,Male,50,Black,None stated,Canadian,Bachelor Degree,Unrelated,Personalized,Below average,0-2 years,0
2003,1,Non-binary,40,White,None stated,Mexican,Bachelor Degree,Unrelated,Personalized,Average,10+ years,0
2004,1,Non-binary,45,Hispanic,Mental health history,Indian,Bachelor Degree,Somewhat related,Unpersonalized,Above average,3-7 years,0
2005,1,Female,50,Black,Mental health history,Mexican,Master Degree,Unrelated,Personalized,Average,3-7 years,0
2006,1,Female,45,Asian,None stated,American,Master Degree,Unrelated,Personalized,Below average,0-2 years,0
2007,1,Male,30,Asian,None stated,Canadian,Associate Degree,Closely related,Personalized,Average,0-2 years,0
2008,1,Non-binary,55,Black,None stated,Indian,Master Degree,Somewhat related,Unpersonalized,Above average,0-2 years,0
2009,1,Male,55,Hispanic,Physical disability,Canadian,Bachelor Degree,Unrelated,Unpersonalized,Below average,10+ years,0
2010,1,Female,40,Black,Physical disability,Indian,Associate Degree,Unrelated,Unpersonalized,Above average,3-7 years,0
2011,1,Non-binary,30,Asian,None stated,American,Associate Degree,Unrelated,Unpersonalized,Above average,3-7 years,0
2012,1,Female,50,Asian,None stated,Mexican,Master Degree,Unrelated,Personalized,Above average,10+ years,0
2013,1,Female,45,Asian,Mental health history,German,Master Degree,Closely related,Personalized,Below average,3-7 years,0
2014,1,Male,50,Asian,None stated,Indian,Bachelor Degree,Somewhat related,Personalized,Below average,10+ years,0
2015,1,Male,40,Hispanic,Mental health history,German,Bachelor Degree,Closely related,Unpersonalized,Average,3-7 years,0
2016,1,Male,35,Asian,Mental health history,American,Bachelor Degree,Unrelated,Unpersonalized,Above average,0-2 years,0
2017,1,Female,55,White,Physical disability,German,Master Degree,Closely related,Personalized,Above average,10+ years,1
2018,1,Male,30,Hispanic,None stated,Mexican,Associate Degree,Closely related,Unpersonalized,Average,10+ years,0
2019,1,Male,50,Asian,None stated,German,Bachelor Degree,Closely related,Personalized,Above average,10+ years,1
2020,1,Male,45,Black,Physical disability,Indian,Master Degree,Unrelated,Personalized,Below average,3-7 years,0
2021,1,Male,30,White,Physical disability,German,Master Degree,Unrelated,Personalized,Below average,3-7 years,0
2022,1,Non-binary,50,Asian,Physical disability,Indian,Bachelor Degree,Unrelated,Unpersonalized,Above average,0-2 years,0
2023,1,Non-binary,45,Asian,None stated,Mexican,Bachelor Degree,Unrelated,Personalized,Above average,10+ years,1
2024,1,Female,40,Asian,Physical disability,American,Bachelor Degree,Closely related,Personalized,Above average,0-2 years,0
2025,1,Female,40,Asian,Physical disability,German,Master Degree,Closely related,Unpersonalized,Below average,0-2 years,0
2026,1,Non-binary,50,Black,None stated,American,Master Degree,Unrelated,Unpersonalized,Average,10+ years,0
2027,1,Non-binary,40,Asian,Physical disability,German,Bachelor Degree,Closely related,Personalized,Above average,3-7 years,1
2028,1,Male,55,Black,Mental health history,German,Associate Degree,Closely related,Unpersonalized,Average,0-2 years,0
2029,1,Non-binary,55,Hispanic,None stated,Mexican,Bachelor Degree,Unrelated,Personalized,Average,3-7 years,0
2030,1,Female,40,White,None stated,Canadian,Associate Degree,Unrelated,Unpersonalized,Above average,0-2 years,0
2031,1,Male,45,Hispanic,Physical disability,Indian,Associate Degree,Somewhat related,Personalized,Below average,0-2 years,0
2032,1,Male,35,White,Mental health history,Canadian,Associate Degree,Somewhat related,Unpersonalized,Average,0-2 years,0
2033,1,Male,35,Hispanic,Physical disability,American,Master Degree,Somewhat related,Personalized,Above average,0-2 years,0
2034,1,Non-binary,50,Asian,Mental health history,German,Bachelor Degree,Somewhat related,Unpersonalized,Average,0-2 years,0
2035,1,Female,45,White,Mental health history,German,Bachelor Degree,Unrelated,Personalized,Below average,10+ years,0
2036,1,Female,45,Asian,Mental health history,German,Associate Degree,Somewhat related,Personalized,Below average,0-2 years,0
2037,1,Male,30,Black,Physical disability,Mexican,Bachelor Degree,Closely related,Personalized,Above average,3-7 years,1
2038,1,Female,35,Asian,None stated,Canadian,Associate Degree,Closely related,Personalized,Above average,0-2 years,0
2039,1,Female,40,Hispanic,Physical disability,Indian,Associate Degree,Unrelated,Personalized,Below average,0-2 years,0
2040,1,Female,55,Hispanic,Mental health history,Canadian,Master Degree,Closely related,Unpersonalized,Above average,3-7 years,0
2041,1,Male,55,Asian,Physical disability,American,Associate Degree,Somewhat related,Personalized,Below average,3-7 years,0
2042,1,Male,45,Asian,Mental health history,Mexican,Master Degree,Unrelated,Personalized,Below average,3-7 years,0
2043,1,Male,40,Black,Mental health history,Indian,Associate Degree,Somewhat related,Unpersonalized,Above average,0-2 years,0
2044,1,Female,35,White,None stated,American,Associate Degree,Unrelated,Personalized,Above average,3-7 years,0
2045,1,Female,30,Hispanic,Physical disability,German,Master Degree,Closely related,Unpersonalized,Above average,10+ years,1
2046,1,Female,50,Asian,None stated,Indian,Master Degree,Closely related,Personalized,Below average,10+ years,1
2047,1,Female,40,Asian,Physical disability,Mexican,Master Degree,Closely related,Personalized,Below average,10+ years,1
2048,1,Non-binary,50,White,None stated,American,Associate Degree,Unrelated,Personalized,Below average,0-2 years,0
2049,1,Male,40,Asian,Physical disability,American,Master Degree,Unrelated,Personalized,Average,3-7 years,0
2050,1,Non-binary,55,White,None stated,Mexican,Master Degree,Somewhat related,Personalized,Below average,0-2 years,0
2051,1,Male,30,Asian,Mental health history,Mexican,Master Degree,Somewhat related,Personalized,Average,3-7 years,0
2052,1,Female,30,Black,Physical disability,Canadian,Bachelor Degree,Unrelated,Personalized,Below average,3-7 years,0
2053,1,Female,45,Asian,Physical disability,Indian,Bachelor Degree,Somewhat related,Unpersonalized,Average,3-7 years,0
2054,1,Female,40,Black,None stated,American,Master Degree,Closely related,Unpersonalized,Average,0-2 years,0
2055,1,Male,40,White,None stated,German,Associate Degree,Closely related,Unpersonalized,Average,3-7 years,0
2056,1,Male,40,Black,Mental health history,Indian,Associate Degree,Somewhat related,Personalized,Average,3-7 years,0
2057,1,Non-binary,55,Hispanic,Mental health history,Indian,Master Degree,Unrelated,Personalized,Average,0-2 years,0
2058,1,Female,40,Asian,Mental health history,Indian,Bachelor Degree,Somewhat related,Personalized,Below average,10+ years,0
2059,1,Female,40,Asian,Mental health history,American,Bachelor Degree,Closely related,Personalized,Below average,10+ years,0
2060,1,Non-binary,30,White,Mental health history,American,Master Degree,Somewhat related,Personalized,Above average,3-7 years,1
2061,1,Male,55,Asian,None stated,Mexican,Bachelor Degree,Closely related,Personalized,Above average,3-7 years,1
2062,1,Female,45,Hispanic,None stated,Indian,Associate Degree,Somewhat related,Personalized,Above average,0-2 years,0
2063,1,Non-binary,30,Asian,Mental health history,German,Bachelor Degree,Somewhat related,Personalized,Average,3-7 years,0
2064,1,Female,55,White,Mental health history,Canadian,Associate Degree,Somewhat related,Unpersonalized,Average,3-7 years,0
2065,1,Non-binary,35,White,Mental health history,Mexican,Master Degree,Somewhat related,Unpersonalized,Below average,0-2 years,0
2066,1,Female,45,Black,Mental health history,Indian,Associate Degree,Somewhat related,Unpersonalized,Above average,0-2 years,0
2067,1,Male,55,White,Physical disability,Canadian,Associate Degree,Somewhat related,Personalized,Below average,10+ years,0
2068,1,Female,50,White,Mental health history,Indian,Bachelor Degree,Unrelated,Unpersonalized,Above average,3-7 years,0
2069,1,Male,30,Asian,Physical disability,Indian,Bachelor Degree,Unrelated,Unpersonalized,Average,0-2 years,0
2070,1,Female,45,White,Mental health history,Mexican,Associate Degree,Somewhat related,Unpersonalized,Average,0-2 years,0
2071,1,Female,55,Asian,Mental health history,American,Master Degree,Closely related,Personalized,Below average,0-2 years,0
2072,1,Male,50,Asian,None stated,Canadian,Associate Degree,Somewhat related,Unpersonalized,Average,10+ years,0
2073,1,Non-binary,50,White,None stated,American,Bachelor Degree,Unrelated,Personalized,Below average,3-7 years,0
2074,1,Male,40,Hispanic,Mental health history,American,Bachelor Degree,Unrelated,Personalized,Above average,10+ years,0
2075,1,Non-binary,55,Hispanic,Mental health history,American,Associate Degree,Unrelated,Personalized,Average,0-2 years,0
2076,1,Female,35,White,Physical disability,Indian,Master Degree,Unrelated,Personalized,Below average,0-2 years,0
2077,1,Non-binary,35,White,Mental health history,Indian,Associate Degree,Unrelated,Unpersonalized,Above average,0-2 years,0
2078,1,Male,30,Hispanic,None stated,American,Associate Degree,Unrelated,Unpersonalized,Below average,10+ years,0
2079,1,Male,35,Hispanic,None stated,American,Master Degree,Somewhat related,Unpersonalized,Below average,3-7 years,0
2080,1,Non-binary,50,Hispanic,Physical disability,German,Master Degree,Somewhat related,Unpersonalized,Below average,10+ years,0
2081,1,Female,45,Black,Mental health history,Canadian,Master Degree,Unrelated,Personalized,Below average,0-2 years,0
2082,1,Non-binary,55,Black,Mental health history,American,Bachelor Degree,Unrelated,Personalized,Below average,0-2 years,0
2083,1,Non-binary,45,Black,Mental health history,Indian,Bachelor Degree,Somewhat related,Unpersonalized,Average,0-2 years,0
2084,1,Female,50,Black,Mental health history,American,Master Degree,Closely related,Unpersonalized,Below average,10+ years,0
2085,1,Female,45,Black,Mental health history,Indian,Bachelor Degree,Closely related,Unpersonalized,Average,3-7 years,0
2086,1,Non-binary,45,White,Physical disability,Mexican,Associate Degree,Somewhat related,Personalized,Average,0-2 years,0
2087,1,Non-binary,40,White,None stated,Canadian,Master Degree,Closely related,Personalized,Above average,3-7 years,1
2088,1,Non-binary,55,White,Physical disability,Mexican,Associate Degree,Closely related,Unpersonalized,Below average,10+ years,0
2089,1,Non-binary,50,Hispanic,Mental health history,Canadian,Bachelor Degree,Unrelated,Personalized,Average,3-7 years,0
2090,1,Male,40,Black,Mental health history,Indian,Master Degree,Somewhat related,Personalized,Above average,3-7 years,0
2091,1,Female,45,Hispanic,None stated,Mexican,Associate Degree,Closely related,Unpersonalized,Below average,10+ years,0
2092,1,Non-binary,45,Asian,None stated,American,Associate Degree,Somewhat related,Unpersonalized,Below average,3-7 years,0
2093,1,Male,35,Black,Physical disability,German,Master Degree,Somewhat related,Personalized,Below average,0-2 years,0
2094,1,Male,40,White,Mental health history,American,Master Degree,Somewhat related,Personalized,Above average,3-7 years,0
2095,1,Non-binary,45,Hispanic,None stated,Canadian,Bachelor Degree,Closely related,Unpersonalized,Below average,0-2 years,0
2096,1,Non-binary,40,Black,None stated,German,Bachelor Degree,Closely related,Unpersonalized,Average,3-7 years,0
2097,1,Female,40,Hispanic,Physical disability,Mexican,Bachelor Degree,Unrelated,Unpersonalized,Above average,10+ years,0
2098,1,Male,30,White,None stated,Canadian,Bachelor Degree,Unrelated,Personalized,Average,0-2 years,0
2099,1,Male,55,Black,Physical disability,German,Bachelor Degree,Closely related,Unpersonalized,Above average,10+ years,0
2100,1,Male,40,Asian,None stated,Indian,Bachelor Degree,Unrelated,Unpersonalized,Above average,10+ years,0
2101,1,Male,55,Black,Mental health history,Indian,Bachelor Degree,Closely related,Personalized,Average,0-2 years,0
2102,1,Female,35,Asian,Mental health history,American,Bachelor Degree,Somewhat related,Personalized,Average,10+ years,1
2103,1,Non-binary,45,Hispanic,Physical disability,Canadian,Associate Degree,Somewhat related,Personalized,Average,3-7 years,0
2104,1,Female,35,White,None stated,Indian,Bachelor Degree,Closely related,Unpersonalized,Above average,10+ years,1
2105,1,Female,30,Hispanic,None stated,American,Master Degree,Closely related,Personalized,Average,0-2 years,0
2106,1,Male,50,Asian,Mental health history,American,Bachelor Degree,Closely related,Unpersonalized,Average,0-2 years,0
2107,1,Non-binary,50,Asian,None stated,Mexican,Master Degree,Unrelated,Personalized,Below average,10+ years,0
2108,1,Non-binary,50,Hispanic,None stated,German,Associate Degree,Somewhat related,Unpersonalized,Below average,0-2 years,0
2109,1,Non-binary,50,Asian,None stated,Mexican,Master Degree,Somewhat related,Personalized,Below average,0-2 years,0
2110,1,Non-binary,30,Hispanic,Physical disability,American,Master Degree,Unrelated,Unpersonalized,Above average,10+ years,0
2111,1,Non-binary,55,Black,Mental health history,American,Bachelor Degree,Somewhat related,Unpersonalized,Above average,0-2 years,0
2112,1,Male,55,White,Mental health history,Mexican,Bachelor Degree,Closely related,Personalized,Below average,3-7 years,0
2113,1,Non-binary,55,White,None stated,Indian,Bachelor Degree,Somewhat related,Unpersonalized,Above average,3-7 years,0
2114,1,Male,50,White,Physical disability,German,Associate Degree,Closely related,Personalized,Average,0-2 years,0
2115,1,Male,30,Asian,None stated,German,Bachelor Degree,Closely related,Personalized,Average,10+ years,1
2116,1,Female,35,Asian,Physical disability,Mexican,Master Degree,Closely related,Unpersonalized,Below average,0-2 years,0
2117,1,Female,30,Black,Physical disability,Canadian,Bachelor Degree,Closely related,Unpersonalized,Below average,3-7 years,0
2118,1,Non-binary,55,Asian,Physical disability,Canadian,Bachelor Degree,Somewhat related,Personalized,Below average,3-7 years,0
2119,1,Non-binary,50,Asian,Physical disability,American,Bachelor Degree,Somewhat related,Personalized,Average,10+ years,0
2120,1,Non-binary,30,White,None stated,Indian,Associate Degree,Closely related,Personalized,Average,0-2 years,0
2121,1,Female,30,Hispanic,Physical disability,German,Associate Degree,Closely related,Personalized,Above average,3-7 years,0
2122,1,Non-binary,55,Hispanic,Physical disability,Mexican,Master Degree,Unrelated,Unpersonalized,Average,0-2 years,0
2123,1,Non-binary,45,Black,None stated,Mexican,Master Degree,Unrelated,Personalized,Below average,10+ years,0
2124,1,Male,40,Asian,Mental health history,Indian,Bachelor Degree,Unrelated,Unpersonalized,Average,0-2 years,0
2125,1,Non-binary,50,Hispanic,Mental health history,American,Associate Degree,Somewhat related,Unpersonalized,Above average,3-7 years,0
2126,1,Non-binary,40,Black,Mental health history,German,Master Degree,Closely related,Unpersonalized,Average,10+ years,0
2127,1,Male,55,Hispanic,Physical disability,German,Bachelor Degree,Closely related,Unpersonalized,Average,3-7 years,0
2128,1,Female,40,Black,Physical disability,German,Bachelor Degree,Unrelated,Personalized,Average,10+ years,0
2129,1,Male,40,White,Physical disability,American,Bachelor Degree,Unrelated,Unpersonalized,Below average,0-2 years,0
2130,1,Female,55,Asian,None stated,American,Bachelor Degree,Closely related,Unpersonalized,Below average,3-7 years,0
2131,1,Male,35,Asian,Physical disability,German,Associate Degree,Unrelated,Unpersonalized,Above average,0-2 years,0
2132,1,Male,45,Hispanic,Mental health history,Indian,Associate Degree,Unrelated,Unpersonalized,Above average,10+ years,0
2133,1,Non-binary,45,Hispanic,Physical disability,Mexican,Bachelor Degree,Somewhat related,Personalized,Below average,0-2 years,0
2134,1,Male,30,Asian,Mental health history,Indian,Bachelor Degree,Somewhat related,Unpersonalized,Above average,0-2 years,0
2135,1,Male,30,Hispanic,Mental health history,Mexican,Bachelor Degree,Closely related,Unpersonalized,Below average,10+ years,0
2136,1,Non-binary,45,White,None stated,Indian,Associate Degree,Somewhat related,Unpersonalized,Above average,0-2 years,0
2137,1,Female,35,Hispanic,Physical disability,American,Bachelor Degree,Somewhat related,Personalized,Above average,0-2 years,0
2138,1,Male,30,Black,None stated,German,Associate Degree,Closely related,Personalized,Above average,10+ years,0
2139,1,Non-binary,40,White,None stated,Mexican,Bachelor Degree,Somewhat related,Unpersonalized,Below average,10+ years,0
2140,1,Female,45,White,Physical disability,American,Associate Degree,Unrelated,Personalized,Average,3-7 years,0
2141,1,Non-binary,40,Asian,Physical disability,Indian,Associate Degree,Closely related,Personalized,Below average,10+ years,0
2142,1,Male,40,Black,Mental health history,German,Bachelor Degree,Closely related,Personalized,Below average,3-7 years,0
2143,1,Non-binary,40,Hispanic,Physical disability,Canadian,Bachelor Degree,Unrelated,Personalized,Above average,3-7 years,0
2144,1,Female,30,Black,Physical disability,Canadian,Associate Degree,Somewhat related,Unpersonalized,Below average,0-2 years,0
2145,1,Male,30,Hispanic,Physical disability,Indian,Associate Degree,Somewhat related,Unpersonalized,Average,3-7 years,0
2146,1,Female,50,White,Mental health history,German,Associate Degree,Closely related,Personalized,Below average,10+ years,0
2147,1,Male,30,Black,Physical disability,German,Bachelor Degree,Somewhat related,Personalized,Above average,0-2 years,0
2148,1,Female,55,White,Physical disability,Mexican,Associate Degree,Closely related,Unpersonalized,Above average,3-7 years,0
2149,1,Male,35,Hispanic,None stated,Indian,Bachelor Degree,Closely related,Unpersonalized,Average,3-7 years,0
2150,1,Non-binary,40,Hispanic,None stated,American,Master Degree,Somewhat related,Unpersonalized,Average,10+ years,1
2151,1,Female,30,White,Mental health history,Canadian,Bachelor Degree,Closely related,Unpersonalized,Above average,3-7 years,0
2152,1,Non-binary,45,Asian,Physical disability,American,Bachelor Degree,Unrelated,Personalized,Below average,3-7 years,0
2153,1,Non-binary,40,Black,Mental health history,Mexican,Bachelor Degree,Unrelated,Unpersonalized,Above average,10+ years,0
2154,1,Female,55,Asian,Physical disability,Mexican,Bachelor Degree,Somewhat related,Personalized,Average,10+ years,0
2155,1,Non-binary,40,Hispanic,None stated,Indian,Associate Degree,Somewhat related,Personalized,Average,3-7 years,0
2156,1,Male,50,Hispanic,Mental health history,Canadian,Associate Degree,Unrelated,Unpersonalized,Above average,0-2 years,0
2157,1,Non-binary,50,Hispanic,Mental health history,Canadian,Associate Degree,Somewhat related,Personalized,Average,0-2 years,0
2158,1,Male,55,Hispanic,Mental health history,Indian,Bachelor Degree,Somewhat related,Personalized,Below average,10+ years,0
2159,1,Non-binary,40,Hispanic,None stated,Canadian,Master Degree,Unrelated,Personalized,Average,0-2 years,0
2160,1,Male,45,Asian,Physical disability,Canadian,Master Degree,Unrelated,Unpersonalized,Above average,0-2 years,0
2161,1,Male,50,Asian,Mental health history,Mexican,Bachelor Degree,Somewhat related,Personalized,Below average,3-7 years,0
2162,1,Female,45,White,Mental health history,American,Bachelor Degree,Somewhat related,Personalized,Above average,3-7 years,0
2163,1,Male,35,White,Physical disability,German,Master Degree,Closely related,Personalized,Average,0-2 years,0
2164,1,Female,30,Asian,None stated,Canadian,Bachelor Degree,Closely related,Unpersonalized,Above average,0-2 years,0
2165,1,Female,40,Hispanic,Physical disability,Mexican,Associate Degree,Closely related,Unpersonalized,Below average,0-2 years,0
2166,1,Male,30,White,Physical disability,American,Associate Degree,Closely related,Unpersonalized,Average,10+ years,0
2167,1,Female,50,White,Physical disability,Canadian,Master Degree,Closely related,Unpersonalized,Average,10+ years,0
2168,1,Non-binary,35,Hispanic,Mental health history,American,Associate Degree,Closely related,Unpersonalized,Above average,3-7 years,0
2169,1,Female,30,White,Mental health history,Canadian,Master Degree,Somewhat related,Unpersonalized,Average,10+ years,0
2170,1,Non-binary,30,White,Mental health history,Indian,Bachelor Degree,Unrelated,Personalized,Below average,0-2 years,0
2171,1,Male,30,Hispanic,None stated,Indian,Associate Degree,Somewhat related,Personalized,Above average,10+ years,0
2172,1,Non-binary,55,Black,None stated,Canadian,Master Degree,Somewhat related,Personalized,Below average,3-7 years,0
2173,1,Male,30,Asian,Physical disability,German,Master Degree,Unrelated,Unpersonalized,Below average,3-7 years,0
2174,1,Female,55,White,Physical disability,German,Associate Degree,Closely related,Personalized,Above average,0-2 years,0
2175,1,Male,50,Black,Physical disability,Canadian,Master Degree,Somewhat related,Unpersonalized,Above average,3-7 years,0
2176,1,Non-binary,55,White,None stated,American,Master Degree,Unrelated,Personalized,Average,3-7 years,0
2177,1,Male,50,Black,Mental health history,American,Associate Degree,Somewhat related,Personalized,Above average,10+ years,0
2178,1,Female,40,Hispanic,Physical disability,German,Bachelor Degree,Closely related,Unpersonalized,Average,10+ years,0
2179,1,Non-binary,55,Black,None stated,Canadian,Master Degree,Somewhat related,Personalized,Above average,0-2 years,0
2180,1,Male,35,Asian,None stated,German,Master Degree,Unrelated,Personalized,Average,10+ years,0
2181,1,Non-binary,55,Black,Physical disability,Canadian,Bachelor Degree,Closely related,Personalized,Below average,0-2 years,0
2182,1,Male,55,Hispanic,Mental health history,German,Master Degree,Closely related,Personalized,Average,3-7 years,0
2183,1,Female,45,Hispanic,Physical disability,Canadian,Master Degree,Somewhat related,Unpersonalized,Average,10+ years,0
2184,1,Non-binary,50,White,Mental health history,American,Associate Degree,Unrelated,Unpersonalized,Average,0-2 years,0
2185,1,Non-binary,45,White,Physical disability,German,Master Degree,Somewhat related,Unpersonalized,Average,0-2 years,0
2186,1,Male,35,Black,Physical disability,Canadian,Bachelor Degree,Somewhat related,Personalized,Above average,3-7 years,0
2187,1,Female,30,Hispanic,Physical disability,Indian,Bachelor Degree,Somewhat related,Unpersonalized,Above average,10+ years,0
2188,1,Non-binary,55,White,Mental health history,American,Bachelor Degree,Closely related,Unpersonalized,Above average,10+ years,0
2189,1,Female,45,Black,None stated,Indian,Master Degree,Unrelated,Personalized,Above average,0-2 years,0
2190,1,Female,50,Black,Mental health history,American,Associate Degree,Unrelated,Unpersonalized,Above average,10+ years,0
2191,1,Female,50,Black,None stated,German,Associate Degree,Unrelated,Personalized,Above average,10+ years,0
2192,1,Male,50,White,Physical disability,Indian,Bachelor Degree,Somewhat related,Unpersonalized,Average,10+ years,0
2193,1,Non-binary,30,White,Mental health history,Mexican,Bachelor Degree,Closely related,Personalized,Above average,3-7 years,0
2194,1,Non-binary,50,Asian,None stated,Mexican,Associate Degree,Unrelated,Personalized,Above average,3-7 years,0
2195,1,Male,30,Black,None stated,American,Associate Degree,Somewhat related,Personalized,Average,10+ years,0
2196,1,Non-binary,40,White,Physical disability,Indian,Master Degree,Unrelated,Unpersonalized,Below average,3-7 years,0
2197,1,Male,45,Black,Mental health history,Indian,Associate Degree,Somewhat related,Personalized,Below average,0-2 years,0
2198,1,Male,45,Black,None stated,German,Bachelor Degree,Unrelated,Personalized,Average,3-7 years,0
2199,1,Non-binary,55,Black,None stated,Mexican,Associate Degree,Somewhat related,Personalized,Above average,0-2 years,0
2200,1,Male,50,Hispanic,Mental health history,Mexican,Associate Degree,Unrelated,Unpersonalized,Below average,3-7 years,0
2201,1,Non-binary,40,Hispanic,Physical disability,Canadian,Master Degree,Somewhat related,Unpersonalized,Above average,0-2 years,0
2202,1,Non-binary,30,Hispanic,Physical disability,Canadian,Bachelor Degree,Closely related,Personalized,Below average,0-2 years,0
2203,1,Male,35,Hispanic,Mental health history,Indian,Bachelor Degree,Somewhat related,Unpersonalized,Above average,0-2 years,0
2204,1,Female,45,White,Mental health history,Canadian,Bachelor Degree,Unrelated,Unpersonalized,Average,10+ years,0
2205,1,Female,50,Hispanic,Physical disability,American,Associate Degree,Unrelated,Unpersonalized,Above average,10+ years,0
2206,1,Female,45,White,Mental health history,Mexican,Associate Degree,Somewhat related,Unpersonalized,Above average,10+ years,0
2207,1,Female,50,White,Physical disability,German,Bachelor Degree,Unrelated,Unpersonalized,Above average,10+ years,0
2208,1,Male,40,White,None stated,Indian,Bachelor Degree,Unrelated,Personalized,Above average,3-7 years,0
2209,1,Female,55,Hispanic,Physical disability,Indian,Master Degree,Somewhat related,Unpersonalized,Above average,0-2 years,0
2210,1,Non-binary,30,White,Mental health history,Mexican,Master Degree,Unrelated,Unpersonalized,Above average,10+ years,0
2211,1,Non-binary,45,Hispanic,Mental health history,Canadian,Bachelor Degree,Somewhat related,Unpersonalized,Below average,3-7 years,0
2212,1,Female,30,Asian,Mental health history,American,Master Degree,Unrelated,Personalized,Above average,3-7 years,0
2213,1,Female,40,White,Physical disability,American,Master Degree,Unrelated,Personalized,Average,0-2 years,0
2214,1,Male,40,Asian,Physical disability,Mexican,Bachelor Degree,Closely related,Unpersonalized,Below average,3-7 years,0
2215,1,Female,30,Asian,Physical disability,American,Associate Degree,Closely related,Unpersonalized,Average,10+ years,0
2216,1,Female,30,Black,None stated,Mexican,Master Degree,Unrelated,Unpersonalized,Above average,0-2 years,0
2217,1,Non-binary,45,White,None stated,Canadian,Associate Degree,Somewhat related,Personalized,Below average,3-7 years,0
2218,1,Male,30,Asian,Physical disability,Canadian,Bachelor Degree,Closely related,Unpersonalized,Below average,3-7 years,0
2219,1,Non-binary,35,Asian,None stated,Mexican,Associate Degree,Unrelated,Unpersonalized,Above average,0-2 years,0
2220,1,Female,35,Black,None stated,Mexican,Master Degree,Somewhat related,Unpersonalized,Above average,10+ years,0
2221,1,Non-binary,40,Asian,Physical disability,German,Bachelor Degree,Unrelated,Unpersonalized,Average,0-2 years,0
2222,1,Non-binary,35,White,None stated,American,Associate Degree,Closely related,Unpersonalized,Below average,3-7 years,0
2223,1,Non-binary,45,Hispanic,Physical disability,Canadian,Master Degree,Somewhat related,Personalized,Above average,10+ years,1
2224,1,Female,50,Asian,Physical disability,American,Bachelor Degree,Unrelated,Unpersonalized,Average,0-2 years,0
2225,1,Male,45,Asian,Physical disability,German,Bachelor Degree,Unrelated,Unpersonalized,Average,3-7 years,0
2226,1,Female,45,White,Physical disability,American,Associate Degree,Unrelated,Personalized,Average,10+ years,0
2227,1,Female,40,Hispanic,None stated,Indian,Master Degree,Somewhat related,Unpersonalized,Below average,3-7 years,0
2228,1,Female,45,White,None stated,American,Associate Degree,Somewhat related,Personalized,Average,10+ years,0
2229,1,Female,45,White,Physical disability,Mexican,Master Degree,Somewhat related,Personalized,Average,10+ years,1
2230,1,Female,55,Hispanic,Mental health history,Mexican,Master Degree,Unrelated,Unpersonalized,Average,3-7 years,0
2231,1,Non-binary,50,White,Physical disability,Indian,Master Degree,Somewhat related,Personalized,Average,10+ years,0
2232,1,Non-binary,50,Asian,Mental health history,German,Master Degree,Somewhat related,Personalized,Average,10+ years,0
2233,1,Female,55,Black,Mental health history,American,Master Degree,Closely related,Unpersonalized,Average,10+ years,0
2234,1,Male,40,White,None stated,German,Associate Degree,Unrelated,Unpersonalized,Average,10+ years,0
2235,1,Non-binary,55,Hispanic,None stated,Indian,Associate Degree,Closely related,Unpersonalized,Above average,3-7 years,0
2236,1,Female,50,White,Mental health history,Indian,Associate Degree,Closely related,Personalized,Below average,10+ years,0
2237,1,Female,55,Black,None stated,Mexican,Master Degree,Closely related,Unpersonalized,Average,10+ years,0
2238,1,Male,55,White,Physical disability,Mexican,Associate Degree,Somewhat related,Personalized,Average,0-2 years,0
2239,1,Non-binary,35,Asian,Physical disability,American,Associate Degree,Closely related,Unpersonalized,Below average,0-2 years,0
2240,1,Non-binary,30,White,Physical disability,Canadian,Bachelor Degree,Closely related,Personalized,Above average,10+ years,1
2241,1,Non-binary,50,Asian,Mental health history,Canadian,Master Degree,Closely related,Personalized,Average,0-2 years,0
2242,1,Male,35,Hispanic,Mental health history,American,Associate Degree,Unrelated,Personalized,Average,10+ years,0
2243,1,Female,35,Black,None stated,Mexican,Associate Degree,Unrelated,Personalized,Below average,3-7 years,0
2244,1,Non-binary,55,Hispanic,Mental health history,Canadian,Bachelor Degree,Closely related,Personalized,Average,3-7 years,1
2245,1,Non-binary,40,White,Physical disability,Mexican,Bachelor Degree,Unrelated,Unpersonalized,Below average,10+ years,0
2246,1,Female,30,Black,Mental health history,Canadian,Master Degree,Closely related,Unpersonalized,Above average,3-7 years,0
2247,1,Female,30,White,Mental health history,Canadian,Associate Degree,Unrelated,Unpersonalized,Below average,0-2 years,0
2248,1,Non-binary,40,Asian,Physical disability,American,Associate Degree,Somewhat related,Personalized,Average,3-7 years,0
2249,1,Female,40,Hispanic,Physical disability,American,Associate Degree,Closely related,Personalized,Below average,3-7 years,0
2250,1,Male,45,White,None stated,Canadian,Bachelor Degree,Somewhat related,Unpersonalized,Average,10+ years,0
2251,1,Male,55,Black,Physical disability,American,Bachelor Degree,Closely related,Unpersonalized,Average,3-7 years,0
2252,1,Male,30,White,None stated,Canadian,Master Degree,Somewhat related,Unpersonalized,Average,10+ years,0
2253,1,Male,45,Black,Physical disability,Mexican,Associate Degree,Closely related,Personalized,Above average,0-2 years,0
2254,1,Non-binary,50,White,Mental health history,German,Bachelor Degree,Closely related,Personalized,Above average,0-2 years,0
2255,1,Male,35,Black,Physical disability,Mexican,Bachelor Degree,Closely related,Personalized,Above average,3-7 years,0
2256,1,Male,45,White,None stated,Indian,Associate Degree,Unrelated,Unpersonalized,Average,0-2 years,0
2257,1,Non-binary,55,White,Physical disability,Canadian,Associate Degree,Closely related,Personalized,Below average,3-7 years,0
2258,1,Non-binary,40,Asian,Mental health history,German,Master Degree,Unrelated,Personalized,Above average,10+ years,1
2259,1,Non-binary,55,Black,None stated,American,Bachelor Degree,Somewhat related,Personalized,Below average,0-2 years,0
2260,1,Female,45,Hispanic,Physical disability,Mexican,Bachelor Degree,Somewhat related,Unpersonalized,Average,3-7 years,0
2261,1,Female,50,Black,Physical disability,Indian,Bachelor Degree,Closely related,Personalized,Above average,10+ years,1
2262,1,Female,40,Hispanic,None stated,German,Associate Degree,Unrelated,Personalized,Below average,0-2 years,0
2263,1,Female,55,Asian,Mental health history,Indian,Bachelor Degree,Unrelated,Personalized,Below average,3-7 years,0
2264,1,Female,45,Hispanic,Physical disability,Indian,Bachelor Degree,Somewhat related,Personalized,Below average,10+ years,0
2265,1,Non-binary,55,Asian,Physical disability,Canadian,Bachelor Degree,Closely related,Personalized,Above average,3-7 years,0
2266,1,Male,55,Black,Physical disability,American,Master Degree,Closely related,Personalized,Above average,3-7 years,0
2267,1,Male,30,Black,None stated,Indian,Master Degree,Unrelated,Personalized,Below average,10+ years,0
2268,1,Non-binary,40,Black,None stated,American,Associate Degree,Unrelated,Unpersonalized,Below average,3-7 years,0
2269,1,Non-binary,45,White,Physical disability,Mexican,Master Degree,Unrelated,Unpersonalized,Above average,10+ years,0
2270,1,Non-binary,35,Black,None stated,German,Bachelor Degree,Somewhat related,Unpersonalized,Average,10+ years,0
2271,1,Male,35,Black,None stated,German,Bachelor Degree,Unrelated,Unpersonalized,Average,10+ years,0
2272,1,Male,30,Asian,Mental health history,Canadian,Associate Degree,Unrelated,Personalized,Below average,0-2 years,0
2273,1,Male,35,Hispanic,Physical disability,German,Bachelor Degree,Somewhat related,Personalized,Below average,0-2 years,0
2274,1,Female,50,White,None stated,Indian,Master Degree,Somewhat related,Unpersonalized,Average,0-2 years,0
2275,1,Female,35,Black,Mental health history,Mexican,Associate Degree,Somewhat related,Unpersonalized,Below average,3-7 years,0
2276,1,Male,40,Asian,Mental health history,American,Bachelor Degree,Closely related,Personalized,Above average,10+ years,1
2277,1,Male,35,Black,None stated,Indian,Associate Degree,Unrelated,Personalized,Below average,10+ years,0
2278,1,Non-binary,35,Asian,None stated,Canadian,Master Degree,Closely related,Personalized,Average,3-7 years,1
2279,1,Female,45,Black,None stated,German,Bachelor Degree,Unrelated,Unpersonalized,Above average,3-7 years,0
2280,1,Female,30,White,None stated,American,Associate Degree,Somewhat related,Personalized,Below average,3-7 years,0
2281,1,Male,40,Hispanic,Mental health history,Mexican,Bachelor Degree,Unrelated,Unpersonalized,Average,3-7 years,0
2282,1,Male,30,Hispanic,Mental health history,German,Associate Degree,Closely related,Personalized,Average,0-2 years,0
2283,1,Female,45,White,None stated,Mexican,Bachelor Degree,Somewhat related,Personalized,Below average,10+ years,0
2284,1,Male,35,Hispanic,None stated,Mexican,Master Degree,Somewhat related,Unpersonalized,Average,3-7 years,0
2285,1,Non-binary,30,Hispanic,None stated,Mexican,Associate Degree,Closely related,Personalized,Above average,10+ years,1
2286,1,Male,30,Hispanic,None stated,Mexican,Master Degree,Unrelated,Personalized,Average,0-2 years,0
2287,1,Non-binary,50,Hispanic,Mental health history,Indian,Bachelor Degree,Unrelated,Personalized,Average,3-7 years,0
2288,1,Non-binary,40,Asian,Mental health history,Mexican,Associate Degree,Unrelated,Unpersonalized,Below average,3-7 years,0
2289,1,Non-binary,35,Hispanic,None stated,Mexican,Bachelor Degree,Unrelated,Personalized,Above average,10+ years,1
2290,1,Non-binary,40,Hispanic,Mental health history,Indian,Bachelor Degree,Somewhat related,Unpersonalized,Below average,3-7 years,0
2291,1,Non-binary,45,White,Mental health history,Indian,Associate Degree,Closely related,Unpersonalized,Below average,3-7 years,0
2292,1,Male,45,Asian,None stated,Canadian,Bachelor Degree,Closely related,Personalized,Average,0-2 years,0
2293,1,Non-binary,40,White,None stated,Mexican,Associate Degree,Somewhat related,Unpersonalized,Average,3-7 years,0
2294,1,Non-binary,55,Asian,None stated,German,Associate Degree,Somewhat related,Unpersonalized,Average,10+ years,0
2295,1,Female,40,Asian,Mental health history,American,Bachelor Degree,Somewhat related,Personalized,Below average,3-7 years,0
2296,1,Non-binary,50,Black,Mental health history,German,Master Degree,Unrelated,Personalized,Below average,3-7 years,0
2297,1,Female,50,Hispanic,None stated,Canadian,Master Degree,Closely related,Personalized,Below average,3-7 years,0
2298,1,Male,55,Black,Mental health history,Indian,Associate Degree,Closely related,Personalized,Below average,3-7 years,0
2299,1,Female,45,Asian,None stated,Canadian,Associate Degree,Unrelated,Personalized,Below average,0-2 years,0
2300,1,Female,50,Asian,Mental health history,Mexican,Bachelor Degree,Somewhat related,Personalized,Below average,3-7 years,0
2301,1,Male,45,Asian,Mental health history,German,Bachelor Degree,Unrelated,Personalized,Above average,10+ years,0
2302,1,Male,30,Black,None stated,Mexican,Master Degree,Closely related,Personalized,Below average,0-2 years,0
2303,1,Male,30,White,Physical disability,Mexican,Master Degree,Somewhat related,Personalized,Average,3-7 years,0
2304,1,Female,50,White,Physical disability,American,Associate Degree,Closely related,Personalized,Above average,0-2 years,0
2305,1,Male,55,Hispanic,Mental health history,Canadian,Associate Degree,Unrelated,Personalized,Above average,10+ years,0
2306,1,Female,50,White,Physical disability,American,Bachelor Degree,Unrelated,Unpersonalized,Above average,0-2 years,0
2307,1,Non-binary,40,Black,None stated,Indian,Master Degree,Somewhat related,Unpersonalized,Above average,10+ years,1
2308,1,Male,30,Hispanic,Physical disability,American,Bachelor Degree,Somewhat related,Unpersonalized,Above average,0-2 years,0
2309,1,Female,30,Hispanic,Mental health history,American,Bachelor Degree,Unrelated,Personalized,Average,0-2 years,0
2310,1,Male,35,Asian,Physical disability,Mexican,Bachelor Degree,Unrelated,Unpersonalized,Below average,10+ years,0
2311,1,Female,55,Asian,Mental health history,Mexican,Master Degree,Somewhat related,Unpersonalized,Below average,0-2 years,0
2312,1,Non-binary,35,Hispanic,Mental health history,Canadian,Associate Degree,Unrelated,Unpersonalized,Above average,0-2 years,0
2313,1,Male,30,Hispanic,Mental health history,Indian,Bachelor Degree,Somewhat related,Personalized,Average,3-7 years,0
2314,1,Non-binary,45,Asian,None stated,Mexican,Master Degree,Somewhat related,Unpersonalized,Above average,10+ years,0
2315,1,Female,45,White,None stated,German,Associate Degree,Unrelated,Unpersonalized,Above average,10+ years,0
2316,1,Female,30,Black,None stated,Indian,Master Degree,Somewhat related,Personalized,Above average,3-7 years,0
2317,1,Male,40,Black,None stated,American,Associate Degree,Somewhat related,Personalized,Below average,3-7 years,0
2318,1,Female,30,White,Physical disability,Mexican,Associate Degree,Unrelated,Unpersonalized,Average,0-2 years,0
2319,1,Non-binary,55,Black,Physical disability,American,Bachelor Degree,Unrelated,Unpersonalized,Average,3-7 years,0
2320,1,Non-binary,45,Black,Mental health history,Mexican,Master Degree,Unrelated,Unpersonalized,Below average,3-7 years,0
2321,1,Male,35,Asian,Mental health history,Canadian,Bachelor Degree,Closely related,Unpersonalized,Below average,10+ years,0
2322,1,Non-binary,50,Black,Mental health history,American,Master Degree,Unrelated,Personalized,Average,0-2 years,0
2323,1,Non-binary,45,Black,Mental health history,Canadian,Bachelor Degree,Unrelated,Personalized,Above average,0-2 years,0
2324,1,Female,35,Asian,Mental health history,Canadian,Bachelor Degree,Closely related,Unpersonalized,Above average,0-2 years,0
2325,1,Non-binary,50,Asian,Physical disability,Indian,Associate Degree,Unrelated,Personalized,Below average,0-2 years,0
2326,1,Male,55,Black,Mental health history,Mexican,Master Degree,Somewhat related,Unpersonalized,Average,3-7 years,0
2327,1,Female,30,Hispanic,Mental health history,Mexican,Associate Degree,Closely related,Unpersonalized,Average,10+ years,0
2328,1,Non-binary,35,Asian,Mental health history,Indian,Associate Degree,Unrelated,Unpersonalized,Average,3-7 years,0
2329,1,Male,40,Black,None stated,Canadian,Bachelor Degree,Unrelated,Unpersonalized,Above average,10+ years,0
2330,1,Male,35,Hispanic,None stated,Indian,Associate Degree,Somewhat related,Unpersonalized,Above average,3-7 years,0
2331,1,Female,35,White,None stated,American,Associate Degree,Unrelated,Personalized,Average,10+ years,0
2332,1,Female,55,White,Mental health history,American,Bachelor Degree,Somewhat related,Personalized,Below average,3-7 years,0
2333,1,Non-binary,50,Hispanic,Mental health history,American,Associate Degree,Closely related,Personalized,Below average,0-2 years,0
2334,1,Female,50,White,Physical disability,Canadian,Master Degree,Somewhat related,Unpersonalized,Above average,3-7 years,0
2335,1,Female,35,Asian,Mental health history,German,Master Degree,Somewhat related,Personalized,Average,10+ years,1
2336,1,Male,30,Black,Physical disability,American,Master Degree,Closely related,Personalized,Above average,10+ years,1
2337,1,Female,45,White,None stated,Canadian,Bachelor Degree,Somewhat related,Unpersonalized,Above average,3-7 years,0
2338,1,Female,45,Asian,Physical disability,Indian,Associate Degree,Unrelated,Unpersonalized,Average,0-2 years,0
2339,1,Male,40,White,Mental health history,Canadian,Master Degree,Unrelated,Unpersonalized,Below average,10+ years,0
2340,1,Non-binary,55,Black,None stated,Indian,Bachelor Degree,Somewhat related,Personalized,Above average,3-7 years,0
2341,1,Male,45,White,Mental health history,Indian,Master Degree,Closely related,Personalized,Below average,0-2 years,0
2342,1,Non-binary,45,Black,Physical disability,Canadian,Bachelor Degree,Closely related,Personalized,Below average,3-7 years,0
2343,1,Female,40,Asian,None stated,American,Associate Degree,Somewhat related,Personalized,Below average,3-7 years,0
2344,1,Female,50,Hispanic,None stated,Canadian,Associate Degree,Unrelated,Unpersonalized,Average,10+ years,0
2345,1,Female,45,Hispanic,None stated,German,Associate Degree,Unrelated,Personalized,Below average,10+ years,0
2346,1,Female,40,Asian,Mental health history,Canadian,Master Degree,Somewhat related,Unpersonalized,Above average,0-2 years,0
2347,1,Male,50,Hispanic,Physical disability,Canadian,Associate Degree,Unrelated,Personalized,Below average,10+ years,0
2348,1,Non-binary,55,White,Physical disability,American,Master Degree,Unrelated,Personalized,Average,10+ years,0
2349,1,Male,30,Black,Mental health history,Mexican,Associate Degree,Somewhat related,Unpersonalized,Average,3-7 years,0
2350,1,Female,30,Black,Mental health history,American,Bachelor Degree,Unrelated,Unpersonalized,Below average,10+ years,0
2351,1,Female,40,Hispanic,None stated,Indian,Master Degree,Unrelated,Unpersonalized,Average,10+ years,0
2352,1,Female,40,Hispanic,Mental health history,Mexican,Associate Degree,Unrelated,Unpersonalized,Below average,10+ years,0
2353,1,Female,55,Asian,Physical disability,American,Bachelor Degree,Closely related,Personalized,Below average,0-2 years,0
2354,1,Non-binary,40,Hispanic,None stated,Mexican,Bachelor Degree,Unrelated,Unpersonalized,Above average,0-2 years,0
2355,1,Male,50,Asian,Physical disability,German,Master Degree,Closely related,Unpersonalized,Average,10+ years,0
2356,1,Female,35,Hispanic,Physical disability,Indian,Associate Degree,Somewhat related,Personalized,Above average,3-7 years,0
2357,1,Male,30,Asian,None stated,Mexican,Bachelor Degree,Closely related,Personalized,Above average,0-2 years,0
2358,1,Female,30,White,Physical disability,Indian,Master Degree,Somewhat related,Personalized,Below average,3-7 years,0
2359,1,Female,40,White,Physical disability,Mexican,Master Degree,Unrelated,Personalized,Average,10+ years,1
2360,1,Male,35,Black,Physical disability,Canadian,Master Degree,Unrelated,Personalized,Above average,3-7 years,0
2361,1,Non-binary,40,Hispanic,Mental health history,American,Master Degree,Somewhat related,Unpersonalized,Above average,10+ years,1
2362,1,Male,40,Asian,Physical disability,Mexican,Bachelor Degree,Unrelated,Unpersonalized,Above average,3-7 years,0
2363,1,Non-binary,35,White,None stated,Canadian,Bachelor Degree,Closely related,Personalized,Above average,10+ years,1
2364,1,Male,50,Black,Physical disability,Mexican,Master Degree,Somewhat related,Personalized,Average,0-2 years,0
2365,1,Female,50,White,Physical disability,German,Bachelor Degree,Somewhat related,Unpersonalized,Above average,3-7 years,0
2366,1,Male,40,Asian,None stated,American,Master Degree,Unrelated,Personalized,Below average,3-7 years,0
2367,1,Female,50,Black,Physical disability,Canadian,Associate Degree,Unrelated,Unpersonalized,Above average,0-2 years,0
2368,1,Female,50,Hispanic,Mental health history,American,Master Degree,Somewhat related,Unpersonalized,Below average,0-2 years,0
2369,1,Female,45,Black,None stated,American,Associate Degree,Closely related,Personalized,Average,0-2 years,0
2370,1,Male,50,Black,None stated,Canadian,Master Degree,Closely related,Unpersonalized,Below average,10+ years,0
2371,1,Male,35,Black,Physical disability,American,Master Degree,Unrelated,Unpersonalized,Above average,3-7 years,0
2372,1,Female,50,Hispanic,Physical disability,Indian,Bachelor Degree,Unrelated,Unpersonalized,Above average,3-7 years,0
2373,1,Non-binary,30,Black,None stated,Indian,Bachelor Degree,Somewhat related,Personalized,Below average,10+ years,0
2374,1,Male,45,White,None stated,American,Bachelor Degree,Closely related,Personalized,Above average,10+ years,0
2375,1,Female,35,Hispanic,Physical disability,American,Associate Degree,Unrelated,Unpersonalized,Below average,10+ years,0
2376,1,Non-binary,40,Black,None stated,Canadian,Associate Degree,Unrelated,Unpersonalized,Average,3-7 years,0
2377,1,Non-binary,50,Asian,Mental health history,Canadian,Associate Degree,Unrelated,Unpersonalized,Below average,10+ years,0
2378,1,Non-binary,55,Hispanic,Physical disability,German,Associate Degree,Closely related,Unpersonalized,Above average,3-7 years,0
2379,1,Non-binary,55,White,Mental health history,Indian,Associate Degree,Somewhat related,Personalized,Average,3-7 years,0
2380,1,Non-binary,30,White,Mental health history,Indian,Bachelor Degree,Somewhat related,Personalized,Above average,3-7 years,1
2381,1,Non-binary,40,Hispanic,Mental health history,German,Bachelor Degree,Unrelated,Personalized,Average,10+ years,0
2382,1,Female,45,Asian,None stated,American,Bachelor Degree,Unrelated,Personalized,Below average,0-2 years,0
2383,1,Male,55,White,None stated,Mexican,Bachelor Degree,Unrelated,Unpersonalized,Above average,3-7 years,0
2384,1,Male,55,Black,Physical disability,German,Master Degree,Closely related,Unpersonalized,Average,3-7 years,0
2385,1,Female,45,Black,None stated,German,Associate Degree,Closely related,Unpersonalized,Above average,0-2 years,0
2386,1,Female,55,Hispanic,Mental health history,Indian,Associate Degree,Unrelated,Personalized,Above average,0-2 years,0
2387,1,Female,55,White,Mental health history,Canadian,Associate Degree,Closely related,Personalized,Average,10+ years,0
2388,1,Non-binary,55,Asian,Mental health history,Canadian,Master Degree,Somewhat related,Unpersonalized,Above average,10+ years,0
2389,1,Male,50,Asian,Physical disability,Indian,Associate Degree,Unrelated,Personalized,Average,3-7 years,0
2390,1,Non-binary,45,White,None stated,Indian,Master Degree,Closely related,Unpersonalized,Above average,0-2 years,0
2391,1,Female,40,White,Mental health history,Indian,Associate Degree,Unrelated,Personalized,Above average,0-2 years,0
2392,1,Female,55,Black,None stated,American,Bachelor Degree,Somewhat related,Unpersonalized,Average,3-7 years,0
2393,1,Male,55,Black,None stated,Mexican,Bachelor Degree,Closely related,Personalized,Below average,10+ years,1
2394,1,Female,55,Black,Physical disability,Mexican,Associate Degree,Somewhat related,Unpersonalized,Above average,10+ years,0
2395,1,Non-binary,30,White,Physical disability,Canadian,Associate Degree,Somewhat related,Personalized,Average,10+ years,0
2396,1,Non-binary,40,White,Physical disability,Mexican,Bachelor Degree,Closely related,Unpersonalized,Below average,3-7 years,0
2397,1,Male,50,Asian,Mental health history,Indian,Bachelor Degree,Somewhat related,Personalized,Average,10+ years,0
2398,1,Female,35,White,Mental health history,American,Bachelor Degree,Unrelated,Personalized,Above average,3-7 years,0
2399,1,Male,30,Black,None stated,American,Bachelor Degree,Unrelated,Personalized,Average,10+ years,0
2400,1,Male,50,Hispanic,None stated,Mexican,Associate Degree,Somewhat related,Personalized,Average,10+ years,0
2401,1,Male,45,Hispanic,None stated,Mexican,Bachelor Degree,Unrelated,Unpersonalized,Average,0-2 years,0
2402,1,Male,40,Hispanic,Mental health history,Canadian,Associate Degree,Somewhat related,Personalized,Above average,10+ years,0
2403,1,Female,40,White,None stated,Mexican,Associate Degree,Somewhat related,Unpersonalized,Above average,3-7 years,0
2404,1,Non-binary,50,Black,None stated,Mexican,Associate Degree,Unrelated,Personalized,Average,3-7 years,0
2405,1,Female,35,White,Mental health history,Indian,Master Degree,Unrelated,Personalized,Above average,3-7 years,0
2406,1,Non-binary,35,Hispanic,Mental health history,German,Bachelor Degree,Somewhat related,Unpersonalized,Below average,3-7 years,0
2407,1,Female,55,Hispanic,Mental health history,Indian,Master Degree,Closely related,Unpersonalized,Below average,10+ years,0
2408,1,Male,50,Black,None stated,Mexican,Associate Degree,Unrelated,Unpersonalized,Average,10+ years,0
2409,1,Female,55,Hispanic,Mental health history,Canadian,Master Degree,Closely related,Unpersonalized,Average,3-7 years,0
2410,1,Female,55,Asian,None stated,Canadian,Master Degree,Closely related,Personalized,Above average,3-7 years,1
2411,1,Female,40,Hispanic,Physical disability,Indian,Associate Degree,Somewhat related,Unpersonalized,Average,3-7 years,0
2412,1,Male,45,Hispanic,Physical disability,German,Associate Degree,Somewhat related,Unpersonalized,Below average,0-2 years,0
2413,1,Female,30,Black,Mental health history,Indian,Bachelor Degree,Unrelated,Personalized,Above average,0-2 years,0
2414,1,Female,40,Black,Mental health history,Indian,Bachelor Degree,Unrelated,Unpersonalized,Below average,3-7 years,0
2415,1,Male,50,White,None stated,Indian,Bachelor Degree,Somewhat related,Personalized,Below average,0-2 years,0
2416,1,Female,50,Hispanic,Mental health history,Indian,Master Degree,Somewhat related,Personalized,Below average,3-7 years,0
2417,1,Non-binary,35,Black,Mental health history,Mexican,Bachelor Degree,Unrelated,Unpersonalized,Above average,10+ years,0
2418,1,Non-binary,50,White,Mental health history,Indian,Bachelor Degree,Closely related,Personalized,Average,0-2 years,0
2419,1,Female,40,Hispanic,None stated,Canadian,Associate Degree,Closely related,Unpersonalized,Above average,0-2 years,0
2420,1,Male,50,Hispanic,Physical disability,Mexican,Bachelor Degree,Somewhat related,Personalized,Below average,10+ years,0
2421,1,Female,50,Asian,Mental health history,Mexican,Associate Degree,Unrelated,Personalized,Below average,3-7 years,0
2422,1,Non-binary,45,Hispanic,None stated,Canadian,Bachelor Degree,Closely related,Personalized,Below average,3-7 years,0
2423,1,Male,55,Asian,Physical disability,Mexican,Bachelor Degree,Unrelated,Personalized,Below average,0-2 years,0
2424,1,Female,40,Black,Physical disability,American,Associate Degree,Somewhat related,Unpersonalized,Above average,10+ years,0
2425,1,Male,30,Black,None stated,Indian,Bachelor Degree,Unrelated,Unpersonalized,Above average,3-7 years,0
2426,1,Female,40,Asian,None stated,American,Bachelor Degree,Somewhat related,Personalized,Average,10+ years,0
2427,1,Female,55,Black,Mental health history,Canadian,Master Degree,Somewhat related,Personalized,Below average,10+ years,0
2428,1,Male,40,Asian,Mental health history,Indian,Associate Degree,Unrelated,Unpersonalized,Average,3-7 years,0
2429,1,Male,50,White,Physical disability,Canadian,Bachelor Degree,Closely related,Personalized,Above average,3-7 years,1
2430,1,Female,55,Hispanic,None stated,German,Master Degree,Unrelated,Personalized,Average,3-7 years,0
2431,1,Female,40,Black,None stated,Canadian,Associate Degree,Unrelated,Personalized,Below average,10+ years,0
2432,1,Male,55,Hispanic,None stated,American,Master Degree,Closely related,Personalized,Average,0-2 years,0
2433,1,Non-binary,30,Asian,None stated,American,Bachelor Degree,Unrelated,Unpersonalized,Average,0-2 years,0
2434,1,Non-binary,55,White,Physical disability,Mexican,Bachelor Degree,Closely related,Unpersonalized,Below average,0-2 years,0
2435,1,Non-binary,40,White,Physical disability,Canadian,Master Degree,Somewhat related,Unpersonalized,Below average,0-2 years,0
2436,1,Non-binary,35,Hispanic,Physical disability,Canadian,Associate Degree,Somewhat related,Unpersonalized,Below average,0-2 years,0
2437,1,Non-binary,30,Asian,Mental health history,Mexican,Bachelor Degree,Somewhat related,Personalized,Below average,0-2 years,0
2438,1,Non-binary,35,Asian,None stated,Mexican,Associate Degree,Somewhat related,Personalized,Above average,0-2 years,0
2439,1,Non-binary,35,Hispanic,Physical disability,German,Bachelor Degree,Closely related,Personalized,Below average,0-2 years,0
2440,1,Male,50,Hispanic,Physical disability,Canadian,Master Degree,Unrelated,Unpersonalized,Average,0-2 years,0
2441,1,Female,50,Black,None stated,Mexican,Associate Degree,Somewhat related,Unpersonalized,Above average,10+ years,0
2442,1,Non-binary,45,Black,Physical disability,Mexican,Master Degree,Closely related,Personalized,Average,0-2 years,0
2443,1,Male,45,Hispanic,None stated,Indian,Bachelor Degree,Closely related,Personalized,Above average,0-2 years,0
2444,1,Female,50,White,None stated,American,Bachelor Degree,Unrelated,Personalized,Below average,3-7 years,0
2445,1,Non-binary,30,White,Mental health history,Canadian,Associate Degree,Unrelated,Unpersonalized,Above average,10+ years,0
2446,1,Male,50,Black,Mental health history,German,Master Degree,Unrelated,Personalized,Average,0-2 years,0
2447,1,Male,40,Black,Physical disability,Canadian,Bachelor Degree,Somewhat related,Personalized,Above average,0-2 years,0
2448,1,Male,40,Hispanic,Physical disability,Canadian,Master Degree,Closely related,Personalized,Above average,0-2 years,1
2449,1,Female,35,Asian,Mental health history,Canadian,Bachelor Degree,Somewhat related,Unpersonalized,Average,10+ years,0
2450,1,Non-binary,50,Hispanic,Physical disability,Indian,Associate Degree,Unrelated,Personalized,Average,10+ years,0
2451,1,Female,35,White,Physical disability,Mexican,Associate Degree,Closely related,Unpersonalized,Below average,10+ years,0
2452,1,Non-binary,45,Black,Physical disability,Indian,Bachelor Degree,Closely related,Unpersonalized,Average,10+ years,0
2453,1,Non-binary,40,Black,Mental health history,American,Master Degree,Closely related,Personalized,Average,0-2 years,0
2454,1,Non-binary,55,White,None stated,Canadian,Associate Degree,Unrelated,Unpersonalized,Below average,3-7 years,0
2455,1,Male,35,White,Physical disability,Canadian,Bachelor Degree,Somewhat related,Unpersonalized,Average,0-2 years,0
2456,1,Female,30,Black,Mental health history,Mexican,Associate Degree,Somewhat related,Personalized,Average,10+ years,0
2457,1,Non-binary,40,Hispanic,Physical disability,German,Bachelor Degree,Somewhat related,Unpersonalized,Average,3-7 years,0
2458,1,Male,50,Black,Physical disability,American,Bachelor Degree,Unrelated,Unpersonalized,Above average,0-2 years,0
2459,1,Female,30,Asian,Physical disability,American,Bachelor Degree,Unrelated,Unpersonalized,Average,3-7 years,0
2460,1,Male,40,Black,Physical disability,Canadian,Master Degree,Unrelated,Personalized,Average,10+ years,0
2461,1,Female,30,Black,Mental health history,Canadian,Bachelor Degree,Closely related,Personalized,Below average,0-2 years,0
2462,1,Female,35,White,None stated,Mexican,Master Degree,Somewhat related,Personalized,Above average,10+ years,1
2463,1,Non-binary,50,White,Mental health history,Mexican,Master Degree,Unrelated,Unpersonalized,Above average,0-2 years,0
2464,1,Non-binary,50,Hispanic,None stated,Mexican,Bachelor Degree,Somewhat related,Personalized,Above average,0-2 years,0
2465,1,Female,40,Black,None stated,American,Master Degree,Somewhat related,Unpersonalized,Above average,3-7 years,0
2466,1,Non-binary,40,Black,Physical disability,Indian,Associate Degree,Unrelated,Unpersonalized,Below average,0-2 years,0
2467,1,Female,50,Asian,None stated,Canadian,Bachelor Degree,Unrelated,Personalized,Below average,0-2 years,0
2468,1,Non-binary,55,Black,Mental health history,American,Bachelor Degree,Closely related,Unpersonalized,Above average,0-2 years,0
2469,1,Male,50,Asian,Physical disability,Indian,Associate Degree,Unrelated,Personalized,Average,3-7 years,0
2470,1,Non-binary,30,Asian,Mental health history,Mexican,Master Degree,Somewhat related,Personalized,Average,0-2 years,0
2471,1,Non-binary,50,Black,Mental health history,Canadian,Bachelor Degree,Closely related,Personalized,Average,0-2 years,0
2472,1,Female,45,White,Physical disability,Canadian,Master Degree,Somewhat related,Personalized,Below average,0-2 years,0
2473,1,Non-binary,45,Black,Physical disability,German,Master Degree,Unrelated,Unpersonalized,Average,10+ years,0
2474,1,Female,55,Hispanic,None stated,American,Associate Degree,Closely related,Personalized,Average,3-7 years,0
2475,1,Non-binary,35,Black,Mental health history,Mexican,Master Degree,Unrelated,Personalized,Above average,10+ years,1
2476,1,Male,50,Asian,None stated,Indian,Master Degree,Unrelated,Unpersonalized,Average,3-7 years,0
2477,1,Male,35,White,None stated,Canadian,Associate Degree,Somewhat related,Personalized,Average,3-7 years,0
2478,1,Male,45,Asian,Mental health history,German,Bachelor Degree,Closely related,Personalized,Average,0-2 years,0
2479,1,Female,45,Asian,None stated,Canadian,Master Degree,Unrelated,Personalized,Below average,3-7 years,0
2480,1,Female,30,Asian,None stated,Mexican,Associate Degree,Unrelated,Personalized,Average,3-7 years,0
2481,1,Non-binary,50,White,None stated,Indian,Bachelor Degree,Unrelated,Unpersonalized,Above average,10+ years,0
2482,1,Male,50,White,Physical disability,American,Bachelor Degree,Somewhat related,Unpersonalized,Above average,0-2 years,0
2483,1,Male,30,Asian,Mental health history,Indian,Associate Degree,Closely related,Unpersonalized,Below average,3-7 years,0
2484,1,Non-binary,45,White,Physical disability,German,Master Degree,Somewhat related,Personalized,Above average,10+ years,1
2485,1,Female,30,Asian,Mental health history,German,Master Degree,Unrelated,Personalized,Average,10+ years,0
2486,1,Female,50,Asian,Physical disability,Mexican,Master Degree,Somewhat related,Unpersonalized,Below average,10+ years,0
2487,1,Female,55,Asian,Physical disability,Indian,Bachelor Degree,Somewhat related,Personalized,Below average,3-7 years,0
2488,1,Female,45,White,Physical disability,American,Associate Degree,Closely related,Personalized,Above average,0-2 years,0
2489,1,Female,45,Hispanic,Physical disability,American,Bachelor Degree,Unrelated,Unpersonalized,Average,0-2 years,0
2490,1,Female,35,Black,None stated,Indian,Master Degree,Somewhat related,Unpersonalized,Average,0-2 years,0
2491,1,Female,40,White,Physical disability,American,Associate Degree,Somewhat related,Unpersonalized,Average,3-7 years,0
2492,1,Non-binary,55,Asian,None stated,Canadian,Associate Degree,Somewhat related,Personalized,Below average,3-7 years,0
2493,1,Male,50,Asian,None stated,German,Master Degree,Unrelated,Personalized,Above average,10+ years,1
2494,1,Male,45,Asian,Physical disability,Canadian,Master Degree,Closely related,Unpersonalized,Above average,3-7 years,0
2495,1,Non-binary,40,Hispanic,None stated,Indian,Bachelor Degree,Somewhat related,Unpersonalized,Below average,0-2 years,0
2496,1,Female,55,Hispanic,Physical disability,Mexican,Associate Degree,Somewhat related,Personalized,Average,3-7 years,0
2497,1,Non-binary,30,White,None stated,Indian,Master Degree,Somewhat related,Personalized,Above average,0-2 years,0
2498,1,Female,55,Hispanic,Mental health history,Mexican,Master Degree,Somewhat related,Personalized,Below average,3-7 years,0
2499,1,Male,45,Hispanic,None stated,American,Bachelor Degree,Closely related,Unpersonalized,Average,3-7 years,0
2500,1,Non-binary,45,Black,Mental health history,American,Master Degree,Somewhat related,Personalized,Below average,3-7 years,0
2501,1,Male,35,Asian,None stated,Canadian,Associate Degree,Unrelated,Personalized,Above average,3-7 years,0
2502,1,Female,50,Hispanic,None stated,Indian,Bachelor Degree,Somewhat related,Personalized,Above average,10+ years,1
2503,1,Male,50,Black,None stated,Canadian,Bachelor Degree,Somewhat related,Unpersonalized,Above average,10+ years,0
2504,1,Female,40,White,Physical disability,Canadian,Bachelor Degree,Closely related,Personalized,Above average,10+ years,1
2505,1,Female,55,White,Physical disability,American,Bachelor Degree,Somewhat related,Personalized,Average,10+ years,0
2506,1,Female,55,Asian,None stated,Canadian,Associate Degree,Closely related,Personalized,Above average,3-7 years,0
2507,1,Male,35,Asian,Mental health history,American,Master Degree,Closely related,Unpersonalized,Average,10+ years,0
2508,1,Female,40,Black,Mental health history,Canadian,Master Degree,Unrelated,Unpersonalized,Above average,10+ years,0
2509,1,Female,35,Hispanic,Mental health history,American,Associate Degree,Somewhat related,Personalized,Below average,3-7 years,0
2510,1,Female,55,Black,Mental health history,Mexican,Bachelor Degree,Closely related,Unpersonalized,Average,0-2 years,0
2511,1,Non-binary,35,White,Physical disability,German,Bachelor Degree,Unrelated,Personalized,Above average,3-7 years,0
2512,1,Female,40,White,None stated,Canadian,Associate Degree,Unrelated,Unpersonalized,Average,10+ years,0
2513,1,Female,45,White,Mental health history,American,Bachelor Degree,Somewhat related,Unpersonalized,Above average,3-7 years,0
2514,1,Male,50,White,Physical disability,Canadian,Master Degree,Closely related,Unpersonalized,Below average,0-2 years,0
2515,1,Non-binary,45,Black,Physical disability,American,Master Degree,Somewhat related,Personalized,Below average,0-2 years,0
2516,1,Male,35,Black,Mental health history,Indian,Master Degree,Unrelated,Unpersonalized,Average,3-7 years,0
2517,1,Non-binary,55,Asian,Mental health history,Indian,Master Degree,Somewhat related,Personalized,Average,0-2 years,0
2518,1,Non-binary,45,Asian,None stated,Canadian,Associate Degree,Closely related,Personalized,Average,0-2 years,0
2519,1,Female,40,Hispanic,Mental health history,Indian,Associate Degree,Closely related,Personalized,Below average,0-2 years,0
2520,1,Female,45,Asian,None stated,German,Bachelor Degree,Unrelated,Personalized,Above average,10+ years,0
2521,1,Male,30,White,Physical disability,Canadian,Master Degree,Closely related,Unpersonalized,Below average,3-7 years,0
2522,1,Non-binary,50,White,Mental health history,Canadian,Associate Degree,Somewhat related,Unpersonalized,Average,0-2 years,0
2523,1,Female,35,Hispanic,None stated,Mexican,Associate Degree,Closely related,Unpersonalized,Above average,10+ years,0
2524,1,Non-binary,35,Asian,None stated,German,Master Degree,Somewhat related,Unpersonalized,Average,0-2 years,0
2525,1,Non-binary,35,Black,Mental health history,Canadian,Master Degree,Unrelated,Unpersonalized,Average,3-7 years,0
2526,1,Non-binary,50,White,None stated,Canadian,Associate Degree,Unrelated,Unpersonalized,Below average,10+ years,0
2527,1,Non-binary,35,Hispanic,None stated,German,Associate Degree,Unrelated,Personalized,Below average,3-7 years,0
2528,1,Non-binary,50,Black,Mental health history,Mexican,Master Degree,Closely related,Personalized,Above average,10+ years,1
2529,1,Male,45,White,None stated,German,Bachelor Degree,Unrelated,Unpersonalized,Above average,10+ years,0
2530,1,Female,40,Asian,None stated,Mexican,Bachelor Degree,Unrelated,Personalized,Below average,10+ years,0
2531,1,Male,30,Black,Mental health history,Indian,Associate Degree,Unrelated,Personalized,Average,3-7 years,0
2532,1,Male,50,Black,Physical disability,American,Master Degree,Closely related,Personalized,Above average,3-7 years,0
2533,1,Male,40,Asian,Physical disability,American,Bachelor Degree,Closely related,Personalized,Below average,10+ years,0
2534,1,Male,45,Asian,None stated,German,Master Degree,Unrelated,Unpersonalized,Below average,0-2 years,0
2535,1,Female,55,White,None stated,Mexican,Associate Degree,Closely related,Personalized,Above average,3-7 years,0
2536,1,Female,35,Asian,Physical disability,Indian,Associate Degree,Closely related,Unpersonalized,Average,10+ years,0
2537,1,Non-binary,35,White,Mental health history,Mexican,Master Degree,Closely related,Unpersonalized,Below average,3-7 years,0
2538,1,Female,50,Hispanic,None stated,American,Bachelor Degree,Unrelated,Unpersonalized,Above average,3-7 years,0
2539,1,Male,30,Hispanic,None stated,Indian,Master Degree,Unrelated,Unpersonalized,Below average,3-7 years,0
2540,1,Non-binary,30,Hispanic,None stated,American,Bachelor Degree,Somewhat related,Unpersonalized,Average,3-7 years,0
2541,1,Female,40,Black,Physical disability,Canadian,Associate Degree,Somewhat related,Unpersonalized,Average,10+ years,0
2542,1,Non-binary,55,Asian,None stated,Mexican,Associate Degree,Unrelated,Personalized,Average,3-7 years,0
2543,1,Male,55,Hispanic,Mental health history,Mexican,Bachelor Degree,Unrelated,Personalized,Above average,3-7 years,0
2544,1,Male,35,White,None stated,American,Bachelor Degree,Somewhat related,Unpersonalized,Below average,10+ years,0
2545,1,Female,40,Black,None stated,American,Bachelor Degree,Unrelated,Personalized,Average,3-7 years,0
2546,1,Male,40,Hispanic,Mental health history,German,Associate Degree,Unrelated,Unpersonalized,Below average,0-2 years,0
2547,1,Female,45,Black,None stated,Canadian,Bachelor Degree,Closely related,Unpersonalized,Average,3-7 years,0
2548,1,Non-binary,45,Black,Mental health history,Canadian,Bachelor Degree,Closely related,Personalized,Average,3-7 years,0
2549,1,Female,50,White,Physical disability,American,Bachelor Degree,Somewhat related,Unpersonalized,Above average,3-7 years,0
2550,1,Non-binary,50,Hispanic,Mental health history,German,Bachelor Degree,Closely related,Personalized,Above average,10+ years,1
2551,1,Female,30,Asian,Mental health history,American,Master Degree,Somewhat related,Personalized,Average,10+ years,1
2552,1,Non-binary,50,Black,None stated,Canadian,Bachelor Degree,Unrelated,Unpersonalized,Above average,0-2 years,0
2553,1,Female,45,White,None stated,American,Master Degree,Closely related,Unpersonalized,Average,3-7 years,0
2554,1,Male,50,White,None stated,Canadian,Master Degree,Closely related,Unpersonalized,Average,0-2 years,0
2555,1,Non-binary,50,Asian,Mental health history,Indian,Master Degree,Unrelated,Unpersonalized,Below average,0-2 years,0
2556,1,Male,30,Hispanic,Physical disability,Canadian,Master Degree,Unrelated,Unpersonalized,Average,0-2 years,0
2557,1,Female,40,White,Mental health history,Mexican,Master Degree,Somewhat related,Unpersonalized,Below average,3-7 years,0
2558,1,Non-binary,50,White,None stated,American,Associate Degree,Closely related,Unpersonalized,Below average,0-2 years,0
2559,1,Non-binary,55,Asian,Physical disability,Canadian,Bachelor Degree,Unrelated,Unpersonalized,Above average,10+ years,0
2560,1,Non-binary,55,White,Mental health history,German,Associate Degree,Unrelated,Personalized,Below average,10+ years,0
2561,1,Female,30,Hispanic,Physical disability,Canadian,Master Degree,Closely related,Unpersonalized,Above average,3-7 years,0
2562,1,Non-binary,40,White,None stated,Mexican,Bachelor Degree,Closely related,Personalized,Average,0-2 years,0
2563,1,Female,40,Asian,None stated,Mexican,Master Degree,Somewhat related,Unpersonalized,Below average,10+ years,0
2564,1,Male,50,White,Mental health history,American,Associate Degree,Somewhat related,Personalized,Above average,0-2 years,0
2565,1,Male,45,Black,None stated,German,Master Degree,Closely related,Unpersonalized,Above average,10+ years,1
2566,1,Non-binary,40,White,None stated,Mexican,Master Degree,Unrelated,Unpersonalized,Above average,0-2 years,0
2567,1,Male,30,Hispanic,None stated,Mexican,Master Degree,Unrelated,Unpersonalized,Below average,0-2 years,0
2568,1,Non-binary,55,White,Physical disability,Indian,Associate Degree,Closely related,Unpersonalized,Above average,3-7 years,0
2569,1,Male,30,Hispanic,None stated,American,Bachelor Degree,Somewhat related,Personalized,Below average,10+ years,0
2570,1,Female,30,Hispanic,Mental health history,Mexican,Bachelor Degree,Unrelated,Unpersonalized,Above average,3-7 years,0
2571,1,Non-binary,40,White,Mental health history,Mexican,Bachelor Degree,Closely related,Unpersonalized,Above average,0-2 years,0
2572,1,Male,55,White,Physical disability,Indian,Associate Degree,Closely related,Personalized,Above average,0-2 years,0
2573,1,Male,55,Asian,Mental health history,Canadian,Bachelor Degree,Unrelated,Personalized,Below average,3-7 years,0
2574,1,Non-binary,50,Asian,Mental health history,Mexican,Master Degree,Closely related,Personalized,Average,10+ years,1
2575,1,Non-binary,55,Asian,Physical disability,Indian,Bachelor Degree,Somewhat related,Unpersonalized,Above average,10+ years,0
2576,1,Male,45,Hispanic,Physical disability,Canadian,Bachelor Degree,Unrelated,Personalized,Above average,0-2 years,0
2577,1,Non-binary,50,Black,Physical disability,Canadian,Associate Degree,Unrelated,Unpersonalized,Above average,3-7 years,0
2578,1,Male,55,White,Mental health history,Canadian,Master Degree,Closely related,Unpersonalized,Above average,10+ years,0
2579,1,Female,40,White,None stated,Canadian,Master Degree,Closely related,Personalized,Average,0-2 years,0
2580,1,Male,55,Hispanic,Physical disability,Mexican,Master Degree,Closely related,Unpersonalized,Above average,0-2 years,0
2581,1,Non-binary,45,Black,Physical disability,German,Associate Degree,Unrelated,Personalized,Above average,3-7 years,0
2582,1,Male,35,White,None stated,Mexican,Associate Degree,Closely related,Personalized,Above average,10+ years,1
2583,1,Female,45,Black,Physical disability,Indian,Bachelor Degree,Somewhat related,Unpersonalized,Below average,10+ years,0
2584,1,Male,55,Asian,None stated,Mexican,Associate Degree,Closely related,Unpersonalized,Below average,10+ years,0
2585,1,Non-binary,35,Black,Mental health history,Mexican,Associate Degree,Unrelated,Unpersonalized,Average,10+ years,0
2586,1,Non-binary,45,Hispanic,None stated,American,Bachelor Degree,Unrelated,Unpersonalized,Above average,0-2 years,0
2587,1,Female,40,Hispanic,None stated,Indian,Bachelor Degree,Closely related,Unpersonalized,Average,10+ years,0
2588,1,Female,55,Hispanic,Physical disability,Canadian,Associate Degree,Closely related,Unpersonalized,Average,3-7 years,0
2589,1,Female,45,White,Physical disability,Canadian,Bachelor Degree,Somewhat related,Personalized,Below average,0-2 years,0
2590,1,Male,45,Hispanic,None stated,Canadian,Master Degree,Closely related,Personalized,Above average,10+ years,1
2591,1,Female,50,Asian,Physical disability,Canadian,Associate Degree,Somewhat related,Unpersonalized,Average,3-7 years,0
2592,1,Non-binary,30,Black,Physical disability,Mexican,Bachelor Degree,Unrelated,Personalized,Below average,10+ years,0
2593,1,Male,30,White,None stated,Canadian,Bachelor Degree,Unrelated,Personalized,Above average,3-7 years,0
2594,1,Female,50,White,None stated,Indian,Associate Degree,Unrelated,Unpersonalized,Below average,3-7 years,0
2595,1,Non-binary,35,Black,None stated,Indian,Associate Degree,Somewhat related,Personalized,Below average,10+ years,0
2596,1,Female,40,White,Mental health history,Mexican,Associate Degree,Unrelated,Unpersonalized,Below average,0-2 years,0
2597,1,Female,30,Hispanic,Mental health history,Indian,Master Degree,Unrelated,Personalized,Below average,0-2 years,0
2598,1,Non-binary,55,Asian,None stated,Canadian,Associate Degree,Somewhat related,Personalized,Average,0-2 years,0
2599,1,Male,30,Hispanic,Physical disability,Mexican,Associate Degree,Closely related,Personalized,Above average,3-7 years,0
2600,1,Male,45,Asian,None stated,Indian,Bachelor Degree,Unrelated,Personalized,Average,3-7 years,0
2601,1,Non-binary,55,Asian,None stated,German,Master Degree,Unrelated,Personalized,Above average,0-2 years,0
2602,1,Non-binary,45,White,Mental health history,American,Associate Degree,Closely related,Unpersonalized,Average,3-7 years,0
2603,1,Non-binary,45,Black,Mental health history,Mexican,Associate Degree,Somewhat related,Unpersonalized,Average,0-2 years,0
2604,1,Male,55,White,Physical disability,German,Bachelor Degree,Somewhat related,Personalized,Above average,10+ years,1
2605,1,Female,45,Hispanic,None stated,Canadian,Master Degree,Somewhat related,Personalized,Average,10+ years,0
2606,1,Non-binary,35,Hispanic,Physical disability,Indian,Associate Degree,Somewhat related,Personalized,Below average,0-2 years,0
2607,1,Female,35,White,None stated,Canadian,Associate Degree,Closely related,Personalized,Above average,10+ years,1
2608,1,Male,30,Hispanic,Physical disability,German,Associate Degree,Somewhat related,Personalized,Above average,3-7 years,0
2609,1,Non-binary,40,Hispanic,Mental health history,Mexican,Associate Degree,Closely related,Unpersonalized,Above average,0-2 years,0
2610,1,Non-binary,35,Asian,Mental health history,Canadian,Associate Degree,Somewhat related,Personalized,Average,0-2 years,0
2611,1,Non-binary,55,Hispanic,Mental health history,American,Associate Degree,Unrelated,Personalized,Average,0-2 years,0
2612,1,Female,35,White,Physical disability,American,Associate Degree,Unrelated,Personalized,Above average,0-2 years,0
2613,1,Non-binary,45,Asian,Mental health history,Indian,Master Degree,Unrelated,Personalized,Average,0-2 years,0
2614,1,Female,45,Hispanic,None stated,German,Bachelor Degree,Unrelated,Personalized,Below average,10+ years,0
2615,1,Non-binary,30,White,None stated,German,Master Degree,Unrelated,Unpersonalized,Average,10+ years,0
2616,1,Male,35,Black,Physical disability,Mexican,Master Degree,Closely related,Personalized,Above average,10+ years,1
2617,1,Male,40,Asian,Physical disability,American,Associate Degree,Closely related,Personalized,Average,0-2 years,0
2618,1,Male,40,Black,Physical disability,American,Associate Degree,Closely related,Personalized,Below average,3-7 years,0
2619,1,Female,50,White,None stated,Canadian,Bachelor Degree,Unrelated,Personalized,Below average,0-2 years,0
2620,1,Non-binary,35,Hispanic,None stated,Indian,Master Degree,Unrelated,Unpersonalized,Below average,10+ years,0
2621,1,Female,45,White,Mental health history,Mexican,Master Degree,Somewhat related,Personalized,Below average,10+ years,1
2622,1,Female,55,Asian,Physical disability,German,Bachelor Degree,Somewhat related,Personalized,Above average,10+ years,0
2623,1,Male,40,Asian,Mental health history,Mexican,Bachelor Degree,Somewhat related,Personalized,Below average,3-7 years,0
2624,1,Female,55,Asian,None stated,Indian,Bachelor Degree,Somewhat related,Personalized,Average,10+ years,1
2625,1,Male,40,White,Physical disability,Canadian,Associate Degree,Closely related,Unpersonalized,Average,3-7 years,0
2626,1,Non-binary,55,Black,Physical disability,American,Bachelor Degree,Somewhat related,Personalized,Average,0-2 years,0
2627,1,Female,35,White,None stated,American,Associate Degree,Somewhat related,Personalized,Below average,3-7 years,0
2628,1,Male,30,Asian,Mental health history,American,Master Degree,Closely related,Unpersonalized,Average,3-7 years,0
2629,1,Female,35,White,Mental health history,Indian,Bachelor Degree,Somewhat related,Personalized,Below average,3-7 years,0
2630,1,Female,45,Asian,Physical disability,German,Master Degree,Unrelated,Unpersonalized,Average,0-2 years,0
2631,1,Female,55,Asian,Mental health history,Canadian,Associate Degree,Unrelated,Unpersonalized,Below average,10+ years,0
2632,1,Female,35,White,Physical disability,Indian,Master Degree,Unrelated,Unpersonalized,Below average,3-7 years,0
2633,1,Female,35,Black,Mental health history,Canadian,Master Degree,Closely related,Unpersonalized,Below average,0-2 years,0
2634,1,Female,40,Black,Physical disability,Canadian,Associate Degree,Closely related,Unpersonalized,Below average,0-2 years,0
2635,1,Non-binary,35,Black,None stated,German,Bachelor Degree,Somewhat related,Unpersonalized,Above average,0-2 years,0
2636,1,Male,40,Asian,None stated,American,Bachelor Degree,Unrelated,Unpersonalized,Below average,3-7 years,0
2637,1,Male,55,White,Physical disability,German,Associate Degree,Closely related,Personalized,Average,3-7 years,0
2638,1,Female,50,Black,Mental health history,Indian,Bachelor Degree,Somewhat related,Personalized,Average,3-7 years,0
2639,1,Male,50,Hispanic,Mental health history,Canadian,Master Degree,Unrelated,Personalized,Below average,3-7 years,0
2640,1,Non-binary,35,Hispanic,Physical disability,German,Master Degree,Unrelated,Personalized,Below average,0-2 years,0
2641,1,Male,50,Asian,Physical disability,Indian,Bachelor Degree,Somewhat related,Unpersonalized,Average,10+ years,0
2642,1,Female,55,Black,Physical disability,Indian,Associate Degree,Unrelated,Personalized,Average,3-7 years,0
2643,1,Male,45,Hispanic,Physical disability,Canadian,Associate Degree,Somewhat related,Unpersonalized,Average,3-7 years,0
2644,1,Male,50,White,Mental health history,Canadian,Master Degree,Somewhat related,Personalized,Average,10+ years,0
2645,1,Female,50,White,Physical disability,Mexican,Bachelor Degree,Unrelated,Personalized,Above average,10+ years,0
2646,1,Male,30,Black,None stated,German,Associate Degree,Unrelated,Personalized,Above average,3-7 years,0
2647,1,Non-binary,35,Black,None stated,German,Bachelor Degree,Somewhat related,Personalized,Above average,10+ years,1
2648,1,Male,45,Asian,Mental health history,Indian,Master Degree,Somewhat related,Unpersonalized,Below average,10+ years,0
2649,1,Non-binary,35,Hispanic,Mental health history,American,Associate Degree,Closely related,Personalized,Above average,10+ years,1
2650,1,Male,30,Hispanic,None stated,American,Associate Degree,Closely related,Unpersonalized,Average,3-7 years,0
2651,1,Female,50,Black,Mental health history,Canadian,Associate Degree,Unrelated,Personalized,Above average,3-7 years,0
2652,1,Male,40,Hispanic,Physical disability,Canadian,Master Degree,Closely related,Personalized,Below average,3-7 years,0
2653,1,Non-binary,45,Black,Mental health history,American,Bachelor Degree,Unrelated,Personalized,Above average,0-2 years,0
2654,1,Male,40,Black,Mental health history,American,Associate Degree,Closely related,Personalized,Above average,10+ years,0
2655,1,Female,40,Hispanic,Mental health history,Mexican,Bachelor Degree,Unrelated,Unpersonalized,Below average,0-2 years,0
2656,1,Male,50,Black,Physical disability,American,Master Degree,Unrelated,Unpersonalized,Above average,3-7 years,0
2657,1,Female,30,White,Physical disability,Canadian,Master Degree,Somewhat related,Unpersonalized,Below average,0-2 years,0
2658,1,Female,40,Asian,Physical disability,Canadian,Associate Degree,Unrelated,Personalized,Average,3-7 years,0
2659,1,Female,35,White,Mental health history,Indian,Bachelor Degree,Closely related,Unpersonalized,Below average,10+ years,0
2660,1,Female,45,White,Physical disability,Mexican,Master Degree,Unrelated,Unpersonalized,Above average,0-2 years,0
2661,1,Female,55,White,Mental health history,American,Bachelor Degree,Unrelated,Personalized,Above average,3-7 years,1
2662,1,Non-binary,30,White,Physical disability,American,Associate Degree,Closely related,Personalized,Below average,3-7 years,0
2663,1,Female,35,Black,Physical disability,German,Associate Degree,Closely related,Personalized,Below average,0-2 years,0
2664,1,Non-binary,35,White,Mental health history,Indian,Bachelor Degree,Unrelated,Unpersonalized,Below average,10+ years,0
2665,1,Non-binary,35,White,Physical disability,German,Master Degree,Closely related,Unpersonalized,Above average,0-2 years,0
2666,1,Non-binary,45,White,None stated,American,Bachelor Degree,Unrelated,Unpersonalized,Below average,0-2 years,0
2667,1,Male,55,White,Mental health history,German,Bachelor Degree,Somewhat related,Personalized,Average,10+ years,0
2668,1,Non-binary,55,Hispanic,Physical disability,German,Bachelor Degree,Closely related,Unpersonalized,Below average,3-7 years,0
2669,1,Male,55,Asian,Mental health history,Mexican,Associate Degree,Unrelated,Unpersonalized,Above average,3-7 years,0
2670,1,Female,30,Asian,None stated,Indian,Master Degree,Unrelated,Personalized,Below average,10+ years,0
2671,1,Male,45,White,None stated,Canadian,Bachelor Degree,Somewhat related,Unpersonalized,Average,0-2 years,0
2672,1,Female,55,Black,None stated,Indian,Bachelor Degree,Unrelated,Unpersonalized,Average,10+ years,0
2673,1,Female,40,Black,Mental health history,Canadian,Master Degree,Somewhat related,Unpersonalized,Above average,0-2 years,0
2674,1,Male,50,Hispanic,Mental health history,Canadian,Associate Degree,Unrelated,Personalized,Above average,10+ years,1
2675,1,Non-binary,45,Hispanic,None stated,Indian,Bachelor Degree,Somewhat related,Personalized,Average,10+ years,1
2676,1,Female,35,Asian,Physical disability,Canadian,Master Degree,Closely related,Personalized,Below average,0-2 years,0
2677,1,Female,40,Black,Physical disability,Mexican,Master Degree,Somewhat related,Personalized,Average,10+ years,0
2678,1,Female,50,Asian,Mental health history,Canadian,Bachelor Degree,Unrelated,Personalized,Below average,3-7 years,0
2679,1,Female,30,Asian,None stated,German,Bachelor Degree,Unrelated,Unpersonalized,Below average,3-7 years,0
2680,1,Non-binary,30,Hispanic,Mental health history,American,Associate Degree,Somewhat related,Unpersonalized,Average,0-2 years,0
2681,1,Non-binary,40,Asian,Physical disability,Indian,Master Degree,Unrelated,Personalized,Average,3-7 years,0
2682,1,Male,45,Asian,Physical disability,Canadian,Bachelor Degree,Unrelated,Unpersonalized,Average,0-2 years,0
2683,1,Non-binary,35,Asian,None stated,Mexican,Bachelor Degree,Closely related,Personalized,Above average,10+ years,1
2684,1,Non-binary,35,Hispanic,None stated,Mexican,Associate Degree,Somewhat related,Unpersonalized,Below average,3-7 years,0
2685,1,Non-binary,35,Black,Mental health history,Canadian,Bachelor Degree,Somewhat related,Unpersonalized,Average,0-2 years,0
2686,1,Female,40,Hispanic,Mental health history,German,Bachelor Degree,Somewhat related,Personalized,Above average,10+ years,1
2687,1,Male,50,White,Physical disability,German,Master Degree,Somewhat related,Personalized,Average,0-2 years,0
2688,1,Female,30,White,Mental health history,Mexican,Master Degree,Unrelated,Personalized,Below average,0-2 years,0
2689,1,Non-binary,40,Black,Mental health history,Canadian,Master Degree,Somewhat related,Personalized,Below average,3-7 years,0
2690,1,Male,30,White,None stated,Mexican,Master Degree,Somewhat related,Unpersonalized,Average,10+ years,0
2691,1,Male,30,Asian,None stated,Canadian,Master Degree,Unrelated,Unpersonalized,Below average,0-2 years,0
2692,1,Male,30,Asian,Mental health history,Canadian,Associate Degree,Closely related,Personalized,Above average,3-7 years,1
2693,1,Non-binary,35,Asian,Physical disability,German,Master Degree,Somewhat related,Personalized,Above average,3-7 years,0
2694,1,Non-binary,50,Hispanic,Mental health history,Mexican,Associate Degree,Closely related,Personalized,Average,3-7 years,0
2695,1,Non-binary,35,Hispanic,Physical disability,Canadian,Bachelor Degree,Closely related,Personalized,Average,10+ years,1
2696,1,Male,50,Asian,None stated,American,Associate Degree,Closely related,Unpersonalized,Below average,3-7 years,0
2697,1,Non-binary,35,Asian,None stated,German,Master Degree,Unrelated,Unpersonalized,Above average,0-2 years,0
2698,1,Male,40,Black,Mental health history,American,Associate Degree,Somewhat related,Unpersonalized,Above average,0-2 years,0
2699,1,Male,55,Asian,Mental health history,Canadian,Master Degree,Unrelated,Personalized,Average,10+ years,0
2700,1,Female,50,Black,Mental health history,American,Master Degree,Closely related,Unpersonalized,Average,3-7 years,0
2701,1,Non-binary,50,Black,None stated,American,Associate Degree,Closely related,Personalized,Above average,10+ years,1
2702,1,Non-binary,50,Black,Physical disability,Canadian,Bachelor Degree,Closely related,Personalized,Average,3-7 years,0
2703,1,Male,40,Asian,Physical disability,Indian,Master Degree,Closely related,Unpersonalized,Below average,0-2 years,0
2704,1,Non-binary,55,Asian,None stated,German,Master Degree,Somewhat related,Personalized,Average,3-7 years,0
2705,1,Female,55,White,Mental health history,Canadian,Associate Degree,Closely related,Unpersonalized,Average,3-7 years,0
2706,1,Non-binary,30,Asian,Physical disability,American,Associate Degree,Closely related,Personalized,Below average,10+ years,1
2707,1,Non-binary,30,Black,Mental health history,Mexican,Master Degree,Closely related,Personalized,Above average,3-7 years,1
2708,1,Male,55,Black,None stated,Mexican,Master Degree,Closely related,Personalized,Average,10+ years,1
2709,1,Female,55,White,None stated,German,Bachelor Degree,Closely related,Personalized,Above average,3-7 years,0
2710,1,Male,55,Asian,Mental health history,German,Associate Degree,Closely related,Unpersonalized,Average,3-7 years,0
2711,1,Female,55,Black,None stated,German,Bachelor Degree,Closely related,Unpersonalized,Above average,0-2 years,0
2712,1,Male,30,Asian,Physical disability,American,Bachelor Degree,Somewhat related,Unpersonalized,Below average,0-2 years,0
2713,1,Non-binary,35,Black,Physical disability,German,Master Degree,Unrelated,Unpersonalized,Average,3-7 years,0
2714,1,Female,55,Hispanic,Mental health history,American,Associate Degree,Unrelated,Unpersonalized,Above average,3-7 years,0
2715,1,Female,35,Hispanic,None stated,Mexican,Bachelor Degree,Closely related,Unpersonalized,Average,0-2 years,0
2716,1,Male,55,Black,None stated,Indian,Master Degree,Unrelated,Unpersonalized,Below average,0-2 years,0
2717,1,Female,45,White,Physical disability,German,Associate Degree,Unrelated,Personalized,Below average,3-7 years,0
2718,1,Non-binary,45,Hispanic,None stated,American,Bachelor Degree,Closely related,Personalized,Below average,10+ years,1
2719,1,Female,55,White,Mental health history,American,Bachelor Degree,Closely related,Unpersonalized,Above average,10+ years,1
2720,1,Non-binary,50,Asian,Mental health history,German,Master Degree,Closely related,Personalized,Average,0-2 years,0
2721,1,Non-binary,50,Asian,Mental health history,Mexican,Bachelor Degree,Closely related,Unpersonalized,Below average,10+ years,0
2722,1,Male,55,Black,Physical disability,German,Bachelor Degree,Closely related,Unpersonalized,Average,0-2 years,0
2723,1,Non-binary,55,Black,Mental health history,American,Associate Degree,Unrelated,Personalized,Above average,0-2 years,0
2724,1,Female,30,Hispanic,Mental health history,German,Master Degree,Somewhat related,Unpersonalized,Average,0-2 years,0
2725,1,Male,30,Hispanic,Mental health history,American,Associate Degree,Closely related,Personalized,Below average,0-2 years,0
2726,1,Non-binary,30,White,None stated,American,Bachelor Degree,Closely related,Personalized,Below average,0-2 years,0
2727,1,Non-binary,40,Hispanic,Physical disability,American,Master Degree,Unrelated,Personalized,Above average,0-2 years,0
2728,1,Female,35,Black,None stated,German,Bachelor Degree,Unrelated,Unpersonalized,Below average,0-2 years,0
2729,1,Male,55,Hispanic,Mental health history,American,Bachelor Degree,Somewhat related,Unpersonalized,Above average,0-2 years,0
2730,1,Female,50,Asian,Mental health history,American,Master Degree,Closely related,Personalized,Above average,10+ years,1
2731,1,Male,45,Black,Mental health history,American,Master Degree,Somewhat related,Personalized,Average,0-2 years,0
2732,1,Male,50,Black,Physical disability,Indian,Bachelor Degree,Closely related,Personalized,Average,10+ years,1
2733,1,Non-binary,45,White,Mental health history,Mexican,Master Degree,Somewhat related,Personalized,Below average,3-7 years,0
2734,1,Female,55,Black,Physical disability,American,Associate Degree,Somewhat related,Personalized,Average,3-7 years,0
2735,1,Male,50,Black,Mental health history,American,Master Degree,Closely related,Personalized,Average,10+ years,1
2736,1,Female,40,Black,None stated,Indian,Master Degree,Unrelated,Unpersonalized,Below average,3-7 years,0
2737,1,Non-binary,40,Black,Physical disability,Mexican,Master Degree,Somewhat related,Personalized,Below average,3-7 years,0
2738,1,Female,30,Black,None stated,American,Bachelor Degree,Somewhat related,Unpersonalized,Below average,0-2 years,0
2739,1,Male,50,Asian,None stated,German,Associate Degree,Closely related,Unpersonalized,Below average,10+ years,0
2740,1,Male,30,Black,None stated,Canadian,Bachelor Degree,Unrelated,Personalized,Below average,10+ years,0
2741,1,Female,30,White,Physical disability,German,Bachelor Degree,Unrelated,Unpersonalized,Below average,0-2 years,0
2742,1,Non-binary,40,White,Mental health history,Indian,Master Degree,Somewhat related,Personalized,Average,3-7 years,0
2743,1,Female,35,Hispanic,None stated,Mexican,Bachelor Degree,Unrelated,Unpersonalized,Average,10+ years,0
2744,1,Non-binary,45,Hispanic,None stated,Indian,Associate Degree,Closely related,Personalized,Average,3-7 years,0
2745,1,Non-binary,55,Black,Mental health history,Canadian,Bachelor Degree,Somewhat related,Personalized,Average,10+ years,0
2746,1,Non-binary,45,White,Mental health history,Canadian,Master Degree,Unrelated,Unpersonalized,Below average,3-7 years,0
2747,1,Non-binary,55,Hispanic,Mental health history,Indian,Master Degree,Unrelated,Personalized,Above average,3-7 years,0
2748,1,Male,55,Black,None stated,Indian,Master Degree,Closely related,Unpersonalized,Average,10+ years,0
2749,1,Non-binary,35,White,Physical disability,Canadian,Master Degree,Unrelated,Unpersonalized,Below average,0-2 years,0
2750,1,Male,55,Hispanic,Mental health history,Mexican,Bachelor Degree,Unrelated,Unpersonalized,Average,3-7 years,0
2751,1,Female,55,Black,None stated,German,Master Degree,Somewhat related,Personalized,Average,10+ years,0
2752,1,Female,50,White,Mental health history,Mexican,Bachelor Degree,Closely related,Unpersonalized,Above average,0-2 years,0
2753,1,Male,35,Black,Mental health history,Indian,Associate Degree,Closely related,Personalized,Average,0-2 years,0
2754,1,Male,35,Asian,None stated,Indian,Master Degree,Somewhat related,Personalized,Average,10+ years,1
2755,1,Female,50,White,None stated,Indian,Associate Degree,Closely related,Personalized,Average,0-2 years,0
2756,1,Non-binary,55,Asian,Physical disability,Canadian,Bachelor Degree,Closely related,Personalized,Below average,0-2 years,0
2757,1,Female,50,Black,None stated,American,Associate Degree,Somewhat related,Unpersonalized,Above average,10+ years,0
2758,1,Female,35,Hispanic,Mental health history,American,Master Degree,Somewhat related,Personalized,Above average,0-2 years,0
2759,1,Male,50,White,Mental health history,Canadian,Master Degree,Unrelated,Unpersonalized,Above average,3-7 years,0
2760,1,Female,35,Black,Mental health history,American,Associate Degree,Closely related,Unpersonalized,Average,10+ years,0
2761,1,Male,30,White,None stated,Indian,Associate Degree,Closely related,Personalized,Average,3-7 years,0
2762,1,Female,45,Asian,Mental health history,Mexican,Bachelor Degree,Closely related,Personalized,Below average,10+ years,0
2763,1,Female,45,Hispanic,Physical disability,American,Bachelor Degree,Closely related,Unpersonalized,Above average,0-2 years,0
2764,1,Male,30,Asian,Mental health history,Indian,Master Degree,Somewhat related,Unpersonalized,Average,10+ years,0
2765,1,Female,30,Hispanic,Mental health history,American,Associate Degree,Closely related,Unpersonalized,Below average,0-2 years,0
2766,1,Female,55,Asian,None stated,Mexican,Master Degree,Somewhat related,Personalized,Above average,10+ years,1
2767,1,Non-binary,30,Black,None stated,Canadian,Associate Degree,Unrelated,Personalized,Average,10+ years,0
2768,1,Non-binary,55,Black,Physical disability,Mexican,Associate Degree,Somewhat related,Unpersonalized,Below average,0-2 years,0
2769,1,Non-binary,45,Asian,Mental health history,Canadian,Associate Degree,Closely related,Unpersonalized,Above average,0-2 years,0
2770,1,Male,40,White,Mental health history,Indian,Associate Degree,Closely related,Unpersonalized,Below average,3-7 years,0
2771,1,Male,55,White,Physical disability,Indian,Bachelor Degree,Somewhat related,Personalized,Above average,0-2 years,0
2772,1,Male,35,Asian,Physical disability,Indian,Bachelor Degree,Somewhat related,Unpersonalized,Average,10+ years,0
2773,1,Non-binary,45,Hispanic,Physical disability,German,Associate Degree,Somewhat related,Personalized,Above average,3-7 years,0
2774,1,Female,40,Black,Physical disability,Indian,Bachelor Degree,Somewhat related,Unpersonalized,Below average,10+ years,0
2775,1,Male,45,Asian,Physical disability,Canadian,Bachelor Degree,Somewhat related,Personalized,Below average,0-2 years,0
2776,1,Male,35,Asian,Mental health history,Canadian,Associate Degree,Somewhat related,Unpersonalized,Below average,0-2 years,0
2777,1,Non-binary,30,Asian,None stated,Mexican,Associate Degree,Somewhat related,Unpersonalized,Average,10+ years,0
2778,1,Non-binary,55,Hispanic,None stated,German,Bachelor Degree,Closely related,Personalized,Below average,3-7 years,1
2779,1,Male,35,Black,Mental health history,American,Associate Degree,Unrelated,Unpersonalized,Above average,3-7 years,0
2780,1,Non-binary,35,White,Physical disability,Indian,Associate Degree,Closely related,Personalized,Below average,10+ years,0
2781,1,Non-binary,45,White,Physical disability,Indian,Bachelor Degree,Somewhat related,Unpersonalized,Below average,3-7 years,0
2782,1,Female,35,Hispanic,Mental health history,American,Associate Degree,Somewhat related,Personalized,Above average,3-7 years,0
2783,1,Female,45,White,Mental health history,Canadian,Master Degree,Closely related,Personalized,Above average,10+ years,1
2784,1,Female,40,Hispanic,Physical disability,American,Master Degree,Closely related,Unpersonalized,Below average,10+ years,0
2785,1,Female,40,White,Physical disability,American,Master Degree,Unrelated,Personalized,Above average,0-2 years,0
2786,1,Male,50,Asian,Mental health history,Indian,Associate Degree,Somewhat related,Unpersonalized,Average,3-7 years,0
2787,1,Non-binary,35,Black,None stated,Indian,Bachelor Degree,Unrelated,Unpersonalized,Average,0-2 years,0
2788,1,Male,50,Black,Mental health history,German,Bachelor Degree,Unrelated,Personalized,Average,3-7 years,0
2789,1,Non-binary,30,Black,None stated,Canadian,Bachelor Degree,Somewhat related,Unpersonalized,Below average,0-2 years,0
2790,1,Male,30,Black,None stated,Indian,Bachelor Degree,Unrelated,Personalized,Average,3-7 years,0
2791,1,Male,55,Hispanic,None stated,American,Bachelor Degree,Unrelated,Personalized,Above average,3-7 years,0
2792,1,Male,50,Asian,Mental health history,Indian,Master Degree,Somewhat related,Personalized,Above average,10+ years,0
2793,1,Non-binary,50,Asian,Physical disability,American,Associate Degree,Somewhat related,Personalized,Above average,10+ years,0
2794,1,Non-binary,35,Black,Mental health history,American,Associate Degree,Closely related,Unpersonalized,Above average,10+ years,0
2795,1,Male,45,Asian,Physical disability,American,Bachelor Degree,Unrelated,Personalized,Average,3-7 years,0
2796,1,Non-binary,45,Hispanic,Physical disability,German,Bachelor Degree,Somewhat related,Personalized,Below average,10+ years,0
2797,1,Male,50,Asian,Physical disability,Indian,Bachelor Degree,Closely related,Personalized,Average,10+ years,0
2798,1,Non-binary,40,Asian,Physical disability,Mexican,Associate Degree,Somewhat related,Unpersonalized,Average,0-2 years,0
2799,1,Male,55,White,Physical disability,American,Bachelor Degree,Somewhat related,Unpersonalized,Below average,3-7 years,0
2800,1,Non-binary,45,Black,Physical disability,Canadian,Associate Degree,Somewhat related,Personalized,Below average,3-7 years,0
2801,1,Non-binary,30,Hispanic,Physical disability,Indian,Bachelor Degree,Unrelated,Unpersonalized,Above average,10+ years,0
2802,1,Male,55,White,None stated,Mexican,Bachelor Degree,Somewhat related,Personalized,Average,10+ years,0
2803,1,Female,45,White,Mental health history,Indian,Master Degree,Unrelated,Personalized,Above average,0-2 years,0
2804,1,Non-binary,30,Asian,Mental health history,German,Associate Degree,Unrelated,Unpersonalized,Below average,0-2 years,0
2805,1,Female,55,Asian,Mental health history,Indian,Master Degree,Closely related,Unpersonalized,Below average,0-2 years,0
2806,1,Male,55,Asian,None stated,Canadian,Associate Degree,Unrelated,Personalized,Below average,10+ years,0
2807,1,Male,35,White,Mental health history,Indian,Associate Degree,Closely related,Personalized,Average,10+ years,0
2808,1,Non-binary,35,Black,Mental health history,German,Master Degree,Unrelated,Personalized,Above average,10+ years,1
2809,1,Male,40,Hispanic,None stated,Mexican,Master Degree,Unrelated,Personalized,Below average,0-2 years,0
2810,1,Female,55,White,Mental health history,Indian,Associate Degree,Closely related,Personalized,Below average,0-2 years,0
2811,1,Female,35,Black,None stated,Mexican,Associate Degree,Somewhat related,Unpersonalized,Below average,0-2 years,0
2812,1,Non-binary,50,White,Physical disability,American,Bachelor Degree,Unrelated,Personalized,Above average,3-7 years,0
2813,1,Male,55,White,None stated,Indian,Associate Degree,Somewhat related,Unpersonalized,Above average,10+ years,0
2814,1,Non-binary,45,Asian,Physical disability,American,Master Degree,Closely related,Unpersonalized,Average,10+ years,0
2815,1,Male,30,Hispanic,Physical disability,American,Master Degree,Closely related,Personalized,Above average,3-7 years,1
2816,1,Female,35,Hispanic,Physical disability,Mexican,Bachelor Degree,Closely related,Personalized,Above average,10+ years,1
2817,1,Male,50,Black,None stated,German,Associate Degree,Unrelated,Unpersonalized,Below average,0-2 years,0
2818,1,Female,30,Hispanic,Mental health history,American,Bachelor Degree,Closely related,Personalized,Above average,3-7 years,0
2819,1,Female,35,Hispanic,Mental health history,American,Associate Degree,Somewhat related,Personalized,Average,0-2 years,0
2820,1,Male,30,Asian,Mental health history,Indian,Associate Degree,Closely related,Personalized,Average,0-2 years,0
2821,1,Male,55,Hispanic,None stated,Canadian,Associate Degree,Somewhat related,Personalized,Below average,0-2 years,0
2822,1,Male,40,Black,Physical disability,Mexican,Master Degree,Closely related,Personalized,Above average,3-7 years,0
2823,1,Non-binary,50,White,Mental health history,Indian,Bachelor Degree,Unrelated,Personalized,Average,3-7 years,0
2824,1,Non-binary,35,Black,None stated,German,Bachelor Degree,Somewhat related,Personalized,Average,10+ years,1
2825,1,Male,40,Asian,None stated,Indian,Master Degree,Closely related,Personalized,Average,3-7 years,1
2826,1,Non-binary,50,Hispanic,Physical disability,German,Master Degree,Somewhat related,Personalized,Above average,3-7 years,0
2827,1,Female,55,Black,Physical disability,German,Associate Degree,Unrelated,Unpersonalized,Average,3-7 years,0
2828,1,Non-binary,40,Black,Physical disability,American,Master Degree,Closely related,Unpersonalized,Average,3-7 years,0
2829,1,Female,40,Black,None stated,Mexican,Associate Degree,Unrelated,Unpersonalized,Average,0-2 years,0
2830,1,Female,30,Hispanic,Physical disability,Indian,Associate Degree,Somewhat related,Unpersonalized,Below average,3-7 years,0
2831,1,Non-binary,40,Asian,Mental health history,Canadian,Master Degree,Unrelated,Personalized,Below average,3-7 years,0
2832,1,Non-binary,30,Asian,Physical disability,Mexican,Master Degree,Somewhat related,Unpersonalized,Above average,10+ years,0
2833,1,Non-binary,45,White,Mental health history,Canadian,Associate Degree,Unrelated,Unpersonalized,Average,3-7 years,0
2834,1,Male,30,White,Physical disability,American,Master Degree,Somewhat related,Personalized,Below average,3-7 years,0
2835,1,Male,45,Black,None stated,German,Master Degree,Closely related,Personalized,Above average,10+ years,1
2836,1,Non-binary,35,Asian,Physical disability,Indian,Bachelor Degree,Closely related,Personalized,Below average,0-2 years,0
2837,1,Non-binary,35,White,None stated,American,Bachelor Degree,Somewhat related,Personalized,Below average,0-2 years,0
2838,1,Female,40,Hispanic,Physical disability,Indian,Bachelor Degree,Closely related,Personalized,Above average,0-2 years,0
2839,1,Non-binary,45,Asian,Physical disability,Canadian,Master Degree,Closely related,Unpersonalized,Below average,0-2 years,0
2840,1,Male,55,White,None stated,German,Master Degree,Closely related,Unpersonalized,Below average,3-7 years,0
2841,1,Female,35,Asian,Mental health history,Canadian,Master Degree,Somewhat related,Personalized,Above average,10+ years,1
2842,1,Female,35,Black,Mental health history,Indian,Associate Degree,Closely related,Personalized,Above average,10+ years,1
2843,1,Non-binary,45,Black,None stated,Mexican,Bachelor Degree,Somewhat related,Personalized,Average,10+ years,0
2844,1,Male,50,White,Physical disability,German,Bachelor Degree,Closely related,Unpersonalized,Below average,3-7 years,0
2845,1,Male,55,Hispanic,Mental health history,Canadian,Master Degree,Somewhat related,Personalized,Below average,0-2 years,0
2846,1,Male,30,Hispanic,None stated,American,Master Degree,Somewhat related,Unpersonalized,Above average,0-2 years,0
2847,1,Male,45,Black,Physical disability,German,Bachelor Degree,Somewhat related,Personalized,Average,10+ years,0
2848,1,Female,50,White,Mental health history,Indian,Master Degree,Closely related,Unpersonalized,Average,3-7 years,0
2849,1,Female,50,Hispanic,Mental health history,Canadian,Bachelor Degree,Unrelated,Personalized,Below average,3-7 years,0
2850,1,Female,30,Asian,Physical disability,Indian,Master Degree,Unrelated,Unpersonalized,Average,10+ years,0
2851,1,Female,30,Black,None stated,American,Master Degree,Somewhat related,Personalized,Above average,0-2 years,0
2852,1,Male,35,White,None stated,Canadian,Associate Degree,Somewhat related,Unpersonalized,Below average,10+ years,0
2853,1,Female,50,White,Physical disability,Mexican,Master Degree,Closely related,Unpersonalized,Above average,3-7 years,0
2854,1,Non-binary,35,White,Physical disability,Mexican,Master Degree,Unrelated,Personalized,Below average,0-2 years,0
2855,1,Male,50,Asian,Physical disability,Indian,Bachelor Degree,Somewhat related,Unpersonalized,Average,3-7 years,0
2856,1,Non-binary,45,White,Mental health history,German,Bachelor Degree,Unrelated,Unpersonalized,Below average,0-2 years,0
2857,1,Non-binary,40,Asian,None stated,American,Bachelor Degree,Unrelated,Personalized,Average,3-7 years,0
2858,1,Male,35,Hispanic,Mental health history,American,Bachelor Degree,Somewhat related,Personalized,Above average,10+ years,1
2859,1,Non-binary,45,Asian,Mental health history,Canadian,Associate Degree,Closely related,Unpersonalized,Above average,3-7 years,0
2860,1,Male,55,Asian,Physical disability,Indian,Bachelor Degree,Unrelated,Unpersonalized,Below average,10+ years,0
2861,1,Female,30,Black,None stated,German,Associate Degree,Closely related,Unpersonalized,Below average,3-7 years,0
2862,1,Male,35,Asian,Physical disability,Canadian,Bachelor Degree,Unrelated,Unpersonalized,Above average,3-7 years,0
2863,1,Female,40,Black,Mental health history,American,Associate Degree,Unrelated,Unpersonalized,Average,0-2 years,0
2864,1,Non-binary,30,Black,Physical disability,Mexican,Bachelor Degree,Somewhat related,Unpersonalized,Average,10+ years,0
2865,1,Female,55,Asian,Physical disability,Indian,Bachelor Degree,Closely related,Unpersonalized,Below average,10+ years,0
2866,1,Male,35,White,Physical disability,Canadian,Master Degree,Closely related,Personalized,Below average,10+ years,1
2867,1,Male,40,Black,Mental health history,Indian,Bachelor Degree,Closely related,Personalized,Above average,10+ years,1
2868,1,Female,40,Hispanic,None stated,German,Bachelor Degree,Unrelated,Personalized,Average,3-7 years,0
2869,1,Female,45,Black,Physical disability,American,Bachelor Degree,Somewhat related,Personalized,Above average,10+ years,1
2870,1,Female,35,Hispanic,None stated,German,Master Degree,Somewhat related,Unpersonalized,Average,0-2 years,0
2871,1,Female,55,Black,Physical disability,German,Bachelor Degree,Somewhat related,Unpersonalized,Average,0-2 years,0
2872,1,Female,30,Asian,Mental health history,Canadian,Associate Degree,Somewhat related,Unpersonalized,Average,10+ years,0
2873,1,Male,50,Black,None stated,American,Associate Degree,Closely related,Unpersonalized,Average,10+ years,0
2874,1,Non-binary,55,Asian,None stated,German,Master Degree,Unrelated,Unpersonalized,Below average,0-2 years,0
2875,1,Female,30,White,None stated,Mexican,Bachelor Degree,Somewhat related,Personalized,Above average,10+ years,1
2876,1,Female,40,Asian,None stated,Mexican,Master Degree,Closely related,Personalized,Below average,0-2 years,0
2877,1,Non-binary,50,White,Mental health history,Mexican,Associate Degree,Unrelated,Personalized,Below average,0-2 years,0
2878,1,Non-binary,40,Asian,Mental health history,German,Bachelor Degree,Unrelated,Unpersonalized,Below average,3-7 years,0
2879,1,Non-binary,30,Asian,None stated,Mexican,Bachelor Degree,Unrelated,Personalized,Average,0-2 years,0
2880,1,Male,45,Black,Mental health history,German,Master Degree,Closely related,Unpersonalized,Above average,3-7 years,0
2881,1,Non-binary,45,Hispanic,Physical disability,American,Master Degree,Closely related,Personalized,Below average,3-7 years,0
2882,1,Female,35,White,None stated,American,Associate Degree,Closely related,Personalized,Average,0-2 years,0
2883,1,Non-binary,35,White,Physical disability,Indian,Associate Degree,Closely related,Unpersonalized,Average,0-2 years,0
2884,1,Non-binary,40,White,Physical disability,Indian,Master Degree,Unrelated,Unpersonalized,Below average,10+ years,0
2885,1,Female,55,Hispanic,Physical disability,Indian,Master Degree,Unrelated,Personalized,Below average,3-7 years,0
2886,1,Female,30,Hispanic,Mental health history,American,Master Degree,Somewhat related,Personalized,Above average,10+ years,1
2887,1,Female,50,Black,Mental health history,Mexican,Bachelor Degree,Closely related,Personalized,Average,0-2 years,0
2888,1,Male,40,Black,Physical disability,Canadian,Bachelor Degree,Unrelated,Personalized,Below average,3-7 years,0
2889,1,Non-binary,35,Hispanic,None stated,German,Bachelor Degree,Closely related,Unpersonalized,Below average,0-2 years,0
2890,1,Non-binary,40,Black,Physical disability,Canadian,Bachelor Degree,Somewhat related,Personalized,Below average,3-7 years,0
2891,1,Non-binary,55,White,Physical disability,Canadian,Associate Degree,Somewhat related,Unpersonalized,Above average,0-2 years,0
2892,1,Non-binary,50,Asian,Mental health history,American,Bachelor Degree,Somewhat related,Personalized,Average,3-7 years,0
2893,1,Non-binary,55,Asian,None stated,American,Master Degree,Closely related,Unpersonalized,Average,0-2 years,0
2894,1,Female,55,Asian,Mental health history,Mexican,Bachelor Degree,Unrelated,Unpersonalized,Above average,0-2 years,0
2895,1,Non-binary,40,Hispanic,Mental health history,Canadian,Bachelor Degree,Closely related,Unpersonalized,Average,10+ years,0
2896,1,Female,35,White,Mental health history,Mexican,Bachelor Degree,Closely related,Unpersonalized,Above average,10+ years,0
2897,1,Non-binary,30,Asian,Mental health history,Mexican,Associate Degree,Unrelated,Personalized,Above average,10+ years,0
2898,1,Female,30,Hispanic,None stated,American,Associate Degree,Somewhat related,Unpersonalized,Below average,10+ years,0
2899,1,Female,40,Asian,Mental health history,Mexican,Master Degree,Somewhat related,Unpersonalized,Above average,10+ years,0
2900,1,Non-binary,55,Asian,Physical disability,Mexican,Associate Degree,Unrelated,Unpersonalized,Average,3-7 years,0
2901,1,Non-binary,50,Asian,Mental health history,Canadian,Associate Degree,Unrelated,Personalized,Above average,3-7 years,0
2902,1,Male,30,White,Physical disability,Mexican,Bachelor Degree,Closely related,Personalized,Above average,10+ years,1
2903,1,Non-binary,45,Asian,Mental health history,Indian,Bachelor Degree,Closely related,Unpersonalized,Average,0-2 years,0
2904,1,Male,40,Asian,Physical disability,Indian,Master Degree,Unrelated,Personalized,Above average,0-2 years,0
2905,1,Non-binary,55,Asian,Mental health history,Canadian,Bachelor Degree,Somewhat related,Unpersonalized,Above average,3-7 years,0
2906,1,Non-binary,45,Black,Physical disability,Canadian,Master Degree,Somewhat related,Unpersonalized,Below average,0-2 years,0
2907,1,Male,50,Hispanic,Mental health history,Indian,Associate Degree,Closely related,Unpersonalized,Above average,10+ years,0
2908,1,Female,40,White,None stated,Indian,Master Degree,Unrelated,Unpersonalized,Above average,0-2 years,0
2909,1,Non-binary,55,Black,Mental health history,American,Bachelor Degree,Closely related,Unpersonalized,Above average,0-2 years,0
2910,1,Non-binary,45,Black,None stated,American,Bachelor Degree,Unrelated,Unpersonalized,Above average,10+ years,0
2911,1,Female,30,White,Mental health history,American,Associate Degree,Closely related,Unpersonalized,Below average,3-7 years,0
2912,1,Female,40,Asian,None stated,German,Bachelor Degree,Closely related,Personalized,Below average,0-2 years,0
2913,1,Female,45,Black,Mental health history,Indian,Master Degree,Somewhat related,Personalized,Above average,3-7 years,1
2914,1,Non-binary,40,Asian,None stated,Indian,Bachelor Degree,Closely related,Personalized,Above average,3-7 years,1
2915,1,Male,35,Asian,None stated,Indian,Associate Degree,Somewhat related,Unpersonalized,Above average,3-7 years,0
2916,1,Female,50,Black,Physical disability,American,Bachelor Degree,Unrelated,Unpersonalized,Below average,3-7 years,0
2917,1,Non-binary,50,Black,None stated,American,Master Degree,Unrelated,Unpersonalized,Above average,0-2 years,0
2918,1,Female,30,Black,Mental health history,Canadian,Master Degree,Somewhat related,Unpersonalized,Below average,0-2 years,0
2919,1,Female,30,White,None stated,Indian,Associate Degree,Unrelated,Unpersonalized,Above average,0-2 years,0
2920,1,Female,45,Asian,Physical disability,Canadian,Master Degree,Unrelated,Personalized,Average,0-2 years,0
2921,1,Female,40,White,None stated,American,Associate Degree,Unrelated,Unpersonalized,Average,10+ years,0
2922,1,Non-binary,40,Black,Physical disability,Mexican,Master Degree,Closely related,Personalized,Above average,10+ years,1
2923,1,Non-binary,55,Asian,None stated,Canadian,Bachelor Degree,Somewhat related,Personalized,Average,0-2 years,0
2924,1,Male,55,Asian,Physical disability,Mexican,Bachelor Degree,Somewhat related,Unpersonalized,Average,3-7 years,0
2925,1,Female,50,Hispanic,Mental health history,German,Bachelor Degree,Closely related,Unpersonalized,Average,10+ years,0
2926,1,Female,45,Black,None stated,Canadian,Associate Degree,Unrelated,Unpersonalized,Average,3-7 years,0
2927,1,Non-binary,45,Black,Physical disability,Canadian,Bachelor Degree,Somewhat related,Personalized,Above average,10+ years,1
2928,1,Non-binary,30,Asian,Mental health history,Indian,Bachelor Degree,Somewhat related,Unpersonalized,Below average,10+ years,0
2929,1,Non-binary,35,White,None stated,American,Bachelor Degree,Unrelated,Unpersonalized,Above average,0-2 years,0
2930,1,Non-binary,45,Hispanic,None stated,American,Master Degree,Somewhat related,Personalized,Below average,3-7 years,0
2931,1,Male,30,Black,Mental health history,German,Bachelor Degree,Closely related,Personalized,Above average,3-7 years,1
2932,1,Male,50,White,Physical disability,Indian,Master Degree,Somewhat related,Unpersonalized,Above average,3-7 years,0
2933,1,Female,30,Asian,Physical disability,German,Master Degree,Closely related,Unpersonalized,Below average,0-2 years,0
2934,1,Male,35,White,Physical disability,Mexican,Bachelor Degree,Closely related,Unpersonalized,Average,3-7 years,0
2935,1,Non-binary,45,White,Physical disability,American,Bachelor Degree,Somewhat related,Personalized,Below average,0-2 years,0
2936,1,Non-binary,35,Black,Physical disability,Canadian,Bachelor Degree,Closely related,Unpersonalized,Above average,3-7 years,0
2937,1,Male,40,Asian,Physical disability,Indian,Bachelor Degree,Unrelated,Personalized,Below average,3-7 years,0
2938,1,Non-binary,40,Black,Physical disability,Indian,Master Degree,Closely related,Personalized,Average,10+ years,1
2939,1,Female,45,White,None stated,Canadian,Bachelor Degree,Somewhat related,Personalized,Average,0-2 years,0
2940,1,Non-binary,55,White,Physical disability,Canadian,Associate Degree,Somewhat related,Personalized,Average,10+ years,1
2941,1,Male,50,Black,None stated,Indian,Bachelor Degree,Unrelated,Unpersonalized,Above average,0-2 years,0
2942,1,Male,30,Black,None stated,American,Associate Degree,Somewhat related,Unpersonalized,Above average,0-2 years,0
2943,1,Male,55,Black,None stated,American,Associate Degree,Unrelated,Personalized,Average,10+ years,0
2944,1,Non-binary,50,Asian,Physical disability,American,Master Degree,Closely related,Personalized,Below average,0-2 years,0
2945,1,Non-binary,45,Asian,Mental health history,American,Master Degree,Unrelated,Unpersonalized,Below average,3-7 years,0
2946,1,Female,55,White,Physical disability,American,Bachelor Degree,Unrelated,Unpersonalized,Below average,0-2 years,0
2947,1,Female,45,White,Mental health history,Indian,Associate Degree,Unrelated,Unpersonalized,Average,0-2 years,0
2948,1,Male,45,Asian,Mental health history,Indian,Master Degree,Unrelated,Unpersonalized,Above average,0-2 years,0
2949,1,Non-binary,30,Hispanic,Mental health history,Mexican,Master Degree,Unrelated,Unpersonalized,Average,10+ years,0
2950,1,Non-binary,35,White,Physical disability,Canadian,Associate Degree,Unrelated,Unpersonalized,Average,3-7 years,0
2951,1,Male,55,White,Mental health history,Canadian,Master Degree,Unrelated,Unpersonalized,Above average,10+ years,0
2952,1,Female,55,Black,Mental health history,Canadian,Master Degree,Somewhat related,Personalized,Above average,10+ years,0
2953,1,Male,30,Asian,Physical disability,German,Associate Degree,Somewhat related,Unpersonalized,Below average,0-2 years,0
2954,1,Male,55,Hispanic,Physical disability,Mexican,Master Degree,Unrelated,Unpersonalized,Above average,10+ years,0
2955,1,Male,55,Black,Mental health history,Indian,Master Degree,Closely related,Unpersonalized,Above average,3-7 years,0
2956,1,Female,40,Black,Physical disability,American,Associate Degree,Somewhat related,Unpersonalized,Above average,10+ years,0
2957,1,Female,40,White,Mental health history,American,Master Degree,Unrelated,Personalized,Average,0-2 years,0
2958,1,Male,55,White,None stated,German,Bachelor Degree,Unrelated,Personalized,Above average,10+ years,0
2959,1,Female,55,Asian,None stated,Indian,Master Degree,Unrelated,Personalized,Average,3-7 years,0
2960,1,Male,45,Hispanic,Mental health history,Mexican,Master Degree,Unrelated,Personalized,Above average,3-7 years,0
2961,1,Non-binary,55,Black,Mental health history,Indian,Associate Degree,Somewhat related,Unpersonalized,Below average,3-7 years,0
2962,1,Male,55,White,Physical disability,Indian,Master Degree,Somewhat related,Personalized,Above average,10+ years,1
2963,1,Non-binary,45,White,None stated,Indian,Associate Degree,Closely related,Personalized,Above average,10+ years,0
2964,1,Non-binary,30,Asian,Physical disability,Canadian,Bachelor Degree,Unrelated,Personalized,Above average,3-7 years,0
2965,1,Female,35,Black,Physical disability,American,Associate Degree,Closely related,Personalized,Above average,10+ years,1
2966,1,Female,50,Asian,Mental health history,Mexican,Associate Degree,Closely related,Personalized,Above average,3-7 years,0
2967,1,Male,40,Asian,None stated,Canadian,Master Degree,Unrelated,Unpersonalized,Below average,3-7 years,0
2968,1,Female,35,Hispanic,None stated,American,Master Degree,Somewhat related,Personalized,Above average,10+ years,1
2969,1,Non-binary,45,White,None stated,German,Bachelor Degree,Unrelated,Personalized,Above average,0-2 years,0
2970,1,Female,30,Asian,Physical disability,Indian,Master Degree,Somewhat related,Unpersonalized,Below average,0-2 years,0
2971,1,Non-binary,40,White,Mental health history,Mexican,Bachelor Degree,Somewhat related,Personalized,Below average,0-2 years,0
2972,1,Female,55,Black,Physical disability,German,Master Degree,Closely related,Personalized,Below average,0-2 years,0
2973,1,Female,55,Hispanic,None stated,Mexican,Bachelor Degree,Somewhat related,Personalized,Below average,10+ years,0
2974,1,Female,45,White,None stated,Canadian,Associate Degree,Somewhat related,Unpersonalized,Below average,0-2 years,0
2975,1,Male,30,Asian,Physical disability,Canadian,Bachelor Degree,Unrelated,Personalized,Average,10+ years,0
2976,1,Female,30,Black,Physical disability,American,Associate Degree,Closely related,Personalized,Above average,3-7 years,0
2977,1,Male,55,White,Physical disability,American,Associate Degree,Unrelated,Unpersonalized,Average,3-7 years,0
2978,1,Non-binary,35,White,None stated,Indian,Bachelor Degree,Somewhat related,Personalized,Below average,10+ years,0
2979,1,Female,50,White,None stated,Canadian,Associate Degree,Closely related,Personalized,Above average,10+ years,0
2980,1,Male,30,Black,Mental health history,Indian,Master Degree,Somewhat related,Personalized,Above average,3-7 years,0
2981,1,Female,40,White,Mental health history,Canadian,Master Degree,Unrelated,Personalized,Below average,3-7 years,0
2982,1,Non-binary,50,Hispanic,Mental health history,American,Bachelor Degree,Closely related,Personalized,Average,0-2 years,0
2983,1,Male,30,Black,Mental health history,Mexican,Bachelor Degree,Somewhat related,Personalized,Above average,10+ years,1
2984,1,Female,45,Asian,Mental health history,Mexican,Bachelor Degree,Somewhat related,Unpersonalized,Above average,10+ years,0
2985,1,Non-binary,55,Hispanic,Mental health history,German,Bachelor Degree,Unrelated,Unpersonalized,Below average,0-2 years,0
2986,1,Male,30,Asian,Physical disability,Canadian,Master Degree,Closely related,Unpersonalized,Average,3-7 years,0
2987,1,Non-binary,35,Black,Physical disability,American,Bachelor Degree,Closely related,Unpersonalized,Average,10+ years,0
2988,1,Female,30,Black,Mental health history,Mexican,Associate Degree,Unrelated,Unpersonalized,Above average,10+ years,0
2989,1,Non-binary,40,Asian,Mental health history,American,Bachelor Degree,Unrelated,Unpersonalized,Below average,3-7 years,0
2990,1,Female,45,Hispanic,Physical disability,Mexican,Bachelor Degree,Somewhat related,Unpersonalized,Below average,3-7 years,0
2991,1,Non-binary,35,Black,None stated,German,Bachelor Degree,Closely related,Personalized,Above average,10+ years,1
2992,1,Female,55,Black,Physical disability,German,Associate Degree,Somewhat related,Unpersonalized,Average,3-7 years,0
2993,1,Female,55,White,None stated,American,Associate Degree,Unrelated,Unpersonalized,Above average,0-2 years,0
2994,1,Non-binary,30,Hispanic,None stated,Canadian,Bachelor Degree,Closely related,Personalized,Average,10+ years,1
2995,1,Female,35,Black,None stated,German,Associate Degree,Unrelated,Unpersonalized,Average,3-7 years,0
2996,1,Male,35,Asian,None stated,Mexican,Bachelor Degree,Closely related,Personalized,Above average,3-7 years,1
2997,1,Female,50,Hispanic,Mental health history,German,Bachelor Degree,Closely related,Unpersonalized,Below average,10+ years,0
2998,1,Male,45,White,Physical disability,American,Bachelor Degree,Somewhat related,Unpersonalized,Above average,0-2 years,0
2999,1,Male,50,Hispanic,Mental health history,Indian,Master Degree,Somewhat related,Unpersonalized,Below average,0-2 years,0
3000,1,Non-binary,35,White,None stated,Canadian,Associate Degree,Somewhat related,Unpersonalized,Below average,3-7 years,0
