observation_id,scenario,gender,age,race,disability_status,nationality,monthly_income,rental_history,employment_status,credit_check,deposit_offered,chosen
1,1,Male,40,Hispanic,None stated,Mexican,4x the rent,Positive references,Part-time,Excellent,1 month deposit,1
2,1,Non-binary,40,Hispanic,None stated,Canadian,4x the rent,Prior late payments,Part-time,Good,3 months deposit,1
3,1,Non-binary,50,Black,Mental health history,American,4x the rent,No prior rental history,Full-time,Excellent,3 months deposit,1
4,1,Non-binary,55,Hispanic,Physical disability,Mexican,4x the rent,Positive references,Part-time,Excellent,1 month deposit,1
5,1,Non-binary,55,White,Physical disability,Mexican,2x the rent,No prior rental history,Part-time,Good,2 months deposit,1
6,1,Female,45,White,Mental health history,German,2x the rent,Positive references,Part-time,Fair,2 months deposit,1
7,1,Male,50,Asian,Mental health history,Indian,2x the rent,No prior rental history,Self-employed,Excellent,3 months deposit,1
8,1,Non-binary,55,Hispanic,Mental health history,American,3x the rent,Positive references,Part-time,Good,3 months deposit,1
9,1,Male,40,White,Physical disability,Indian,3x the rent,Positive references,Part-time,Good,3 months deposit,1
10,1,Female,45,Black,Physical disability,German,2x the rent,Prior late payments,Part-time,Excellent,2 months deposit,0
11,1,Non-binary,45,Black,Mental health history,Mexican,3x the rent,Prior late payments,Self-employed,Good,3 months deposit,1
12,1,Male,30,White,None stated,Mexican,2x the rent,Positive references,Self-employed,Excellent,1 month deposit,1
13,1,Non-binary,30,Black,None stated,American,2x the rent,No prior rental history,Part-time,Excellent,1 month deposit,1
14,1,Male,45,Asian,Physical disability,American,2x the rent,Positive references,Self-employed,Fair,2 months deposit,1
15,1,Female,30,Black,None stated,Mexican,2x the rent,Prior late payments,Self-employed,Good,2 months deposit,0
16,1,Non-binary,45,White,Physical disability,Canadian,3x the rent,No prior rental history,Self-employed,Fair,2 months deposit,0
17,1,Male,55,White,Mental health history,American,2x the rent,Prior late payments,Self-employed,Good,3 months deposit,0
18,1,Female,45,White,Physical disability,Indian,3x the rent,Positive references,Full-time,Good,2 months deposit,1
19,1,Non-binary,35,White,Mental health history,German,4x the rent,Positive references,Part-time,Excellent,3 months deposit,1
20,1,Male,30,Asian,Mental health history,Indian,4x the rent,Positive references,Self-employed,Excellent,2 months deposit,1
21,1,Non-binary,50,Black,Mental health history,American,4x the rent,Positive references,Self-employed,Good,1 month deposit,1
22,1,Non-binary,45,Asian,None stated,Indian,3x the rent,Positive references,Full-time,Good,1 month deposit,1
23,1,Non-binary,50,Hispanic,Physical disability,German,4x the rent,No prior rental history,Part-time,Excellent,2 months deposit,1
24,1,Female,45,White,None stated,Indian,4x the rent,No prior rental history,Full-time,Good,1 month deposit,1
25,1,Non-binary,30,Asian,Mental health history,Indian,2x the rent,No prior rental history,Full-time,Good,1 month deposit,1
26,1,Male,40,Hispanic,Mental health history,Indian,2x the rent,Prior late payments,Full-time,Fair,3 months deposit,0
27,1,Female,45,Hispanic,None stated,Indian,2x the rent,Prior late payments,Full-time,Excellent,1 month deposit,1
28,1,Male,45,White,Mental health history,American,4x the rent,Positive references,Part-time,Excellent,1 month deposit,1
29,1,Male,35,Black,Physical disability,American,2x the rent,Positive references,Full-time,Fair,1 month deposit,1
30,1,Non-binary,35,Asian,Physical disability,German,3x the rent,No prior rental history,Full-time,Fair,2 months deposit,1
31,1,Male,55,Hispanic,None stated,Canadian,2x the rent,Prior late payments,Self-employed,Excellent,3 months deposit,1
32,1,Male,55,White,None stated,American,2x the rent,Prior late payments,Self-employed,Excellent,2 months deposit,0
33,1,Non-binary,55,Black,Physical disability,German,2x the rent,Positive references,Self-employed,Excellent,2 months deposit,1
34,1,Male,35,White,None stated,Indian,3x the rent,Positive references,Self-employed,Excellent,3 months deposit,1
35,1,Male,45,Black,None stated,Canadian,4x the rent,No prior rental history,Full-time,Good,1 month deposit,1
36,1,Female,35,Hispanic,Physical disability,Indian,4x the rent,No prior rental history,Self-employed,Excellent,2 months deposit,1
37,1,Male,50,Hispanic,Physical disability,Canadian,4x the rent,Prior late payments,Full-time,Excellent,1 month deposit,1
38,1,Non-binary,40,Hispanic,None stated,Indian,2x the rent,Positive references,Full-time,Good,2 months deposit,1
39,1,Female,50,White,Mental health history,Canadian,2x the rent,Prior late payments,Self-employed,Excellent,2 months deposit,0
40,1,Female,50,Asian,None stated,American,3x the rent,Positive references,Full-time,Excellent,1 month deposit,1
41,1,Male,50,Hispanic,Mental health history,American,3x the rent,Prior late payments,Self-employed,Good,3 months deposit,1
42,1,Female,50,Black,Physical disability,American,3x the rent,Positive references,Part-time,Excellent,1 month deposit,1
43,1,Non-binary,40,Black,Physical disability,Indian,4x the rent,No prior rental history,Self-employed,Excellent,2 months deposit,1
44,1,Female,45,Hispanic,Mental health history,German,4x the rent,Prior late payments,Part-time,Fair,1 month deposit,1
45,1,Male,55,Hispanic,None stated,American,2x the rent,Prior late payments,Full-time,Good,3 months deposit,1
46,1,Female,35,Black,Physical disability,Canadian,3x the rent,Prior late payments,Self-employed,Excellent,1 month deposit,0
47,1,Female,45,Asian,None stated,German,3x the rent,Positive references,Part-time,Good,3 months deposit,1
48,1,Male,45,Asian,None stated,Indian,2x the rent,Prior late payments,Self-employed,Excellent,1 month deposit,0
49,1,Non-binary,40,Hispanic,Mental health history,Mexican,2x the rent,No prior rental history,Part-time,Fair,1 month deposit,0
50,1,Non-binary,45,Asian,None stated,German,2x the rent,Positive references,Part-time,Excellent,1 month deposit,1
51,1,Non-binary,30,Hispanic,Physical disability,Mexican,4x the rent,No prior rental history,Self-employed,Fair,2 months deposit,1
52,1,Male,40,White,Mental health history,American,4x the rent,Prior late payments,Self-employed,Excellent,1 month deposit,1
53,1,Female,35,Asian,Mental health history,Indian,2x the rent,Positive references,Part-time,Good,3 months deposit,1
54,1,Female,40,Asian,Mental health history,German,2x the rent,Prior late payments,Self-employed,Fair,3 months deposit,0
55,1,Female,55,Hispanic,Physical disability,German,4x the rent,No prior rental history,Self-employed,Fair,2 months deposit,0
56,1,Male,45,White,Mental health history,Mexican,4x the rent,No prior rental history,Full-time,Good,1 month deposit,1
57,1,Female,45,White,None stated,German,4x the rent,Prior late payments,Full-time,Excellent,2 months deposit,1
58,1,Female,35,Asian,Mental health history,Indian,2x the rent,No prior rental history,Part-time,Excellent,2 months deposit,1
59,1,Female,35,Black,None stated,Mexican,2x the rent,Prior late payments,Part-time,Good,1 month deposit,0
60,1,Non-binary,30,Hispanic,Physical disability,German,2x the rent,Positive references,Self-employed,Fair,2 months deposit,1
61,1,Male,55,Asian,Physical disability,Indian,3x the rent,Prior late payments,Full-time,Fair,2 months deposit,0
62,1,Non-binary,50,White,Physical disability,Indian,3x the rent,Prior late payments,Self-employed,Fair,3 months deposit,1
63,1,Female,30,Hispanic,None stated,Mexican,3x the rent,Positive references,Part-time,Fair,1 month deposit,1
64,1,Female,45,Black,None stated,Mexican,4x the rent,Prior late payments,Full-time,Fair,1 month deposit,0
65,1,Non-binary,35,White,Mental health history,Canadian,3x the rent,No prior rental history,Part-time,Fair,2 months deposit,0
66,1,Female,50,Hispanic,None stated,German,2x the rent,Positive references,Self-employed,Excellent,2 months deposit,1
67,1,Non-binary,40,White,Physical disability,German,2x the rent,Positive references,Part-time,Good,3 months deposit,1
68,1,Male,35,White,Mental health history,Canadian,4x the rent,Prior late payments,Self-employed,Good,1 month deposit,0
69,1,Female,40,White,Physical disability,Indian,4x the rent,No prior rental history,Part-time,Good,1 month deposit,1
70,1,Non-binary,35,Asian,None stated,Indian,3x the rent,No prior rental history,Part-time,Excellent,1 month deposit,0
71,1,Male,40,White,Mental health history,Indian,2x the rent,No prior rental history,Self-employed,Fair,3 months deposit,0
72,1,Non-binary,30,Hispanic,None stated,Canadian,3x the rent,No prior rental history,Full-time,Good,1 month deposit,1
73,1,Non-binary,30,Hispanic,None stated,American,3x the rent,Prior late payments,Self-employed,Fair,1 month deposit,0
74,1,Male,55,Hispanic,None stated,American,4x the rent,Positive references,Full-time,Excellent,1 month deposit,1
75,1,Female,55,Asian,None stated,Canadian,3x the rent,No prior rental history,Self-employed,Good,2 months deposit,1
76,1,Male,55,Asian,Physical disability,American,2x the rent,Positive references,Part-time,Fair,1 month deposit,1
77,1,Female,50,White,None stated,Indian,3x the rent,Prior late payments,Full-time,Fair,2 months deposit,0
78,1,Non-binary,35,Black,Mental health history,German,4x the rent,Prior late payments,Full-time,Good,2 months deposit,0
79,1,Female,55,White,None stated,German,3x the rent,No prior rental history,Part-time,Excellent,1 month deposit,1
80,1,Male,50,Hispanic,None stated,German,3x the rent,Prior late payments,Part-time,Fair,2 months deposit,0
81,1,Male,30,Hispanic,None stated,Canadian,3x the rent,Prior late payments,Full-time,Excellent,3 months deposit,0
82,1,Non-binary,30,Asian,Mental health history,German,2x the rent,No prior rental history,Full-time,Good,3 months deposit,1
83,1,Non-binary,55,Hispanic,Physical disability,Indian,3x the rent,No prior rental history,Self-employed,Excellent,1 month deposit,1
84,1,Non-binary,30,Black,None stated,Mexican,2x the rent,No prior rental history,Part-time,Excellent,1 month deposit,1
85,1,Non-binary,55,Hispanic,Physical disability,Indian,4x the rent,No prior rental history,Self-employed,Good,2 months deposit,0
86,1,Female,45,White,Mental health history,Indian,2x the rent,No prior rental history,Self-employed,Excellent,2 months deposit,1
87,1,Female,50,Black,None stated,Indian,4x the rent,No prior rental history,Part-time,Fair,3 months deposit,1
88,1,Non-binary,45,Hispanic,Physical disability,American,3x the rent,No prior rental history,Self-employed,Excellent,1 month deposit,1
89,1,Male,30,Black,Physical disability,Indian,3x the rent,No prior rental history,Part-time,Fair,3 months deposit,0
90,1,Non-binary,35,Black,Physical disability,American,3x the rent,Positive references,Full-time,Excellent,3 months deposit,1
91,1,Female,35,Black,Mental health history,Indian,3x the rent,No prior rental history,Self-employed,Fair,1 month deposit,0
92,1,Non-binary,35,White,None stated,Canadian,2x the rent,No prior rental history,Part-time,Good,2 months deposit,1
93,1,Female,40,Asian,Physical disability,American,2x the rent,No prior rental history,Part-time,Excellent,1 month deposit,1
94,1,Male,50,Asian,None stated,German,2x the rent,Prior late payments,Full-time,Good,2 months deposit,1
95,1,Female,30,Black,Physical disability,Indian,4x the rent,No prior rental history,Self-employed,Fair,2 months deposit,0
96,1,Non-binary,55,Hispanic,Mental health history,German,4x the rent,Prior late payments,Part-time,Fair,2 months deposit,0
97,1,Non-binary,50,White,Physical disability,American,4x the rent,No prior rental history,Part-time,Fair,1 month deposit,1
98,1,Male,50,White,Physical disability,American,3x the rent,Positive references,Part-time,Good,1 month deposit,1
99,1,Non-binary,55,Black,Mental health history,American,2x the rent,Positive references,Full-time,Excellent,3 months deposit,1
100,1,Female,55,Black,Mental health history,German,3x the rent,Positive references,Full-time,Fair,1 month deposit,1
101,1,Male,45,Hispanic,None stated,Indian,4x the rent,Positive references,Part-time,Fair,1 month deposit,1
102,1,Male,50,White,Physical disability,American,2x the rent,Prior late payments,Part-time,Excellent,3 months deposit,0
103,1,Female,35,White,Physical disability,Indian,3x the rent,No prior rental history,Full-time,Excellent,2 months deposit,1
104,1,Female,35,Hispanic,None stated,Indian,4x the rent,No prior rental history,Part-time,Fair,1 month deposit,0
105,1,Non-binary,30,Hispanic,Physical disability,American,3x the rent,No prior rental history,Full-time,Good,2 months deposit,1
106,1,Male,30,Black,Physical disability,German,3x the rent,No prior rental history,Full-time,Excellent,1 month deposit,1
107,1,Male,45,Asian,None stated,American,2x the rent,No prior rental history,Self-employed,Fair,2 months deposit,0
108,1,Male,40,Asian,Mental health history,Mexican,4x the rent,No prior rental history,Self-employed,Fair,2 months deposit,0
109,1,Female,50,Black,None stated,American,4x the rent,Positive references,Full-time,Excellent,3 months deposit,1
110,1,Non-binary,30,Asian,Mental health history,Indian,4x the rent,Positive references,Part-time,Fair,1 month deposit,1
111,1,Male,55,Black,Physical disability,German,4x the rent,Positive references,Self-employed,Good,3 months deposit,1
112,1,Non-binary,35,Asian,Mental health history,Indian,3x the rent,No prior rental history,Self-employed,Fair,1 month deposit,0
113,1,Male,35,Asian,Physical disability,Canadian,3x the rent,Prior late payments,Self-employed,Fair,1 month deposit,0
114,1,Male,40,Asian,Mental health history,German,3x the rent,No prior rental history,Self-employed,Good,3 months deposit,1
115,1,Female,50,White,Mental health history,American,3x the rent,Positive references,Self-employed,Fair,2 months deposit,1
116,1,Male,45,Black,None stated,Indian,4x the rent,No prior rental history,Self-employed,Excellent,3 months deposit,1
117,1,Non-binary,45,Hispanic,Physical disability,Mexican,4x the rent,No prior rental history,Part-time,Excellent,3 months deposit,1
118,1,Female,30,Black,Mental health history,Mexican,4x the rent,Positive references,Self-employed,Excellent,2 months deposit,1
119,1,Non-binary,35,Hispanic,None stated,Canadian,4x the rent,Prior late payments,Self-employed,Good,3 months deposit,1
120,1,Female,45,Hispanic,Physical disability,German,3x the rent,Positive references,Self-employed,Fair,3 months deposit,1
121,1,Female,30,White,None stated,Canadian,2x the rent,Prior late payments,Full-time,Excellent,2 months deposit,1
122,1,Female,55,Asian,None stated,American,2x the rent,Positive references,Self-employed,Good,2 months deposit,1
123,1,Non-binary,50,Hispanic,Physical disability,American,2x the rent,Positive references,Self-employed,Excellent,3 months deposit,1
124,1,Female,45,Asian,Mental health history,Mexican,2x the rent,No prior rental history,Self-employed,Good,1 month deposit,1
125,1,Male,50,White,Physical disability,Mexican,4x the rent,Prior late payments,Part-time,Good,2 months deposit,0
126,1,Non-binary,40,Black,None stated,American,4x the rent,Prior late payments,Part-time,Excellent,2 months deposit,1
127,1,Female,30,Hispanic,None stated,Canadian,3x the rent,Positive references,Full-time,Good,3 months deposit,1
128,1,Female,40,Asian,Mental health history,Indian,2x the rent,Prior late payments,Part-time,Fair,1 month deposit,0
129,1,Non-binary,40,White,Mental health history,German,2x the rent,Positive references,Self-employed,Fair,3 months deposit,1
130,1,Non-binary,35,Asian,None stated,Indian,4x the rent,Positive references,Full-time,Good,2 months deposit,1
131,1,Non-binary,40,Hispanic,Physical disability,Mexican,3x the rent,No prior rental history,Self-employed,Excellent,1 month deposit,1
132,1,Male,35,Black,Physical disability,Indian,4x the rent,Prior late payments,Part-time,Fair,1 month deposit,0
133,1,Male,35,White,Physical disability,Mexican,3x the rent,Prior late payments,Self-employed,Good,2 months deposit,0
134,1,Non-binary,50,Asian,Mental health history,Canadian,3x the rent,Prior late payments,Self-employed,Fair,2 months deposit,0
135,1,Non-binary,40,Hispanic,Physical disability,German,2x the rent,Prior late payments,Full-time,Good,1 month deposit,0
136,1,Female,45,Asian,Physical disability,Canadian,4x the rent,Prior late payments,Full-time,Excellent,2 months deposit,0
137,1,Female,30,White,Physical disability,Canadian,2x the rent,No prior rental history,Self-employed,Good,1 month deposit,1
138,1,Non-binary,50,Black,Physical disability,German,2x the rent,Positive references,Full-time,Excellent,1 month deposit,1
139,1,Non-binary,50,Hispanic,None stated,Indian,2x the rent,Positive references,Part-time,Fair,1 month deposit,1
140,1,Non-binary,45,Hispanic,None stated,Canadian,3x the rent,Positive references,Part-time,Excellent,1 month deposit,1
141,1,Non-binary,40,Black,None stated,Canadian,4x the rent,Prior late payments,Part-time,Fair,3 months deposit,0
142,1,Non-binary,55,White,Mental health history,Indian,4x the rent,No prior rental history,Part-time,Good,2 months deposit,1
143,1,Female,45,Hispanic,Physical disability,Mexican,4x the rent,Positive references,Self-employed,Good,3 months deposit,1
144,1,Female,55,Black,Physical disability,American,4x the rent,Positive references,Full-time,Fair,3 months deposit,1
145,1,Non-binary,50,White,None stated,German,2x the rent,Positive references,Part-time,Fair,1 month deposit,1
146,1,Female,55,Black,Physical disability,Mexican,3x the rent,Prior late payments,Full-time,Excellent,2 months deposit,1
147,1,Female,45,Hispanic,None stated,Mexican,2x the rent,Positive references,Self-employed,Fair,1 month deposit,1
148,1,Non-binary,50,Black,None stated,Indian,4x the rent,No prior rental history,Full-time,Good,1 month deposit,1
149,1,Male,45,Asian,Mental health history,American,2x the rent,Positive references,Part-time,Excellent,3 months deposit,1
150,1,Female,35,White,Mental health history,Canadian,4x the rent,Positive references,Full-time,Excellent,3 months deposit,1
151,1,Male,45,Hispanic,Physical disability,Indian,4x the rent,Positive references,Full-time,Fair,3 months deposit,1
152,1,Non-binary,30,White,None stated,Indian,2x the rent,Prior late payments,Self-employed,Good,1 month deposit,0
153,1,Male,50,Hispanic,Mental health history,German,4x the rent,Positive references,Part-time,Fair,3 months deposit,1
154,1,Female,35,Asian,Mental health history,Canadian,2x the rent,Prior late payments,Full-time,Good,1 month deposit,1
155,1,Female,40,White,Mental health history,Canadian,3x the rent,No prior rental history,Full-time,Excellent,3 months deposit,1
156,1,Female,35,Black,Mental health history,American,4x the rent,Prior late payments,Part-time,Good,1 month deposit,1
157,1,Female,55,White,Physical disability,Mexican,4x the rent,No prior rental history,Part-time,Good,1 month deposit,1
158,1,Female,35,Hispanic,None stated,Mexican,2x the rent,Positive references,Self-employed,Good,3 months deposit,1
159,1,Male,45,Asian,Mental health history,Mexican,4x the rent,Positive references,Full-time,Fair,3 months deposit,1
160,1,Female,30,White,Physical disability,German,2x the rent,Prior late payments,Self-employed,Fair,3 months deposit,0
161,1,Female,55,Black,Physical disability,Canadian,4x the rent,No prior rental history,Self-employed,Fair,2 months deposit,1
162,1,Male,55,Black,Physical disability,Indian,2x the rent,No prior rental history,Self-employed,Good,3 months deposit,1
163,1,Female,50,Hispanic,Mental health history,American,4x the rent,No prior rental history,Full-time,Fair,2 months deposit,0
164,1,Non-binary,30,Black,Mental health history,Mexican,3x the rent,No prior rental history,Full-time,Fair,1 month deposit,1
165,1,Non-binary,35,White,None stated,American,2x the rent,Prior late payments,Full-time,Good,2 months deposit,0
166,1,Female,40,White,Mental health history,Mexican,2x the rent,No prior rental history,Self-employed,Good,3 months deposit,0
167,1,Female,55,Hispanic,None stated,German,4x the rent,No prior rental history,Full-time,Excellent,1 month deposit,1
168,1,Non-binary,55,Asian,Physical disability,American,3x the rent,Positive references,Part-time,Good,1 month deposit,1
169,1,Male,45,Asian,Mental health history,Mexican,3x the rent,No prior rental history,Full-time,Excellent,2 months deposit,1
170,1,Non-binary,50,Hispanic,Physical disability,Canadian,3x the rent,No prior rental history,Self-employed,Excellent,1 month deposit,1
171,1,Male,30,White,None stated,German,2x the rent,Positive references,Full-time,Good,1 month deposit,1
172,1,Non-binary,30,Black,Mental health history,American,3x the rent,No prior rental history,Full-time,Excellent,1 month deposit,1
173,1,Male,50,Asian,Mental health history,American,2x the rent,No prior rental history,Self-employed,Good,1 month deposit,1
174,1,Non-binary,40,Hispanic,None stated,Canadian,4x the rent,Positive references,Full-time,Fair,2 months deposit,1
175,1,Female,35,Asian,Physical disability,Canadian,3x the rent,Prior late payments,Self-employed,Fair,1 month deposit,0
176,1,Non-binary,50,Black,Mental health history,Indian,4x the rent,Prior late payments,Self-employed,Excellent,1 month deposit,1
177,1,Male,45,Black,Mental health history,Canadian,3x the rent,Positive references,Full-time,Good,3 months deposit,1
178,1,Female,45,Black,Physical disability,Mexican,4x the rent,Positive references,Full-time,Fair,2 months deposit,1
179,1,Non-binary,55,Hispanic,None stated,Canadian,2x the rent,No prior rental history,Part-time,Fair,1 month deposit,0
180,1,Non-binary,50,Hispanic,None stated,German,4x the rent,Prior late payments,Full-time,Fair,2 months deposit,1
181,1,Male,30,White,None stated,Indian,2x the rent,No prior rental history,Full-time,Fair,3 months deposit,1
182,1,Male,35,Black,Physical disability,American,2x the rent,Positive references,Full-time,Excellent,1 month deposit,1
183,1,Non-binary,40,Asian,Mental health history,Canadian,3x the rent,Positive references,Self-employed,Fair,1 month deposit,1
184,1,Female,45,Black,Physical disability,German,3x the rent,Positive references,Full-time,Excellent,1 month deposit,1
185,1,Non-binary,30,Black,Mental health history,American,2x the rent,No prior rental history,Full-time,Good,3 months deposit,1
186,1,Female,35,Hispanic,None stated,Mexican,2x the rent,Prior late payments,Full-time,Fair,1 month deposit,0
187,1,Non-binary,30,Hispanic,Physical disability,Mexican,4x the rent,Positive references,Self-employed,Fair,3 months deposit,1
188,1,Non-binary,50,Black,Mental health history,Indian,2x the rent,No prior rental history,Full-time,Good,2 months deposit,1
189,1,Non-binary,45,Asian,Mental health history,Mexican,3x the rent,Positive references,Full-time,Excellent,1 month deposit,1
190,1,Non-binary,30,Black,None stated,Canadian,3x the rent,Prior late payments,Part-time,Fair,3 months deposit,0
191,1,Male,35,Hispanic,Mental health history,Indian,3x the rent,Prior late payments,Full-time,Fair,3 months deposit,0
192,1,Female,30,White,Physical disability,Mexican,3x the rent,No prior rental history,Self-employed,Fair,1 month deposit,0
193,1,Male,50,White,None stated,German,2x the rent,Positive references,Self-employed,Fair,3 months deposit,1
194,1,Female,45,Black,None stated,Mexican,2x the rent,No prior rental history,Full-time,Fair,2 months deposit,1
195,1,Non-binary,55,Asian,Physical disability,Indian,4x the rent,Prior late payments,Self-employed,Good,2 months deposit,1
196,1,Female,40,Hispanic,None stated,Mexican,2x the rent,Positive references,Part-time,Good,2 months deposit,1
197,1,Female,45,Asian,Physical disability,Mexican,4x the rent,No prior rental history,Full-time,Fair,2 months deposit,1
198,1,Female,30,Asian,Physical disability,Indian,4x the rent,No prior rental history,Full-time,Fair,1 month deposit,1
199,1,Female,45,Asian,Physical disability,American,4x the rent,No prior rental history,Self-employed,Excellent,1 month deposit,1
200,1,Female,40,Black,Physical disability,Canadian,4x the rent,No prior rental history,Self-employed,Good,3 months deposit,1
201,1,Non-binary,50,White,None stated,American,2x the rent,Positive references,Full-time,Fair,3 months deposit,1
202,1,Non-binary,30,Hispanic,Mental health history,American,2x the rent,Positive references,Self-employed,Fair,2 months deposit,1
203,1,Non-binary,30,Black,None stated,American,2x the rent,Prior late payments,Self-employed,Good,2 months deposit,0
204,1,Female,55,Asian,Mental health history,Indian,2x the rent,Positive references,Self-employed,Excellent,2 months deposit,1
205,1,Non-binary,30,Hispanic,Mental health history,German,4x the rent,Prior late payments,Part-time,Fair,1 month deposit,0
206,1,Male,50,Hispanic,Mental health history,Canadian,4x the rent,Prior late payments,Full-time,Good,2 months deposit,1
207,1,Female,45,Hispanic,None stated,Indian,3x the rent,Positive references,Part-time,Fair,2 months deposit,1
208,1,Female,40,Hispanic,Mental health history,Canadian,2x the rent,Positive references,Full-time,Fair,1 month deposit,1
209,1,Male,50,White,Mental health history,Indian,4x the rent,Prior late payments,Self-employed,Fair,3 months deposit,0
210,1,Non-binary,50,Asian,Mental health history,Canadian,2x the rent,No prior rental history,Full-time,Fair,2 months deposit,1
211,1,Non-binary,45,Black,Physical disability,Indian,2x the rent,Positive references,Part-time,Good,3 months deposit,1
212,1,Male,55,White,None stated,Indian,2x the rent,No prior rental history,Part-time,Excellent,2 months deposit,1
213,1,Non-binary,45,Black,Mental health history,American,2x the rent,Positive references,Self-employed,Fair,2 months deposit,1
214,1,Non-binary,45,Black,None stated,German,3x the rent,No prior rental history,Self-employed,Good,2 months deposit,1
215,1,Non-binary,40,Black,Mental health history,Indian,4x the rent,No prior rental history,Full-time,Good,1 month deposit,1
216,1,Female,55,Black,Physical disability,Mexican,3x the rent,No prior rental history,Self-employed,Excellent,1 month deposit,1
217,1,Female,40,Asian,Physical disability,Mexican,4x the rent,Prior late payments,Self-employed,Excellent,3 months deposit,0
218,1,Non-binary,30,White,None stated,Indian,3x the rent,Positive references,Self-employed,Excellent,1 month deposit,1
219,1,Female,55,Black,None stated,American,3x the rent,Positive references,Full-time,Good,1 month deposit,1
220,1,Female,40,Asian,Physical disability,Canadian,3x the rent,No prior rental history,Self-employed,Good,3 months deposit,1
221,1,Male,45,Asian,Mental health history,Mexican,4x the rent,Positive references,Self-employed,Excellent,2 months deposit,1
222,1,Female,50,Hispanic,Physical disability,Canadian,2x the rent,Positive references,Full-time,Good,1 month deposit,1
223,1,Female,50,Black,None stated,Canadian,2x the rent,Prior late payments,Full-time,Excellent,1 month deposit,0
224,1,Non-binary,40,Asian,None stated,Mexican,2x the rent,Positive references,Part-time,Fair,2 months deposit,1
225,1,Female,55,Hispanic,Mental health history,German,3x the rent,Positive references,Full-time,Fair,1 month deposit,1
226,1,Male,35,Asian,Mental health history,German,2x the rent,No prior rental history,Full-time,Good,2 months deposit,0
227,1,Non-binary,40,Asian,Mental health history,Indian,3x the rent,Prior late payments,Self-employed,Fair,3 months deposit,0
228,1,Non-binary,45,White,Mental health history,Indian,2x the rent,Positive references,Part-time,Good,1 month deposit,1
229,1,Female,40,White,None stated,Mexican,4x the rent,Prior late payments,Part-time,Fair,3 months deposit,0
230,1,Female,30,Hispanic,Mental health history,German,4x the rent,Prior late payments,Part-time,Fair,3 months deposit,0
231,1,Male,50,Hispanic,Physical disability,German,4x the rent,No prior rental history,Part-time,Good,1 month deposit,1
232,1,Male,35,Black,None stated,Indian,2x the rent,No prior rental history,Part-time,Good,1 month deposit,1
233,1,Female,45,White,Physical disability,American,3x the rent,Positive references,Full-time,Excellent,2 months deposit,1
234,1,Female,30,White,Physical disability,Indian,4x the rent,Positive references,Self-employed,Good,3 months deposit,1
235,1,Non-binary,45,Hispanic,Physical disability,Canadian,2x the rent,Prior late payments,Part-time,Good,1 month deposit,0
236,1,Male,45,Hispanic,Physical disability,American,3x the rent,Prior late payments,Self-employed,Fair,2 months deposit,0
237,1,Non-binary,50,Asian,None stated,Canadian,3x the rent,Prior late payments,Full-time,Good,3 months deposit,1
238,1,Non-binary,40,Asian,None stated,Mexican,2x the rent,Prior late payments,Self-employed,Good,2 months deposit,1
239,1,Female,40,Hispanic,Physical disability,German,2x the rent,Prior late payments,Self-employed,Fair,3 months deposit,0
240,1,Non-binary,35,White,Mental health history,Mexican,3x the rent,Prior late payments,Part-time,Fair,3 months deposit,0
241,1,Female,45,White,None stated,American,2x the rent,Positive references,Part-time,Fair,3 months deposit,1
242,1,Female,40,Hispanic,Physical disability,American,3x the rent,Prior late payments,Self-employed,Excellent,1 month deposit,0
243,1,Female,35,Black,None stated,Mexican,3x the rent,No prior rental history,Full-time,Excellent,3 months deposit,1
244,1,Non-binary,30,White,Physical disability,American,3x the rent,Positive references,Full-time,Excellent,1 month deposit,1
245,1,Non-binary,35,White,Mental health history,Indian,4x the rent,No prior rental history,Part-time,Excellent,3 months deposit,1
246,1,Female,35,Black,None stated,Indian,4x the rent,No prior rental history,Part-time,Good,2 months deposit,0
247,1,Female,45,Black,None stated,Indian,3x the rent,No prior rental history,Self-employed,Fair,2 months deposit,1
248,1,Non-binary,35,Black,Physical disability,German,4x the rent,No prior rental history,Full-time,Fair,2 months deposit,0
249,1,Male,30,Black,Mental health history,Canadian,4x the rent,No prior rental history,Part-time,Fair,3 months deposit,0
250,1,Male,50,Hispanic,Physical disability,Indian,4x the rent,Prior late payments,Full-time,Excellent,2 months deposit,0
251,1,Non-binary,35,White,None stated,Mexican,4x the rent,Positive references,Full-time,Good,1 month deposit,1
252,1,Male,40,Hispanic,Mental health history,German,2x the rent,Positive references,Full-time,Excellent,1 month deposit,1
253,1,Male,40,White,None stated,American,2x the rent,No prior rental history,Part-time,Good,3 months deposit,0
254,1,Female,50,Asian,None stated,Mexican,2x the rent,Positive references,Self-employed,Good,2 months deposit,1
255,1,Female,40,Black,Mental health history,German,3x the rent,No prior rental history,Self-employed,Fair,3 months deposit,1
256,1,Male,35,Hispanic,Physical disability,Indian,4x the rent,No prior rental history,Full-time,Fair,1 month deposit,0
257,1,Female,30,White,Mental health history,German,3x the rent,Prior late payments,Self-employed,Excellent,2 months deposit,1
258,1,Non-binary,50,Hispanic,Physical disability,Canadian,3x the rent,No prior rental history,Part-time,Excellent,1 month deposit,1
259,1,Female,35,Hispanic,None stated,German,3x the rent,Prior late payments,Self-employed,Good,3 months deposit,0
260,1,Female,40,Asian,Mental health history,Canadian,4x the rent,Prior late payments,Part-time,Fair,1 month deposit,0
261,1,Female,35,Asian,None stated,German,3x the rent,No prior rental history,Full-time,Excellent,2 months deposit,1
262,1,Non-binary,40,Hispanic,Physical disability,German,2x the rent,Prior late payments,Part-time,Excellent,3 months deposit,0
263,1,Non-binary,50,White,Mental health history,German,3x the rent,No prior rental history,Full-time,Fair,1 month deposit,1
264,1,Male,55,Black,None stated,Canadian,4x the rent,No prior rental history,Part-time,Good,3 months deposit,1
265,1,Female,35,Asian,Mental health history,German,3x the rent,No prior rental history,Full-time,Good,3 months deposit,1
266,1,Male,40,White,Mental health history,Indian,3x the rent,Positive references,Full-time,Excellent,2 months deposit,1
267,1,Male,35,White,None stated,Canadian,4x the rent,Positive references,Full-time,Fair,2 months deposit,1
268,1,Non-binary,35,Black,None stated,German,4x the rent,Positive references,Part-time,Excellent,3 months deposit,1
269,1,Non-binary,35,Hispanic,None stated,Indian,2x the rent,No prior rental history,Self-employed,Fair,1 month deposit,1
270,1,Non-binary,45,Hispanic,Mental health history,Indian,4x the rent,No prior rental history,Self-employed,Excellent,3 months deposit,1
271,1,Male,35,White,Mental health history,Mexican,4x the rent,Prior late payments,Self-employed,Fair,1 month deposit,0
272,1,Non-binary,45,White,Physical disability,American,2x the rent,Positive references,Full-time,Excellent,3 months deposit,1
273,1,Non-binary,35,Hispanic,Physical disability,Canadian,4x the rent,Positive references,Full-time,Excellent,3 months deposit,1
274,1,Non-binary,30,White,Mental health history,Canadian,2x the rent,No prior rental history,Full-time,Good,2 months deposit,1
275,1,Non-binary,40,Black,None stated,Mexican,4x the rent,Positive references,Part-time,Excellent,1 month deposit,1
276,1,Female,45,White,None stated,German,4x the rent,Prior late payments,Part-time,Fair,1 month deposit,0
277,1,Male,45,Hispanic,Physical disability,German,3x the rent,Positive references,Part-time,Good,3 months deposit,1
278,1,Non-binary,55,Black,Physical disability,Canadian,3x the rent,Positive references,Self-employed,Fair,2 months deposit,1
279,1,Female,55,Asian,None stated,Mexican,2x the rent,No prior rental history,Self-employed,Excellent,1 month deposit,1
280,1,Male,50,Black,Mental health history,American,4x the rent,No prior rental history,Self-employed,Fair,3 months deposit,0
281,1,Female,30,Black,Mental health history,Canadian,3x the rent,No prior rental history,Self-employed,Fair,2 months deposit,1
282,1,Female,40,Hispanic,None stated,German,3x the rent,Positive references,Part-time,Good,2 months deposit,1
283,1,Male,35,White,None stated,American,4x the rent,No prior rental history,Full-time,Good,3 months deposit,1
284,1,Female,40,White,None stated,Indian,2x the rent,Prior late payments,Full-time,Excellent,2 months deposit,1
285,1,Female,45,Asian,Mental health history,Indian,2x the rent,Prior late payments,Part-time,Excellent,2 months deposit,1
286,1,Male,45,Asian,Physical disability,Indian,4x the rent,No prior rental history,Part-time,Fair,3 months deposit,0
287,1,Non-binary,35,White,None stated,American,2x the rent,No prior rental history,Self-employed,Good,2 months deposit,1
288,1,Non-binary,45,Hispanic,Mental health history,Mexican,4x the rent,No prior rental history,Full-time,Fair,3 months deposit,1
289,1,Male,40,White,Physical disability,German,2x the rent,No prior rental history,Part-time,Excellent,3 months deposit,1
290,1,Non-binary,45,Black,Mental health history,Mexican,4x the rent,Prior late payments,Part-time,Good,3 months deposit,1
291,1,Non-binary,40,White,None stated,Mexican,4x the rent,Prior late payments,Self-employed,Excellent,1 month deposit,0
292,1,Non-binary,50,White,Physical disability,Mexican,2x the rent,Prior late payments,Self-employed,Good,3 months deposit,0
293,1,Non-binary,45,White,None stated,German,2x the rent,Prior late payments,Self-employed,Good,1 month deposit,0
294,1,Male,55,Black,Mental health history,American,2x the rent,No prior rental history,Part-time,Excellent,1 month deposit,1
295,1,Female,45,Asian,Mental health history,Mexican,3x the rent,Prior late payments,Self-employed,Fair,3 months deposit,0
296,1,Female,40,Asian,Physical disability,Canadian,2x the rent,Prior late payments,Part-time,Excellent,1 month deposit,1
297,1,Female,40,Hispanic,Physical disability,Indian,2x the rent,No prior rental history,Self-employed,Fair,2 months deposit,0
298,1,Non-binary,45,Asian,Mental health history,Canadian,2x the rent,Positive references,Self-employed,Good,2 months deposit,1
299,1,Female,40,Hispanic,Mental health history,Canadian,2x the rent,Prior late payments,Self-employed,Fair,3 months deposit,0
300,1,Male,55,Black,None stated,Canadian,4x the rent,Positive references,Full-time,Good,1 month deposit,1
301,1,Female,40,Asian,None stated,German,4x the rent,Prior late payments,Full-time,Excellent,1 month deposit,0
302,1,Non-binary,55,Hispanic,Mental health history,Indian,4x the rent,No prior rental history,Part-time,Excellent,3 months deposit,1
303,1,Female,35,Asian,Physical disability,American,4x the rent,No prior rental history,Part-time,Excellent,2 months deposit,1
304,1,Non-binary,50,Black,Mental health history,German,2x the rent,Prior late payments,Self-employed,Fair,2 months deposit,0
305,1,Female,45,White,Physical disability,American,2x the rent,Prior late payments,Self-employed,Fair,1 month deposit,0
306,1,Female,45,Asian,Mental health history,Canadian,2x the rent,Positive references,Self-employed,Excellent,3 months deposit,1
307,1,Non-binary,35,Hispanic,None stated,German,3x the rent,No prior rental history,Self-employed,Fair,2 months deposit,0
308,1,Female,40,Black,Mental health history,Indian,4x the rent,Prior late payments,Full-time,Fair,1 month deposit,1
309,1,Non-binary,30,Hispanic,None stated,Canadian,4x the rent,Prior late payments,Full-time,Fair,2 months deposit,0
310,1,Male,40,Asian,Physical disability,German,2x the rent,Prior late payments,Part-time,Good,2 months deposit,0
311,1,Female,45,Asian,None stated,Canadian,2x the rent,Prior late payments,Self-employed,Good,2 months deposit,0
312,1,Non-binary,50,Black,None stated,Mexican,2x the rent,No prior rental history,Self-employed,Good,1 month deposit,1
313,1,Non-binary,35,Asian,Mental health history,Indian,3x the rent,Prior late payments,Self-employed,Excellent,3 months deposit,1
314,1,Male,45,Hispanic,Physical disability,Mexican,2x the rent,No prior rental history,Self-employed,Good,3 months deposit,1
315,1,Male,30,Hispanic,Mental health history,Indian,2x the rent,No prior rental history,Self-employed,Excellent,2 months deposit,1
316,1,Female,55,Hispanic,Mental health history,Canadian,3x the rent,Positive references,Part-time,Excellent,1 month deposit,1
317,1,Non-binary,35,Hispanic,None stated,American,4x the rent,No prior rental history,Full-time,Excellent,2 months deposit,1
318,1,Male,35,White,Physical disability,Mexican,3x the rent,Prior late payments,Full-time,Excellent,3 months deposit,0
319,1,Non-binary,55,Black,Mental health history,Canadian,4x the rent,Positive references,Self-employed,Excellent,2 months deposit,1
320,1,Male,35,Black,None stated,German,2x the rent,No prior rental history,Full-time,Good,2 months deposit,1
321,1,Male,30,Asian,Mental health history,Indian,2x the rent,Positive references,Self-employed,Good,3 months deposit,1
322,1,Non-binary,45,Asian,Mental health history,American,2x the rent,No prior rental history,Part-time,Excellent,3 months deposit,1
323,1,Non-binary,55,Hispanic,Physical disability,Canadian,3x the rent,Prior late payments,Part-time,Fair,1 month deposit,0
324,1,Male,35,Black,None stated,German,2x the rent,No prior rental history,Part-time,Good,3 months deposit,1
325,1,Male,30,White,None stated,German,4x the rent,Prior late payments,Self-employed,Fair,2 months deposit,0
326,1,Non-binary,30,Asian,Mental health history,American,3x the rent,Prior late payments,Self-employed,Fair,1 month deposit,0
327,1,Male,30,Asian,Mental health history,German,3x the rent,No prior rental history,Part-time,Excellent,3 months deposit,0
328,1,Non-binary,35,Asian,None stated,German,3x the rent,Positive references,Full-time,Excellent,2 months deposit,1
329,1,Non-binary,40,Hispanic,None stated,Canadian,3x the rent,Positive references,Self-employed,Good,1 month deposit,1
330,1,Non-binary,30,Asian,None stated,Indian,4x the rent,Prior late payments,Self-employed,Good,1 month deposit,1
331,1,Non-binary,50,White,Physical disability,Canadian,4x the rent,Positive references,Full-time,Excellent,3 months deposit,1
332,1,Non-binary,30,Black,None stated,American,2x the rent,Positive references,Part-time,Good,1 month deposit,1
333,1,Non-binary,45,Asian,Mental health history,Mexican,3x the rent,No prior rental history,Self-employed,Fair,3 months deposit,0
334,1,Male,30,Black,None stated,Canadian,4x the rent,Positive references,Full-time,Excellent,2 months deposit,1
335,1,Non-binary,55,Black,Mental health history,Mexican,2x the rent,No prior rental history,Full-time,Fair,3 months deposit,0
336,1,Non-binary,35,Hispanic,None stated,German,4x the rent,Positive references,Full-time,Excellent,2 months deposit,1
337,1,Non-binary,55,Hispanic,Mental health history,Indian,4x the rent,Prior late payments,Full-time,Fair,2 months deposit,1
338,1,Female,30,White,None stated,Mexican,3x the rent,No prior rental history,Part-time,Good,3 months deposit,1
339,1,Non-binary,30,Black,None stated,Canadian,2x the rent,Positive references,Full-time,Excellent,3 months deposit,1
340,1,Male,40,Black,Physical disability,Indian,4x the rent,No prior rental history,Full-time,Fair,3 months deposit,1
341,1,Non-binary,55,White,Mental health history,Indian,3x the rent,Prior late payments,Self-employed,Good,2 months deposit,0
342,1,Female,55,Hispanic,Mental health history,German,4x the rent,Positive references,Full-time,Good,3 months deposit,1
343,1,Male,50,Black,Physical disability,American,3x the rent,No prior rental history,Part-time,Good,2 months deposit,1
344,1,Female,30,White,Physical disability,Canadian,2x the rent,Positive references,Part-time,Excellent,3 months deposit,1
345,1,Male,45,Black,Mental health history,Canadian,2x the rent,Positive references,Full-time,Good,2 months deposit,1
346,1,Female,55,White,Mental health history,German,3x the rent,Positive references,Part-time,Good,2 months deposit,1
347,1,Non-binary,45,Black,None stated,American,3x the rent,No prior rental history,Full-time,Good,2 months deposit,1
348,1,Female,40,Asian,Mental health history,American,4x the rent,Positive references,Part-time,Excellent,2 months deposit,1
349,1,Non-binary,55,Asian,Mental health history,Canadian,2x the rent,Positive references,Self-employed,Good,3 months deposit,1
350,1,Female,30,Asian,None stated,American,3x the rent,Prior late payments,Full-time,Excellent,1 month deposit,0
351,1,Female,50,Asian,Mental health history,Mexican,2x the rent,Prior late payments,Full-time,Excellent,2 months deposit,1
352,1,Female,45,Black,Physical disability,Indian,2x the rent,Prior late payments,Full-time,Excellent,2 months deposit,1
353,1,Non-binary,55,Hispanic,None stated,Canadian,2x the rent,No prior rental history,Part-time,Fair,3 months deposit,0
354,1,Non-binary,45,White,Physical disability,Mexican,2x the rent,Prior late payments,Self-employed,Excellent,1 month deposit,1
355,1,Female,40,Asian,Mental health history,Mexican,2x the rent,Positive references,Self-employed,Fair,1 month deposit,1
356,1,Female,40,Asian,Mental health history,American,4x the rent,Positive references,Self-employed,Fair,2 months deposit,1
357,1,Non-binary,45,Hispanic,Physical disability,Mexican,4x the rent,No prior rental history,Part-time,Good,2 months deposit,1
358,1,Male,35,Black,Physical disability,German,3x the rent,No prior rental history,Part-time,Fair,2 months deposit,0
359,1,Male,35,Hispanic,Physical disability,Mexican,4x the rent,Prior late payments,Full-time,Fair,2 months deposit,0
360,1,Male,45,Asian,None stated,Canadian,3x the rent,No prior rental history,Self-employed,Fair,2 months deposit,1
361,1,Female,35,Black,Physical disability,Canadian,4x the rent,No prior rental history,Full-time,Excellent,3 months deposit,1
362,1,Female,45,White,None stated,German,2x the rent,Prior late payments,Self-employed,Fair,1 month deposit,0
363,1,Non-binary,40,White,Physical disability,German,2x the rent,No prior rental history,Part-time,Excellent,3 months deposit,1
364,1,Male,45,Hispanic,Mental health history,American,4x the rent,No prior rental history,Part-time,Excellent,2 months deposit,1
365,1,Non-binary,40,Hispanic,Mental health history,Mexican,2x the rent,No prior rental history,Full-time,Good,1 month deposit,1
366,1,Non-binary,30,Black,Physical disability,American,3x the rent,Positive references,Self-employed,Excellent,3 months deposit,1
367,1,Male,55,Black,None stated,Canadian,3x the rent,Positive references,Part-time,Excellent,3 months deposit,1
368,1,Male,30,Asian,Mental health history,Canadian,3x the rent,Positive references,Self-employed,Good,2 months deposit,1
369,1,Female,45,Hispanic,Mental health history,Canadian,4x the rent,Prior late payments,Full-time,Fair,1 month deposit,0
370,1,Female,30,White,Mental health history,Canadian,2x the rent,Positive references,Part-time,Fair,2 months deposit,1
371,1,Female,45,White,None stated,American,4x the rent,Positive references,Part-time,Fair,1 month deposit,1
372,1,Non-binary,45,White,Physical disability,Canadian,2x the rent,Positive references,Full-time,Fair,1 month deposit,1
373,1,Non-binary,40,Asian,Physical disability,American,3x the rent,Positive references,Full-time,Good,3 months deposit,1
374,1,Male,50,White,Physical disability,American,4x the rent,No prior rental history,Self-employed,Excellent,2 months deposit,1
375,1,Non-binary,40,White,Mental health history,German,2x the rent,Positive references,Self-employed,Good,2 months deposit,1
376,1,Male,30,White,Mental health history,American,4x the rent,No prior rental history,Self-employed,Excellent,3 months deposit,1
377,1,Male,35,Black,None stated,Indian,2x the rent,Positive references,Self-employed,Excellent,3 months deposit,1
378,1,Non-binary,40,Hispanic,None stated,American,3x the rent,Prior late payments,Full-time,Excellent,2 months deposit,1
379,1,Non-binary,30,Asian,Physical disability,German,3x the rent,Positive references,Full-time,Fair,3 months deposit,1
380,1,Male,45,Black,Mental health history,Canadian,2x the rent,Positive references,Full-time,Fair,2 months deposit,1
381,1,Female,35,Hispanic,Mental health history,Canadian,4x the rent,Prior late payments,Part-time,Excellent,2 months deposit,0
382,1,Male,50,Hispanic,Physical disability,Indian,3x the rent,No prior rental history,Full-time,Good,2 months deposit,1
383,1,Male,40,White,None stated,American,4x the rent,Positive references,Self-employed,Excellent,1 month deposit,1
384,1,Female,50,Black,None stated,Mexican,2x the rent,No prior rental history,Full-time,Fair,2 months deposit,1
385,1,Male,35,White,Physical disability,German,3x the rent,Prior late payments,Self-employed,Fair,1 month deposit,0
386,1,Female,45,Black,Physical disability,Mexican,4x the rent,No prior rental history,Full-time,Good,1 month deposit,1
387,1,Female,35,Hispanic,Mental health history,Mexican,2x the rent,Prior late payments,Part-time,Fair,3 months deposit,0
388,1,Female,55,Black,Physical disability,Indian,3x the rent,Prior late payments,Part-time,Excellent,2 months deposit,0
389,1,Male,55,Asian,None stated,Canadian,2x the rent,Prior late payments,Full-time,Fair,2 months deposit,0
390,1,Non-binary,50,Hispanic,Mental health history,Indian,3x the rent,No prior rental history,Self-employed,Good,3 months deposit,0
391,1,Male,55,Hispanic,Mental health history,American,4x the rent,Prior late payments,Self-employed,Fair,1 month deposit,0
392,1,Non-binary,30,White,None stated,Indian,4x the rent,Prior late payments,Full-time,Excellent,1 month deposit,1
393,1,Male,55,Black,Physical disability,American,4x the rent,Prior late payments,Self-employed,Fair,1 month deposit,0
394,1,Male,40,Hispanic,Physical disability,German,2x the rent,Positive references,Part-time,Good,2 months deposit,1
395,1,Non-binary,50,White,Mental health history,American,2x the rent,Positive references,Part-time,Good,1 month deposit,1
396,1,Male,50,Hispanic,Physical disability,Canadian,3x the rent,Prior late payments,Self-employed,Excellent,2 months deposit,0
397,1,Female,40,Black,None stated,Canadian,4x the rent,No prior rental history,Full-time,Excellent,3 months deposit,1
398,1,Female,30,Hispanic,Mental health history,Canadian,2x the rent,Prior late payments,Part-time,Excellent,2 months deposit,0
399,1,Male,45,White,Mental health history,American,4x the rent,Positive references,Part-time,Good,3 months deposit,1
400,1,Non-binary,35,White,None stated,Canadian,2x the rent,No prior rental history,Self-employed,Fair,3 months deposit,0
401,1,Male,45,White,Mental health history,Mexican,2x the rent,No prior rental history,Part-time,Excellent,2 months deposit,1
402,1,Female,35,Asian,None stated,Canadian,2x the rent,Positive references,Self-employed,Good,3 months deposit,1
403,1,Female,45,Black,None stated,Canadian,4x the rent,Prior late payments,Full-time,Good,1 month deposit,0
404,1,Female,45,Black,Mental health history,Mexican,2x the rent,Positive references,Self-employed,Good,3 months deposit,1
405,1,Male,30,White,Physical disability,Indian,4x the rent,Prior late payments,Self-employed,Fair,1 month deposit,0
406,1,Female,50,White,None stated,German,4x the rent,Positive references,Full-time,Fair,2 months deposit,1
407,1,Female,45,Black,Mental health history,Indian,2x the rent,Positive references,Full-time,Good,1 month deposit,1
408,1,Non-binary,30,White,Mental health history,Canadian,4x the rent,No prior rental history,Part-time,Fair,1 month deposit,0
409,1,Non-binary,40,Black,Mental health history,Indian,2x the rent,No prior rental history,Full-time,Good,2 months deposit,1
410,1,Male,35,Hispanic,Physical disability,Mexican,3x the rent,No prior rental history,Self-employed,Excellent,3 months deposit,1
411,1,Female,50,Hispanic,Mental health history,Indian,2x the rent,Prior late payments,Part-time,Good,3 months deposit,0
412,1,Non-binary,50,Black,Physical disability,German,2x the rent,Prior late payments,Part-time,Fair,1 month deposit,0
413,1,Male,30,Black,Mental health history,Mexican,3x the rent,Positive references,Part-time,Excellent,2 months deposit,1
414,1,Non-binary,35,Black,None stated,American,3x the rent,Positive references,Self-employed,Good,2 months deposit,1
415,1,Female,50,Black,Mental health history,Indian,4x the rent,No prior rental history,Self-employed,Fair,2 months deposit,1
416,1,Female,55,Hispanic,Physical disability,Indian,3x the rent,Prior late payments,Part-time,Excellent,2 months deposit,0
417,1,Male,35,White,Mental health history,Canadian,3x the rent,Positive references,Self-employed,Fair,2 months deposit,1
418,1,Non-binary,55,Asian,None stated,Indian,4x the rent,Prior late payments,Part-time,Fair,1 month deposit,0
419,1,Female,50,Hispanic,Physical disability,Indian,4x the rent,No prior rental history,Part-time,Fair,3 months deposit,0
420,1,Female,45,Hispanic,None stated,Canadian,4x the rent,Positive references,Self-employed,Good,1 month deposit,1
421,1,Female,55,Hispanic,None stated,American,2x the rent,Positive references,Full-time,Fair,2 months deposit,1
422,1,Non-binary,40,Hispanic,Mental health history,Mexican,2x the rent,Positive references,Self-employed,Excellent,2 months deposit,1
423,1,Male,40,Hispanic,None stated,Canadian,4x the rent,No prior rental history,Part-time,Excellent,1 month deposit,1
424,1,Female,40,Asian,None stated,Indian,3x the rent,No prior rental history,Full-time,Good,3 months deposit,1
425,1,Non-binary,55,Asian,None stated,Canadian,3x the rent,No prior rental history,Part-time,Fair,1 month deposit,0
426,1,Non-binary,30,White,Physical disability,Canadian,2x the rent,No prior rental history,Self-employed,Excellent,3 months deposit,1
427,1,Female,55,White,Physical disability,American,3x the rent,Prior late payments,Self-employed,Excellent,1 month deposit,0
428,1,Non-binary,30,Asian,None stated,German,2x the rent,Positive references,Self-employed,Excellent,1 month deposit,1
429,1,Non-binary,35,Hispanic,None stated,Canadian,4x the rent,No prior rental history,Full-time,Fair,2 months deposit,1
430,1,Female,45,Black,Mental health history,German,2x the rent,Positive references,Self-employed,Fair,3 months deposit,1
431,1,Female,35,White,None stated,Mexican,4x the rent,Positive references,Self-employed,Fair,1 month deposit,1
432,1,Non-binary,55,Hispanic,Physical disability,Mexican,3x the rent,Positive references,Self-employed,Fair,3 months deposit,1
433,1,Male,45,White,Physical disability,Canadian,2x the rent,Positive references,Part-time,Fair,1 month deposit,1
434,1,Male,35,White,Physical disability,American,4x the rent,Prior late payments,Full-time,Fair,1 month deposit,0
435,1,Non-binary,45,Black,None stated,American,3x the rent,Positive references,Full-time,Excellent,1 month deposit,1
436,1,Non-binary,55,Black,None stated,German,2x the rent,Prior late payments,Part-time,Excellent,1 month deposit,0
437,1,Male,55,Black,Physical disability,Indian,3x the rent,Positive references,Part-time,Fair,2 months deposit,1
438,1,Non-binary,45,Asian,Mental health history,Mexican,3x the rent,Prior late payments,Part-time,Fair,1 month deposit,1
439,1,Female,40,White,Physical disability,Indian,4x the rent,No prior rental history,Part-time,Excellent,3 months deposit,1
440,1,Male,35,White,Mental health history,German,3x the rent,Prior late payments,Full-time,Good,1 month deposit,1
441,1,Female,55,Asian,Mental health history,American,2x the rent,No prior rental history,Full-time,Excellent,3 months deposit,1
442,1,Male,30,Asian,Physical disability,Mexican,2x the rent,Prior late payments,Self-employed,Fair,1 month deposit,0
443,1,Female,35,Asian,None stated,Canadian,3x the rent,No prior rental history,Full-time,Good,1 month deposit,1
444,1,Non-binary,55,Hispanic,Mental health history,Canadian,3x the rent,No prior rental history,Self-employed,Fair,2 months deposit,0
445,1,Non-binary,50,Hispanic,Mental health history,Mexican,4x the rent,Positive references,Full-time,Good,3 months deposit,1
446,1,Male,45,Black,Mental health history,American,2x the rent,Positive references,Full-time,Good,3 months deposit,1
447,1,Male,35,Asian,None stated,Canadian,3x the rent,No prior rental history,Self-employed,Excellent,2 months deposit,1
448,1,Male,35,Asian,Mental health history,Canadian,4x the rent,Prior late payments,Part-time,Fair,2 months deposit,0
449,1,Non-binary,35,Hispanic,Mental health history,Indian,3x the rent,No prior rental history,Full-time,Excellent,3 months deposit,1
450,1,Non-binary,50,Asian,None stated,Indian,4x the rent,No prior rental history,Self-employed,Good,2 months deposit,1
451,1,Non-binary,35,White,Physical disability,Indian,4x the rent,Prior late payments,Self-employed,Good,2 months deposit,1
452,1,Male,30,Asian,None stated,German,4x the rent,Positive references,Self-employed,Excellent,1 month deposit,1
453,1,Male,30,Asian,None stated,Mexican,4x the rent,No prior rental history,Full-time,Good,3 months deposit,1
454,1,Female,45,White,Physical disability,Indian,2x the rent,No prior rental history,Full-time,Excellent,3 months deposit,1
455,1,Male,50,Asian,Mental health history,Canadian,3x the rent,No prior rental history,Self-employed,Good,2 months deposit,0
456,1,Non-binary,30,White,Mental health history,Mexican,2x the rent,Positive references,Self-employed,Excellent,1 month deposit,1
457,1,Female,50,Asian,Physical disability,American,4x the rent,Positive references,Self-employed,Excellent,2 months deposit,1
458,1,Female,35,Black,Physical disability,American,2x the rent,Positive references,Self-employed,Excellent,3 months deposit,1
459,1,Male,30,White,Physical disability,German,4x the rent,No prior rental history,Full-time,Excellent,3 months deposit,1
460,1,Non-binary,55,Hispanic,Physical disability,Indian,4x the rent,No prior rental history,Self-employed,Fair,2 months deposit,1
461,1,Non-binary,50,Hispanic,Mental health history,German,3x the rent,Prior late payments,Full-time,Excellent,3 months deposit,0
462,1,Female,30,Black,Physical disability,American,3x the rent,Prior late payments,Full-time,Good,1 month deposit,0
463,1,Non-binary,50,Hispanic,Mental health history,American,4x the rent,Prior late payments,Self-employed,Fair,1 month deposit,1
464,1,Female,40,Black,None stated,Mexican,4x the rent,Positive references,Self-employed,Fair,3 months deposit,1
465,1,Male,45,Asian,None stated,Indian,4x the rent,Positive references,Self-employed,Good,2 months deposit,1
466,1,Female,35,Asian,Physical disability,Mexican,3x the rent,Prior late payments,Part-time,Good,2 months deposit,0
467,1,Female,35,Asian,Physical disability,American,2x the rent,Positive references,Full-time,Good,3 months deposit,1
468,1,Male,40,White,Mental health history,German,3x the rent,Positive references,Self-employed,Good,3 months deposit,1
469,1,Female,30,Black,Mental health history,Mexican,4x the rent,No prior rental history,Self-employed,Good,3 months deposit,0
470,1,Non-binary,35,Black,Physical disability,Indian,3x the rent,Prior late payments,Full-time,Excellent,1 month deposit,1
471,1,Female,50,Asian,Physical disability,German,2x the rent,Prior late payments,Self-employed,Good,3 months deposit,0
472,1,Female,35,Asian,None stated,American,2x the rent,Positive references,Full-time,Excellent,3 months deposit,1
473,1,Non-binary,40,Asian,Physical disability,Indian,3x the rent,No prior rental history,Full-time,Fair,3 months deposit,1
474,1,Non-binary,45,Hispanic,None stated,German,4x the rent,No prior rental history,Self-employed,Excellent,3 months deposit,1
475,1,Female,35,Hispanic,None stated,American,2x the rent,No prior rental history,Full-time,Excellent,3 months deposit,1
476,1,Non-binary,40,Hispanic,Physical disability,Indian,4x the rent,Positive references,Self-employed,Excellent,1 month deposit,1
477,1,Female,30,White,None stated,Canadian,2x the rent,Positive references,Full-time,Excellent,2 months deposit,1
478,1,Male,40,Asian,Mental health history,Canadian,2x the rent,Prior late payments,Full-time,Excellent,2 months deposit,1
479,1,Male,55,Hispanic,Mental health history,Indian,3x the rent,No prior rental history,Full-time,Good,1 month deposit,0
480,1,Female,55,Asian,Mental health history,Canadian,4x the rent,No prior rental history,Part-time,Good,3 months deposit,1
481,1,Male,35,White,None stated,American,4x the rent,No prior rental history,Self-employed,Excellent,1 month deposit,1
482,1,Male,55,Black,Mental health history,Indian,3x the rent,Positive references,Part-time,Fair,1 month deposit,1
483,1,Non-binary,45,Hispanic,None stated,American,2x the rent,Positive references,Full-time,Excellent,1 month deposit,1
484,1,Female,45,Hispanic,Mental health history,Canadian,2x the rent,Positive references,Full-time,Good,2 months deposit,1
485,1,Female,50,Black,None stated,Indian,4x the rent,No prior rental history,Part-time,Good,3 months deposit,0
486,1,Non-binary,30,Hispanic,Physical disability,Mexican,3x the rent,No prior rental history,Self-employed,Good,2 months deposit,1
487,1,Male,40,White,None stated,Mexican,2x the rent,No prior rental history,Full-time,Excellent,3 months deposit,1
488,1,Non-binary,40,Black,Physical disability,Mexican,4x the rent,Prior late payments,Part-time,Fair,3 months deposit,0
489,1,Female,55,Black,None stated,German,2x the rent,Positive references,Full-time,Excellent,1 month deposit,1
490,1,Male,30,Hispanic,Physical disability,Canadian,4x the rent,No prior rental history,Self-employed,Good,3 months deposit,1
491,1,Female,35,Hispanic,None stated,American,4x the rent,Positive references,Full-time,Fair,2 months deposit,1
492,1,Female,55,Hispanic,Physical disability,Mexican,3x the rent,Positive references,Full-time,Fair,2 months deposit,1
493,1,Female,30,White,Physical disability,German,2x the rent,Prior late payments,Self-employed,Excellent,2 months deposit,0
494,1,Non-binary,30,White,Physical disability,American,2x the rent,No prior rental history,Full-time,Excellent,1 month deposit,1
495,1,Female,30,White,Physical disability,American,2x the rent,Prior late payments,Part-time,Good,3 months deposit,0
496,1,Non-binary,55,Asian,None stated,Indian,4x the rent,No prior rental history,Self-employed,Excellent,1 month deposit,1
497,1,Non-binary,55,Asian,Physical disability,Mexican,3x the rent,Positive references,Full-time,Excellent,2 months deposit,1
498,1,Female,30,White,Physical disability,American,2x the rent,Positive references,Part-time,Fair,1 month deposit,1
499,1,Non-binary,35,Black,Physical disability,Mexican,2x the rent,Positive references,Full-time,Excellent,2 months deposit,1
500,1,Male,45,Black,Physical disability,Mexican,3x the rent,Positive references,Self-employed,Excellent,3 months deposit,1
501,1,Male,45,Hispanic,Physical disability,American,4x the rent,Prior late payments,Part-time,Fair,3 months deposit,0
502,1,Non-binary,35,White,None stated,American,3x the rent,Positive references,Self-employed,Excellent,1 month deposit,1
503,1,Male,35,Asian,Physical disability,German,3x the rent,No prior rental history,Part-time,Fair,2 months deposit,1
504,1,Male,50,White,Mental health history,Mexican,3x the rent,Prior late payments,Part-time,Fair,1 month deposit,0
505,1,Male,35,White,Physical disability,Canadian,4x the rent,Prior late payments,Part-time,Good,3 months deposit,0
506,1,Male,55,Asian,Mental health history,Indian,3x the rent,No prior rental history,Part-time,Excellent,2 months deposit,0
507,1,Female,50,Hispanic,Physical disability,Mexican,4x the rent,Prior late payments,Self-employed,Excellent,2 months deposit,0
508,1,Female,40,Hispanic,Physical disability,American,4x the rent,No prior rental history,Full-time,Good,3 months deposit,1
509,1,Female,40,White,Mental health history,German,4x the rent,No prior rental history,Self-employed,Fair,3 months deposit,1
510,1,Non-binary,50,Asian,Physical disability,Mexican,4x the rent,Positive references,Self-employed,Good,2 months deposit,1
511,1,Non-binary,45,White,Physical disability,American,4x the rent,Positive references,Part-time,Good,1 month deposit,1
512,1,Male,55,Black,Physical disability,German,4x the rent,No prior rental history,Full-time,Excellent,1 month deposit,1
513,1,Male,40,Asian,Mental health history,German,2x the rent,Positive references,Part-time,Good,1 month deposit,1
514,1,Female,35,Hispanic,None stated,Indian,2x the rent,No prior rental history,Part-time,Excellent,3 months deposit,1
515,1,Male,35,White,None stated,Mexican,3x the rent,Positive references,Part-time,Fair,3 months deposit,1
516,1,Non-binary,30,Asian,None stated,Canadian,2x the rent,Prior late payments,Self-employed,Fair,2 months deposit,1
517,1,Male,45,Black,None stated,Canadian,4x the rent,Positive references,Part-time,Excellent,3 months deposit,1
518,1,Male,35,Hispanic,Physical disability,American,3x the rent,Prior late payments,Self-employed,Fair,2 months deposit,0
519,1,Female,55,Asian,Mental health history,American,3x the rent,Positive references,Full-time,Fair,2 months deposit,1
520,1,Male,30,Black,Mental health history,Indian,3x the rent,Positive references,Part-time,Fair,2 months deposit,1
521,1,Male,55,White,Mental health history,Indian,3x the rent,Positive references,Self-employed,Fair,1 month deposit,1
522,1,Non-binary,40,Asian,Mental health history,German,2x the rent,No prior rental history,Full-time,Excellent,2 months deposit,1
523,1,Male,40,White,Physical disability,American,4x the rent,Prior late payments,Part-time,Fair,2 months deposit,0
524,1,Female,50,Hispanic,None stated,Mexican,2x the rent,Prior late payments,Part-time,Fair,3 months deposit,0
525,1,Non-binary,45,Hispanic,Mental health history,American,2x the rent,No prior rental history,Self-employed,Fair,3 months deposit,0
526,1,Non-binary,45,White,None stated,Canadian,3x the rent,Prior late payments,Part-time,Good,2 months deposit,0
527,1,Male,50,White,Physical disability,Indian,4x the rent,Positive references,Self-employed,Good,3 months deposit,1
528,1,Female,35,Hispanic,None stated,Canadian,4x the rent,No prior rental history,Self-employed,Fair,2 months deposit,0
529,1,Female,45,Asian,None stated,American,4x the rent,Prior late payments,Full-time,Fair,1 month deposit,0
530,1,Female,40,White,Physical disability,Indian,2x the rent,Positive references,Self-employed,Good,3 months deposit,1
531,1,Non-binary,45,Hispanic,Mental health history,German,4x the rent,No prior rental history,Part-time,Good,2 months deposit,0
532,1,Male,40,White,Physical disability,American,3x the rent,No prior rental history,Full-time,Good,2 months deposit,1
533,1,Male,55,Black,Physical disability,Mexican,3x the rent,Prior late payments,Full-time,Excellent,2 months deposit,0
534,1,Male,45,Black,Physical disability,Mexican,4x the rent,Prior late payments,Full-time,Good,2 months deposit,1
535,1,Female,55,Hispanic,Physical disability,German,4x the rent,Prior late payments,Full-time,Good,3 months deposit,1
536,1,Female,55,Hispanic,Physical disability,Indian,3x the rent,Prior late payments,Full-time,Fair,2 months deposit,0
537,1,Male,55,Black,None stated,Canadian,4x the rent,Prior late payments,Self-employed,Excellent,2 months deposit,1
538,1,Female,55,White,Physical disability,Indian,2x the rent,Positive references,Full-time,Fair,1 month deposit,1
539,1,Female,55,White,None stated,Canadian,2x the rent,No prior rental history,Full-time,Excellent,3 months deposit,1
540,1,Male,35,Asian,Mental health history,American,4x the rent,Positive references,Self-employed,Good,3 months deposit,1
541,1,Male,30,Hispanic,Mental health history,Mexican,2x the rent,Positive references,Full-time,Good,3 months deposit,1
542,1,Non-binary,50,Asian,Physical disability,American,2x the rent,No prior rental history,Self-employed,Fair,1 month deposit,0
543,1,Male,55,Black,None stated,German,4x the rent,Prior late payments,Full-time,Fair,2 months deposit,1
544,1,Male,50,Asian,None stated,German,2x the rent,Positive references,Self-employed,Excellent,2 months deposit,1
545,1,Female,35,Hispanic,Mental health history,Indian,2x the rent,Positive references,Part-time,Excellent,1 month deposit,1
546,1,Male,35,Asian,Mental health history,Indian,2x the rent,Positive references,Part-time,Good,2 months deposit,1
547,1,Female,40,Black,Mental health history,Indian,3x the rent,Prior late payments,Full-time,Fair,1 month deposit,1
548,1,Non-binary,55,Asian,Physical disability,Mexican,3x the rent,Prior late payments,Part-time,Excellent,1 month deposit,1
549,1,Female,50,Hispanic,Physical disability,German,4x the rent,Positive references,Self-employed,Good,3 months deposit,1
550,1,Female,35,White,Mental health history,Mexican,4x the rent,Prior late payments,Part-time,Fair,1 month deposit,0
551,1,Male,45,Hispanic,Mental health history,German,4x the rent,Positive references,Part-time,Fair,1 month deposit,1
552,1,Non-binary,30,Black,Mental health history,Indian,3x the rent,Prior late payments,Full-time,Excellent,2 months deposit,0
553,1,Female,40,Black,None stated,Indian,2x the rent,Positive references,Self-employed,Good,3 months deposit,1
554,1,Non-binary,50,Asian,None stated,Mexican,2x the rent,No prior rental history,Self-employed,Good,2 months deposit,1
555,1,Male,55,Asian,Mental health history,Mexican,3x the rent,Prior late payments,Part-time,Excellent,2 months deposit,0
556,1,Non-binary,35,White,None stated,Indian,4x the rent,Prior late payments,Full-time,Fair,1 month deposit,0
557,1,Female,55,White,Mental health history,German,4x the rent,Positive references,Self-employed,Fair,1 month deposit,1
558,1,Non-binary,45,Hispanic,Mental health history,Mexican,3x the rent,Positive references,Part-time,Excellent,3 months deposit,1
559,1,Non-binary,40,Hispanic,None stated,German,2x the rent,Prior late payments,Self-employed,Fair,3 months deposit,0
560,1,Male,55,Asian,Mental health history,American,2x the rent,No prior rental history,Full-time,Good,2 months deposit,0
561,1,Male,45,Black,None stated,Indian,3x the rent,No prior rental history,Full-time,Excellent,1 month deposit,1
562,1,Male,35,Black,None stated,Canadian,3x the rent,No prior rental history,Self-employed,Excellent,1 month deposit,1
563,1,Non-binary,50,Hispanic,Physical disability,German,4x the rent,No prior rental history,Part-time,Fair,1 month deposit,0
564,1,Non-binary,30,Black,Physical disability,German,2x the rent,Positive references,Self-employed,Excellent,3 months deposit,1
565,1,Male,55,White,Mental health history,Canadian,2x the rent,Prior late payments,Part-time,Good,2 months deposit,0
566,1,Male,40,Asian,Mental health history,Mexican,4x the rent,Prior late payments,Self-employed,Good,3 months deposit,0
567,1,Non-binary,40,White,None stated,German,2x the rent,Positive references,Full-time,Fair,3 months deposit,1
568,1,Male,40,Black,Mental health history,Canadian,2x the rent,No prior rental history,Full-time,Good,2 months deposit,1
569,1,Non-binary,50,Black,Mental health history,Canadian,2x the rent,Positive references,Full-time,Excellent,3 months deposit,1
570,1,Female,55,White,Mental health history,Mexican,2x the rent,Prior late payments,Part-time,Excellent,3 months deposit,0
571,1,Male,40,Asian,None stated,Canadian,3x the rent,Positive references,Self-employed,Good,1 month deposit,1
572,1,Male,45,Asian,Physical disability,German,3x the rent,Prior late payments,Self-employed,Fair,1 month deposit,0
573,1,Female,40,Hispanic,Physical disability,Indian,3x the rent,No prior rental history,Self-employed,Good,2 months deposit,0
574,1,Female,30,Asian,Mental health history,American,3x the rent,Prior late payments,Part-time,Good,2 months deposit,0
575,1,Female,30,White,Mental health history,Indian,4x the rent,Prior late payments,Full-time,Excellent,2 months deposit,1
576,1,Female,55,Black,None stated,American,3x the rent,Prior late payments,Full-time,Fair,2 months deposit,0
577,1,Female,35,Hispanic,None stated,American,2x the rent,Positive references,Full-time,Good,1 month deposit,1
578,1,Male,55,Hispanic,Physical disability,American,4x the rent,Positive references,Part-time,Excellent,3 months deposit,1
579,1,Female,50,Hispanic,Physical disability,Indian,2x the rent,No prior rental history,Part-time,Fair,2 months deposit,0
580,1,Female,45,White,Mental health history,German,4x the rent,Positive references,Part-time,Excellent,3 months deposit,1
581,1,Non-binary,30,Asian,Mental health history,Indian,4x the rent,No prior rental history,Full-time,Excellent,2 months deposit,1
582,1,Female,55,Black,Mental health history,German,4x the rent,Positive references,Full-time,Excellent,2 months deposit,1
583,1,Male,30,White,Mental health history,Canadian,3x the rent,No prior rental history,Full-time,Good,3 months deposit,1
584,1,Female,55,White,Mental health history,Canadian,2x the rent,Prior late payments,Self-employed,Good,3 months deposit,0
585,1,Male,30,Asian,None stated,American,2x the rent,No prior rental history,Part-time,Excellent,1 month deposit,1
586,1,Non-binary,50,Asian,None stated,Canadian,3x the rent,Positive references,Full-time,Fair,1 month deposit,1
587,1,Female,50,Hispanic,Mental health history,Indian,4x the rent,No prior rental history,Part-time,Excellent,3 months deposit,1
588,1,Male,35,White,None stated,American,4x the rent,No prior rental history,Full-time,Good,1 month deposit,1
589,1,Non-binary,30,Hispanic,Physical disability,Canadian,3x the rent,Positive references,Part-time,Good,3 months deposit,1
590,1,Non-binary,50,Hispanic,None stated,German,4x the rent,Positive references,Self-employed,Good,3 months deposit,1
591,1,Non-binary,30,Black,Mental health history,American,2x the rent,Prior late payments,Self-employed,Good,3 months deposit,0
592,1,Non-binary,35,White,Physical disability,German,4x the rent,No prior rental history,Full-time,Good,1 month deposit,1
593,1,Female,50,Asian,Physical disability,Canadian,2x the rent,Prior late payments,Full-time,Good,2 months deposit,1
594,1,Female,40,White,Mental health history,Indian,2x the rent,No prior rental history,Part-time,Excellent,1 month deposit,1
595,1,Female,50,Black,None stated,Indian,3x the rent,Prior late payments,Full-time,Good,1 month deposit,1
596,1,Non-binary,30,White,Mental health history,American,3x the rent,Positive references,Full-time,Good,3 months deposit,1
597,1,Non-binary,55,White,None stated,Canadian,3x the rent,No prior rental history,Self-employed,Excellent,2 months deposit,1
598,1,Male,30,Asian,Mental health history,American,3x the rent,Positive references,Full-time,Good,2 months deposit,1
599,1,Non-binary,55,Hispanic,Physical disability,Mexican,2x the rent,Prior late payments,Part-time,Fair,2 months deposit,0
600,1,Non-binary,30,White,None stated,Indian,2x the rent,No prior rental history,Self-employed,Excellent,3 months deposit,1
601,1,Non-binary,35,White,None stated,American,2x the rent,No prior rental history,Self-employed,Good,1 month deposit,1
602,1,Male,30,Asian,Mental health history,Mexican,3x the rent,Positive references,Part-time,Excellent,3 months deposit,1
603,1,Non-binary,45,Black,None stated,American,2x the rent,No prior rental history,Full-time,Fair,1 month deposit,0
604,1,Male,35,White,Mental health history,American,2x the rent,Prior late payments,Full-time,Good,1 month deposit,0
605,1,Non-binary,30,Hispanic,Mental health history,Mexican,2x the rent,Prior late payments,Part-time,Good,3 months deposit,0
606,1,Female,40,Black,Mental health history,German,3x the rent,Prior late payments,Self-employed,Fair,1 month deposit,0
607,1,Non-binary,30,Hispanic,Mental health history,American,3x the rent,No prior rental history,Self-employed,Good,1 month deposit,1
608,1,Non-binary,40,Black,Physical disability,American,2x the rent,Prior late payments,Part-time,Fair,1 month deposit,1
609,1,Female,40,Hispanic,None stated,American,2x the rent,No prior rental history,Part-time,Fair,3 months deposit,0
610,1,Female,45,Asian,Mental health history,German,2x the rent,No prior rental history,Self-employed,Good,2 months deposit,0
611,1,Non-binary,45,Black,None stated,Canadian,2x the rent,No prior rental history,Full-time,Good,1 month deposit,1
612,1,Non-binary,55,White,Physical disability,German,3x the rent,Prior late payments,Self-employed,Fair,3 months deposit,1
613,1,Male,30,White,Physical disability,Indian,4x the rent,Prior late payments,Full-time,Fair,2 months deposit,0
614,1,Male,35,Black,None stated,Indian,3x the rent,Positive references,Full-time,Excellent,1 month deposit,1
615,1,Non-binary,45,White,Mental health history,American,2x the rent,Prior late payments,Full-time,Good,2 months deposit,0
616,1,Male,50,Black,Physical disability,American,3x the rent,Prior late payments,Full-time,Good,2 months deposit,1
617,1,Female,45,Asian,Mental health history,Mexican,4x the rent,Positive references,Self-employed,Excellent,1 month deposit,1
618,1,Male,35,White,Mental health history,Canadian,3x the rent,No prior rental history,Self-employed,Good,2 months deposit,1
619,1,Non-binary,35,White,None stated,Indian,3x the rent,No prior rental history,Self-employed,Excellent,1 month deposit,1
620,1,Male,50,White,None stated,Mexican,3x the rent,No prior rental history,Part-time,Fair,1 month deposit,1
621,1,Female,45,Hispanic,Physical disability,American,3x the rent,Positive references,Self-employed,Fair,3 months deposit,1
622,1,Female,50,White,Physical disability,Mexican,4x the rent,Positive references,Full-time,Excellent,2 months deposit,1
623,1,Female,30,Black,Mental health history,Indian,4x the rent,Positive references,Self-employed,Excellent,1 month deposit,1
624,1,Male,40,White,Mental health history,German,3x the rent,Positive references,Part-time,Fair,1 month deposit,1
625,1,Non-binary,30,Black,None stated,American,2x the rent,Prior late payments,Part-time,Excellent,3 months deposit,0
626,1,Non-binary,30,Black,None stated,German,3x the rent,Prior late payments,Self-employed,Fair,3 months deposit,0
627,1,Male,40,Asian,Physical disability,American,4x the rent,Positive references,Full-time,Fair,1 month deposit,1
628,1,Non-binary,40,Hispanic,None stated,Mexican,4x the rent,No prior rental history,Self-employed,Good,2 months deposit,1
629,1,Non-binary,30,Black,None stated,German,4x the rent,No prior rental history,Full-time,Excellent,2 months deposit,1
630,1,Male,40,Asian,None stated,Canadian,3x the rent,Positive references,Full-time,Excellent,3 months deposit,1
631,1,Non-binary,30,Black,Mental health history,American,4x the rent,Positive references,Full-time,Good,1 month deposit,1
632,1,Male,55,White,None stated,Indian,4x the rent,Positive references,Part-time,Good,3 months deposit,1
633,1,Female,55,Asian,Mental health history,American,2x the rent,Prior late payments,Full-time,Fair,2 months deposit,0
634,1,Non-binary,55,Hispanic,Physical disability,Mexican,3x the rent,Prior late payments,Part-time,Good,1 month deposit,0
635,1,Female,30,White,Mental health history,American,2x the rent,Positive references,Self-employed,Fair,3 months deposit,1
636,1,Male,55,Asian,Mental health history,German,2x the rent,Prior late payments,Full-time,Fair,1 month deposit,0
637,1,Male,50,Asian,Physical disability,Indian,3x the rent,Positive references,Full-time,Fair,2 months deposit,1
638,1,Female,35,Asian,Mental health history,German,4x the rent,Positive references,Self-employed,Excellent,2 months deposit,1
639,1,Male,30,Asian,None stated,American,4x the rent,Positive references,Part-time,Excellent,3 months deposit,1
640,1,Non-binary,35,Black,Mental health history,Canadian,4x the rent,No prior rental history,Self-employed,Excellent,2 months deposit,1
641,1,Female,30,Hispanic,None stated,American,3x the rent,Positive references,Self-employed,Good,3 months deposit,1
642,1,Non-binary,45,Hispanic,Physical disability,American,4x the rent,No prior rental history,Full-time,Good,1 month deposit,1
643,1,Non-binary,30,White,Physical disability,German,4x the rent,Prior late payments,Full-time,Good,1 month deposit,0
644,1,Male,40,White,Physical disability,Indian,4x the rent,Positive references,Part-time,Fair,1 month deposit,1
645,1,Female,35,Asian,Physical disability,Indian,3x the rent,Prior late payments,Full-time,Fair,3 months deposit,0
646,1,Female,55,White,Physical disability,American,2x the rent,Prior late payments,Self-employed,Excellent,2 months deposit,0
647,1,Female,55,Black,None stated,Mexican,4x the rent,No prior rental history,Self-employed,Good,3 months deposit,1
648,1,Non-binary,55,Asian,Mental health history,Mexican,4x the rent,Positive references,Self-employed,Excellent,2 months deposit,1
649,1,Female,45,Hispanic,Mental health history,American,2x the rent,No prior rental history,Full-time,Good,3 months deposit,1
650,1,Non-binary,30,White,Physical disability,Canadian,4x the rent,Positive references,Part-time,Excellent,2 months deposit,1
651,1,Female,45,White,Mental health history,American,2x the rent,Positive references,Full-time,Good,2 months deposit,1
652,1,Male,55,White,Physical disability,Canadian,3x the rent,No prior rental history,Full-time,Fair,2 months deposit,0
653,1,Non-binary,30,White,Mental health history,Canadian,4x the rent,Prior late payments,Full-time,Fair,2 months deposit,0
654,1,Male,35,Hispanic,None stated,Mexican,2x the rent,Positive references,Full-time,Good,3 months deposit,1
655,1,Male,35,Black,None stated,Indian,2x the rent,Positive references,Self-employed,Good,3 months deposit,1
656,1,Non-binary,55,Hispanic,Physical disability,Canadian,4x the rent,No prior rental history,Part-time,Excellent,3 months deposit,1
657,1,Male,40,White,Mental health history,Indian,4x the rent,Prior late payments,Self-employed,Good,1 month deposit,1
658,1,Female,35,White,None stated,German,3x the rent,Positive references,Self-employed,Excellent,3 months deposit,1
659,1,Non-binary,30,Black,None stated,Mexican,2x the rent,No prior rental history,Full-time,Fair,3 months deposit,0
660,1,Non-binary,40,Hispanic,Physical disability,American,4x the rent,Positive references,Self-employed,Excellent,1 month deposit,1
661,1,Non-binary,45,Asian,None stated,German,4x the rent,Positive references,Self-employed,Fair,1 month deposit,1
662,1,Male,30,Black,Mental health history,German,2x the rent,Positive references,Self-employed,Good,3 months deposit,1
663,1,Non-binary,50,Black,Physical disability,Mexican,2x the rent,Prior late payments,Full-time,Good,2 months deposit,0
664,1,Female,35,Hispanic,Mental health history,Mexican,4x the rent,Prior late payments,Self-employed,Fair,1 month deposit,0
665,1,Male,35,Asian,Physical disability,Canadian,4x the rent,Prior late payments,Part-time,Fair,1 month deposit,0
666,1,Female,55,White,Physical disability,American,3x the rent,Positive references,Self-employed,Good,2 months deposit,1
667,1,Non-binary,35,Hispanic,None stated,Mexican,3x the rent,No prior rental history,Self-employed,Fair,3 months deposit,0
668,1,Male,55,Black,Physical disability,German,4x the rent,No prior rental history,Full-time,Excellent,1 month deposit,1
669,1,Non-binary,40,Asian,Physical disability,German,3x the rent,No prior rental history,Full-time,Excellent,1 month deposit,1
670,1,Non-binary,40,Black,Physical disability,American,3x the rent,Prior late payments,Self-employed,Fair,2 months deposit,0
671,1,Male,35,Black,Mental health history,American,4x the rent,No prior rental history,Part-time,Good,2 months deposit,1
672,1,Non-binary,45,White,Mental health history,American,4x the rent,No prior rental history,Part-time,Good,1 month deposit,1
673,1,Non-binary,40,Hispanic,Physical disability,Canadian,3x the rent,Positive references,Self-employed,Fair,1 month deposit,1
674,1,Non-binary,30,White,Mental health history,German,2x the rent,No prior rental history,Full-time,Fair,3 months deposit,1
675,1,Female,45,White,None stated,American,3x the rent,No prior rental history,Self-employed,Good,2 months deposit,1
676,1,Female,50,Asian,Physical disability,Canadian,2x the rent,No prior rental history,Part-time,Excellent,3 months deposit,1
677,1,Non-binary,50,Black,None stated,Canadian,4x the rent,Prior late payments,Self-employed,Good,1 month deposit,0
678,1,Non-binary,40,White,Physical disability,American,2x the rent,Positive references,Full-time,Excellent,3 months deposit,1
679,1,Female,45,Black,Physical disability,Canadian,2x the rent,Prior late payments,Self-employed,Excellent,2 months deposit,0
680,1,Male,35,Hispanic,Physical disability,German,2x the rent,Positive references,Part-time,Good,2 months deposit,1
681,1,Non-binary,30,White,None stated,German,2x the rent,No prior rental history,Full-time,Excellent,2 months deposit,1
682,1,Non-binary,35,Black,None stated,Indian,2x the rent,Prior late payments,Full-time,Good,3 months deposit,0
683,1,Female,55,Hispanic,Mental health history,Canadian,4x the rent,Positive references,Self-employed,Fair,2 months deposit,1
684,1,Female,55,Hispanic,None stated,Mexican,4x the rent,Positive references,Self-employed,Fair,3 months deposit,1
685,1,Non-binary,55,Hispanic,Mental health history,Canadian,4x the rent,Prior late payments,Full-time,Good,2 months deposit,0
686,1,Male,30,Black,Physical disability,Indian,4x the rent,Prior late payments,Full-time,Excellent,1 month deposit,1
687,1,Female,30,Black,Physical disability,German,2x the rent,No prior rental history,Full-time,Good,1 month deposit,1
688,1,Female,35,Black,Mental health history,Indian,3x the rent,No prior rental history,Part-time,Fair,2 months deposit,0
689,1,Non-binary,45,Hispanic,None stated,American,2x the rent,No prior rental history,Self-employed,Excellent,2 months deposit,1
690,1,Female,40,Black,None stated,Mexican,4x the rent,Positive references,Self-employed,Fair,3 months deposit,1
691,1,Non-binary,30,Hispanic,None stated,American,4x the rent,Prior late payments,Self-employed,Fair,2 months deposit,0
692,1,Non-binary,55,Black,Physical disability,American,2x the rent,Positive references,Self-employed,Good,1 month deposit,1
693,1,Non-binary,40,Hispanic,Mental health history,Mexican,4x the rent,Positive references,Full-time,Good,3 months deposit,1
694,1,Female,30,Asian,Physical disability,German,2x the rent,Positive references,Full-time,Excellent,3 months deposit,1
695,1,Non-binary,35,Black,None stated,Indian,2x the rent,Positive references,Self-employed,Excellent,1 month deposit,1
696,1,Female,50,Hispanic,Physical disability,Mexican,4x the rent,No prior rental history,Full-time,Fair,1 month deposit,0
697,1,Non-binary,45,White,Mental health history,Indian,4x the rent,No prior rental history,Full-time,Good,1 month deposit,1
698,1,Female,55,Hispanic,Mental health history,Mexican,2x the rent,Positive references,Full-time,Fair,2 months deposit,1
699,1,Female,40,Black,None stated,Canadian,2x the rent,Positive references,Part-time,Fair,3 months deposit,1
700,1,Non-binary,45,Black,Physical disability,Canadian,4x the rent,Prior late payments,Full-time,Good,2 months deposit,0
701,1,Female,50,Black,Physical disability,American,3x the rent,Positive references,Self-employed,Good,2 months deposit,1
702,1,Female,45,Hispanic,None stated,Canadian,3x the rent,Positive references,Part-time,Excellent,2 months deposit,1
703,1,Non-binary,50,Black,None stated,Mexican,4x the rent,Positive references,Full-time,Fair,2 months deposit,1
704,1,Male,50,Black,Physical disability,Indian,3x the rent,No prior rental history,Full-time,Excellent,2 months deposit,1
705,1,Female,40,Asian,Mental health history,German,3x the rent,No prior rental history,Self-employed,Excellent,1 month deposit,1
706,1,Non-binary,40,Black,None stated,German,3x the rent,Prior late payments,Self-employed,Good,1 month deposit,1
707,1,Female,45,Asian,Physical disability,Mexican,2x the rent,No prior rental history,Part-time,Good,2 months deposit,0
708,1,Male,35,Asian,Mental health history,Indian,3x the rent,Positive references,Part-time,Fair,3 months deposit,1
709,1,Non-binary,35,Hispanic,Mental health history,German,4x the rent,No prior rental history,Full-time,Excellent,2 months deposit,1
710,1,Female,40,Hispanic,Physical disability,German,2x the rent,Prior late payments,Part-time,Good,3 months deposit,0
711,1,Male,30,Hispanic,Mental health history,Canadian,2x the rent,No prior rental history,Self-employed,Good,2 months deposit,1
712,1,Female,40,Black,None stated,Canadian,4x the rent,No prior rental history,Full-time,Fair,2 months deposit,1
713,1,Male,55,Asian,Mental health history,Indian,2x the rent,Prior late payments,Part-time,Excellent,2 months deposit,1
714,1,Female,55,White,Physical disability,American,2x the rent,Prior late payments,Self-employed,Fair,2 months deposit,0
715,1,Female,35,Hispanic,None stated,Canadian,2x the rent,No prior rental history,Part-time,Excellent,2 months deposit,1
716,1,Female,40,Hispanic,Mental health history,Mexican,3x the rent,No prior rental history,Full-time,Fair,1 month deposit,0
717,1,Female,45,Hispanic,Mental health history,Mexican,2x the rent,Prior late payments,Self-employed,Fair,2 months deposit,0
718,1,Non-binary,30,White,Physical disability,Mexican,3x the rent,Positive references,Part-time,Excellent,2 months deposit,1
719,1,Non-binary,35,Asian,Mental health history,German,4x the rent,Prior late payments,Full-time,Excellent,2 months deposit,1
720,1,Female,50,White,Mental health history,Canadian,3x the rent,No prior rental history,Full-time,Fair,1 month deposit,0
721,1,Non-binary,35,Black,None stated,Indian,3x the rent,Prior late payments,Self-employed,Good,2 months deposit,0
722,1,Female,55,Black,None stated,Mexican,2x the rent,Positive references,Part-time,Fair,1 month deposit,1
723,1,Male,45,Asian,None stated,Indian,4x the rent,No prior rental history,Part-time,Excellent,2 months deposit,1
724,1,Male,45,Asian,Mental health history,German,2x the rent,Positive references,Full-time,Good,1 month deposit,1
725,1,Male,35,Hispanic,None stated,German,2x the rent,Positive references,Part-time,Fair,2 months deposit,1
726,1,Non-binary,35,Hispanic,Mental health history,Mexican,2x the rent,No prior rental history,Self-employed,Fair,2 months deposit,1
727,1,Female,45,Asian,None stated,Canadian,3x the rent,Positive references,Part-time,Good,1 month deposit,1
728,1,Male,30,Hispanic,Mental health history,American,3x the rent,No prior rental history,Part-time,Good,3 months deposit,0
729,1,Male,55,Asian,Physical disability,German,4x the rent,Positive references,Self-employed,Good,1 month deposit,1
730,1,Non-binary,30,White,Physical disability,Canadian,2x the rent,Prior late payments,Self-employed,Good,3 months deposit,0
731,1,Male,35,Black,Mental health history,American,3x the rent,Positive references,Self-employed,Excellent,1 month deposit,1
732,1,Female,40,Asian,None stated,Canadian,2x the rent,Prior late payments,Part-time,Excellent,1 month deposit,1
733,1,Non-binary,40,Asian,Mental health history,Indian,3x the rent,No prior rental history,Part-time,Good,2 months deposit,1
734,1,Female,35,Asian,None stated,Canadian,3x the rent,Positive references,Part-time,Excellent,2 months deposit,1
735,1,Non-binary,30,White,Mental health history,Indian,4x the rent,Positive references,Self-employed,Good,3 months deposit,1
736,1,Male,50,Black,Physical disability,Mexican,2x the rent,No prior rental history,Part-time,Excellent,3 months deposit,1
737,1,Male,35,White,Physical disability,Mexican,3x the rent,Positive references,Part-time,Good,2 months deposit,1
738,1,Female,40,Hispanic,None stated,Mexican,4x the rent,No prior rental history,Part-time,Fair,3 months deposit,1
739,1,Female,35,Hispanic,None stated,Canadian,4x the rent,Prior late payments,Part-time,Excellent,3 months deposit,0
740,1,Non-binary,50,White,None stated,German,2x the rent,No prior rental history,Part-time,Excellent,3 months deposit,1
741,1,Male,40,White,Mental health history,American,2x the rent,No prior rental history,Self-employed,Excellent,1 month deposit,1
742,1,Non-binary,35,Hispanic,Mental health history,German,2x the rent,Prior late payments,Full-time,Fair,1 month deposit,0
743,1,Non-binary,55,Asian,Physical disability,Canadian,4x the rent,Positive references,Self-employed,Good,2 months deposit,1
744,1,Female,30,White,None stated,Indian,2x the rent,Positive references,Part-time,Fair,3 months deposit,1
745,1,Female,40,Hispanic,Physical disability,German,2x the rent,Prior late payments,Full-time,Fair,1 month deposit,0
746,1,Female,50,Black,Physical disability,German,2x the rent,Positive references,Self-employed,Fair,3 months deposit,1
747,1,Male,35,Black,Mental health history,American,3x the rent,No prior rental history,Self-employed,Fair,1 month deposit,0
748,1,Non-binary,40,Asian,None stated,Indian,4x the rent,Prior late payments,Part-time,Excellent,3 months deposit,0
749,1,Female,30,Black,None stated,German,2x the rent,Positive references,Part-time,Fair,2 months deposit,1
750,1,Female,40,Hispanic,Physical disability,Mexican,3x the rent,Positive references,Full-time,Good,1 month deposit,1
751,1,Female,45,Black,None stated,German,2x the rent,No prior rental history,Part-time,Good,3 months deposit,1
752,1,Male,40,Hispanic,Mental health history,Indian,4x the rent,Positive references,Part-time,Good,2 months deposit,1
753,1,Non-binary,45,Asian,None stated,American,3x the rent,Positive references,Part-time,Fair,1 month deposit,1
754,1,Female,50,Black,Mental health history,Canadian,2x the rent,No prior rental history,Self-employed,Fair,3 months deposit,1
755,1,Male,45,Hispanic,None stated,American,2x the rent,No prior rental history,Part-time,Good,3 months deposit,1
756,1,Non-binary,45,Hispanic,Mental health history,Indian,2x the rent,Prior late payments,Full-time,Excellent,3 months deposit,1
757,1,Male,45,White,Physical disability,Mexican,2x the rent,Positive references,Part-time,Excellent,1 month deposit,1
758,1,Non-binary,50,Asian,None stated,Indian,4x the rent,Positive references,Full-time,Good,3 months deposit,1
759,1,Male,35,Asian,Mental health history,American,2x the rent,Positive references,Self-employed,Excellent,2 months deposit,1
760,1,Male,45,Black,Physical disability,American,3x the rent,Positive references,Self-employed,Good,2 months deposit,1
761,1,Male,55,Asian,None stated,Indian,3x the rent,Positive references,Full-time,Good,1 month deposit,1
762,1,Male,50,Black,Mental health history,Canadian,4x the rent,Prior late payments,Full-time,Fair,3 months deposit,1
763,1,Non-binary,30,Hispanic,Mental health history,German,3x the rent,Positive references,Full-time,Fair,1 month deposit,1
764,1,Male,55,Hispanic,None stated,American,2x the rent,Positive references,Self-employed,Fair,1 month deposit,1
765,1,Female,50,Asian,Physical disability,Indian,4x the rent,Positive references,Self-employed,Fair,2 months deposit,1
766,1,Male,35,Black,Mental health history,Indian,4x the rent,Positive references,Self-employed,Good,2 months deposit,1
767,1,Female,30,Black,Physical disability,Mexican,3x the rent,Prior late payments,Full-time,Fair,2 months deposit,0
768,1,Male,30,Black,Physical disability,Indian,3x the rent,Positive references,Full-time,Excellent,2 months deposit,1
769,1,Non-binary,40,Hispanic,None stated,Mexican,2x the rent,No prior rental history,Part-time,Fair,3 months deposit,0
770,1,Female,35,Asian,Mental health history,German,3x the rent,No prior rental history,Full-time,Fair,3 months deposit,1
771,1,Female,35,White,Mental health history,Canadian,4x the rent,Prior late payments,Self-employed,Good,3 months deposit,0
772,1,Non-binary,55,White,Physical disability,Indian,3x the rent,Positive references,Self-employed,Fair,2 months deposit,1
773,1,Female,50,Black,None stated,Canadian,3x the rent,No prior rental history,Full-time,Fair,3 months deposit,1
774,1,Non-binary,30,Hispanic,Mental health history,German,3x the rent,Positive references,Part-time,Good,1 month deposit,1
775,1,Female,35,Asian,Mental health history,Canadian,4x the rent,Positive references,Self-employed,Good,3 months deposit,1
776,1,Female,35,Hispanic,Physical disability,American,2x the rent,No prior rental history,Full-time,Good,1 month deposit,1
777,1,Non-binary,30,Asian,Mental health history,German,2x the rent,Positive references,Part-time,Excellent,1 month deposit,1
778,1,Female,30,Hispanic,Mental health history,Indian,4x the rent,Prior late payments,Self-employed,Fair,3 months deposit,0
779,1,Non-binary,50,Asian,None stated,Indian,2x the rent,Prior late payments,Full-time,Fair,1 month deposit,0
780,1,Male,30,White,None stated,American,2x the rent,Prior late payments,Part-time,Excellent,1 month deposit,0
781,1,Non-binary,40,Black,Physical disability,American,3x the rent,Prior late payments,Part-time,Good,1 month deposit,0
782,1,Female,35,Hispanic,Mental health history,American,4x the rent,Positive references,Full-time,Fair,2 months deposit,1
783,1,Male,50,Asian,None stated,Mexican,4x the rent,No prior rental history,Self-employed,Excellent,2 months deposit,1
784,1,Male,30,White,Physical disability,Canadian,4x the rent,No prior rental history,Full-time,Good,3 months deposit,1
785,1,Male,50,White,Physical disability,German,3x the rent,Positive references,Full-time,Excellent,1 month deposit,1
786,1,Female,40,Black,Physical disability,American,3x the rent,Positive references,Self-employed,Fair,2 months deposit,1
787,1,Female,30,Hispanic,Physical disability,German,4x the rent,Prior late payments,Part-time,Good,1 month deposit,1
788,1,Female,55,Black,Mental health history,Mexican,4x the rent,No prior rental history,Self-employed,Excellent,1 month deposit,1
789,1,Male,45,Asian,None stated,Mexican,4x the rent,No prior rental history,Part-time,Good,1 month deposit,1
790,1,Non-binary,40,Asian,None stated,American,2x the rent,Positive references,Full-time,Good,3 months deposit,1
791,1,Non-binary,35,Hispanic,None stated,Canadian,3x the rent,No prior rental history,Part-time,Fair,2 months deposit,1
792,1,Female,50,Black,Physical disability,Mexican,3x the rent,Positive references,Self-employed,Excellent,3 months deposit,1
793,1,Female,45,Asian,Physical disability,Canadian,4x the rent,Prior late payments,Self-employed,Excellent,3 months deposit,0
794,1,Female,35,Black,Mental health history,Indian,3x the rent,Positive references,Part-time,Good,1 month deposit,1
795,1,Male,30,White,Physical disability,American,2x the rent,No prior rental history,Self-employed,Excellent,3 months deposit,1
796,1,Female,50,Hispanic,Physical disability,Canadian,4x the rent,No prior rental history,Part-time,Fair,1 month deposit,0
797,1,Male,50,Asian,Mental health history,Mexican,4x the rent,Prior late payments,Part-time,Excellent,1 month deposit,1
798,1,Female,30,Hispanic,Physical disability,American,2x the rent,Prior late payments,Self-employed,Fair,1 month deposit,0
799,1,Female,35,Asian,Mental health history,American,2x the rent,Positive references,Part-time,Excellent,3 months deposit,1
800,1,Non-binary,45,Black,Physical disability,Indian,4x the rent,No prior rental history,Full-time,Fair,1 month deposit,0
801,1,Female,55,Hispanic,Physical disability,Indian,3x the rent,No prior rental history,Self-employed,Good,3 months deposit,1
802,1,Female,45,Hispanic,Physical disability,Indian,4x the rent,No prior rental history,Full-time,Good,3 months deposit,1
803,1,Female,35,Asian,Mental health history,Indian,3x the rent,No prior rental history,Self-employed,Good,3 months deposit,1
804,1,Female,40,Asian,None stated,German,3x the rent,Positive references,Part-time,Good,3 months deposit,1
805,1,Male,55,Hispanic,Mental health history,Indian,4x the rent,No prior rental history,Self-employed,Good,1 month deposit,1
806,1,Non-binary,35,Asian,Mental health history,German,4x the rent,Positive references,Part-time,Excellent,3 months deposit,1
807,1,Male,45,Black,Physical disability,American,2x the rent,Positive references,Self-employed,Good,3 months deposit,1
808,1,Female,55,Hispanic,Physical disability,German,4x the rent,Prior late payments,Part-time,Good,2 months deposit,0
809,1,Female,45,Hispanic,None stated,German,4x the rent,Prior late payments,Self-employed,Fair,1 month deposit,0
810,1,Male,35,Asian,None stated,American,2x the rent,Positive references,Self-employed,Fair,2 months deposit,1
811,1,Female,55,Asian,Mental health history,American,3x the rent,Positive references,Self-employed,Good,3 months deposit,1
812,1,Non-binary,50,Black,Mental health history,American,2x the rent,Positive references,Self-employed,Fair,2 months deposit,1
813,1,Non-binary,35,Hispanic,Mental health history,Indian,2x the rent,Prior late payments,Part-time,Fair,3 months deposit,0
814,1,Male,40,Black,Physical disability,Canadian,2x the rent,Positive references,Full-time,Excellent,3 months deposit,1
815,1,Female,30,Asian,Physical disability,Indian,2x the rent,Prior late payments,Full-time,Excellent,3 months deposit,1
816,1,Non-binary,45,Asian,Physical disability,American,4x the rent,Positive references,Part-time,Excellent,1 month deposit,1
817,1,Female,35,Black,Physical disability,Canadian,4x the rent,Positive references,Full-time,Fair,1 month deposit,1
818,1,Non-binary,50,Black,Physical disability,American,2x the rent,No prior rental history,Part-time,Good,3 months deposit,1
819,1,Female,50,Asian,Physical disability,American,3x the rent,No prior rental history,Part-time,Good,2 months deposit,0
820,1,Non-binary,50,Asian,Mental health history,American,3x the rent,No prior rental history,Full-time,Excellent,3 months deposit,1
821,1,Non-binary,45,Black,None stated,American,4x the rent,Prior late payments,Part-time,Fair,3 months deposit,0
822,1,Female,45,White,None stated,Mexican,3x the rent,Positive references,Part-time,Good,3 months deposit,1
823,1,Female,45,White,Physical disability,German,2x the rent,Positive references,Self-employed,Excellent,3 months deposit,1
824,1,Male,40,Hispanic,Physical disability,Mexican,3x the rent,Positive references,Full-time,Excellent,3 months deposit,1
825,1,Female,45,Asian,Physical disability,American,2x the rent,Positive references,Self-employed,Excellent,2 months deposit,1
826,1,Non-binary,50,Hispanic,None stated,Indian,2x the rent,Prior late payments,Self-employed,Fair,3 months deposit,0
827,1,Male,35,Asian,Mental health history,German,4x the rent,No prior rental history,Full-time,Excellent,2 months deposit,1
828,1,Female,40,Black,Physical disability,American,2x the rent,No prior rental history,Full-time,Good,2 months deposit,1
829,1,Female,30,Asian,Mental health history,Mexican,2x the rent,Positive references,Self-employed,Good,3 months deposit,1
830,1,Non-binary,30,White,Physical disability,Mexican,3x the rent,Positive references,Full-time,Fair,3 months deposit,1
831,1,Male,50,Black,Physical disability,Indian,3x the rent,No prior rental history,Full-time,Fair,1 month deposit,1
832,1,Non-binary,45,Hispanic,Physical disability,Canadian,4x the rent,No prior rental history,Full-time,Fair,3 months deposit,1
833,1,Non-binary,35,White,Mental health history,Mexican,2x the rent,Positive references,Full-time,Excellent,2 months deposit,1
834,1,Non-binary,30,Hispanic,Mental health history,Mexican,2x the rent,Positive references,Full-time,Good,1 month deposit,1
835,1,Male,50,Black,Mental health history,German,4x the rent,Positive references,Part-time,Excellent,2 months deposit,1
836,1,Female,35,Black,Physical disability,American,3x the rent,Positive references,Full-time,Fair,2 months deposit,1
837,1,Female,40,White,Mental health history,German,3x the rent,Prior late payments,Self-employed,Fair,1 month deposit,0
838,1,Female,35,Hispanic,Mental health history,Indian,4x the rent,No prior rental history,Self-employed,Fair,1 month deposit,0
839,1,Non-binary,30,Asian,Physical disability,American,2x the rent,No prior rental history,Full-time,Good,3 months deposit,1
840,1,Male,35,Hispanic,None stated,American,2x the rent,Prior late payments,Full-time,Fair,3 months deposit,0
841,1,Male,30,Hispanic,Physical disability,Canadian,3x the rent,Prior late payments,Self-employed,Excellent,3 months deposit,1
842,1,Male,50,Asian,Mental health history,American,4x the rent,Positive references,Full-time,Good,2 months deposit,1
843,1,Non-binary,55,White,None stated,Indian,3x the rent,Prior late payments,Full-time,Fair,3 months deposit,0
844,1,Female,30,White,None stated,Mexican,3x the rent,No prior rental history,Full-time,Fair,3 months deposit,1
845,1,Female,40,Asian,Physical disability,German,3x the rent,No prior rental history,Full-time,Good,2 months deposit,1
846,1,Non-binary,35,Asian,Physical disability,American,3x the rent,Positive references,Part-time,Excellent,2 months deposit,1
847,1,Male,30,White,None stated,Canadian,2x the rent,No prior rental history,Full-time,Fair,1 month deposit,1
848,1,Male,50,Black,None stated,Mexican,3x the rent,Positive references,Self-employed,Excellent,1 month deposit,1
849,1,Male,30,White,None stated,Mexican,2x the rent,Positive references,Self-employed,Excellent,3 months deposit,1
850,1,Male,50,Asian,Physical disability,Canadian,4x the rent,Prior late payments,Self-employed,Excellent,1 month deposit,0
851,1,Female,35,White,None stated,Canadian,2x the rent,Prior late payments,Self-employed,Good,3 months deposit,0
852,1,Male,40,Black,Physical disability,Mexican,3x the rent,Positive references,Self-employed,Excellent,1 month deposit,1
853,1,Non-binary,45,Hispanic,None stated,Indian,4x the rent,Positive references,Part-time,Good,1 month deposit,1
854,1,Male,45,Black,None stated,Mexican,2x the rent,Positive references,Self-employed,Excellent,2 months deposit,1
855,1,Male,30,Black,Physical disability,American,4x the rent,Prior late payments,Part-time,Fair,2 months deposit,0
856,1,Male,45,White,Physical disability,Indian,2x the rent,Prior late payments,Self-employed,Excellent,1 month deposit,0
857,1,Female,50,Black,Mental health history,Mexican,4x the rent,No prior rental history,Self-employed,Excellent,1 month deposit,0
858,1,Non-binary,50,White,Physical disability,German,3x the rent,Positive references,Self-employed,Good,2 months deposit,1
859,1,Female,30,Black,Mental health history,Canadian,4x the rent,Positive references,Full-time,Good,1 month deposit,1
860,1,Non-binary,40,Asian,None stated,Mexican,2x the rent,No prior rental history,Self-employed,Excellent,1 month deposit,1
861,1,Female,35,Black,None stated,German,3x the rent,Prior late payments,Self-employed,Good,2 months deposit,0
862,1,Male,45,Black,Physical disability,Mexican,2x the rent,Positive references,Full-time,Fair,2 months deposit,1
863,1,Non-binary,30,Black,Mental health history,German,3x the rent,Prior late payments,Self-employed,Fair,2 months deposit,1
864,1,Male,30,White,Physical disability,Mexican,4x the rent,Prior late payments,Part-time,Good,3 months deposit,0
865,1,Female,45,Black,Mental health history,German,4x the rent,Positive references,Full-time,Excellent,2 months deposit,1
866,1,Male,45,Hispanic,None stated,Canadian,4x the rent,Positive references,Part-time,Excellent,1 month deposit,1
867,1,Male,55,Black,None stated,American,3x the rent,No prior rental history,Full-time,Excellent,3 months deposit,1
868,1,Male,50,Hispanic,None stated,American,4x the rent,Prior late payments,Self-employed,Fair,1 month deposit,0
869,1,Non-binary,35,Black,Physical disability,Indian,4x the rent,Prior late payments,Part-time,Fair,3 months deposit,0
870,1,Non-binary,35,Hispanic,None stated,American,4x the rent,No prior rental history,Full-time,Good,2 months deposit,1
871,1,Non-binary,30,Asian,None stated,Mexican,3x the rent,No prior rental history,Full-time,Good,1 month deposit,1
872,1,Male,35,Black,Mental health history,Canadian,2x the rent,Positive references,Part-time,Fair,1 month deposit,1
873,1,Non-binary,40,Black,Physical disability,Canadian,2x the rent,No prior rental history,Self-employed,Excellent,3 months deposit,1
874,1,Male,55,Hispanic,None stated,American,4x the rent,Prior late payments,Part-time,Excellent,1 month deposit,1
875,1,Male,55,White,None stated,Indian,2x the rent,Positive references,Self-employed,Excellent,1 month deposit,1
876,1,Non-binary,35,Hispanic,Mental health history,Mexican,3x the rent,No prior rental history,Full-time,Good,3 months deposit,1
877,1,Non-binary,55,Asian,Physical disability,German,3x the rent,Prior late payments,Self-employed,Fair,3 months deposit,0
878,1,Male,40,White,Mental health history,Mexican,2x the rent,No prior rental history,Full-time,Excellent,2 months deposit,1
879,1,Non-binary,35,Black,Physical disability,Indian,2x the rent,Prior late payments,Full-time,Excellent,3 months deposit,1
880,1,Male,45,Hispanic,None stated,American,4x the rent,No prior rental history,Part-time,Excellent,2 months deposit,1
881,1,Male,30,Hispanic,None stated,Canadian,4x the rent,Positive references,Part-time,Excellent,1 month deposit,1
882,1,Male,50,Hispanic,None stated,Mexican,3x the rent,Prior late payments,Full-time,Excellent,2 months deposit,1
883,1,Non-binary,35,Black,Mental health history,American,4x the rent,Prior late payments,Full-time,Good,3 months deposit,1
884,1,Female,30,White,Mental health history,German,2x the rent,Positive references,Self-employed,Excellent,3 months deposit,1
885,1,Non-binary,30,White,Physical disability,Indian,2x the rent,Positive references,Part-time,Fair,3 months deposit,1
886,1,Non-binary,45,Hispanic,Physical disability,American,2x the rent,No prior rental history,Part-time,Fair,2 months deposit,0
887,1,Non-binary,45,Black,Physical disability,American,3x the rent,Prior late payments,Part-time,Fair,1 month deposit,0
888,1,Non-binary,30,Hispanic,Physical disability,Mexican,4x the rent,No prior rental history,Part-time,Excellent,3 months deposit,1
889,1,Male,55,White,None stated,Canadian,4x the rent,Prior late payments,Self-employed,Excellent,1 month deposit,1
890,1,Non-binary,50,Asian,Mental health history,German,3x the rent,Prior late payments,Part-time,Excellent,3 months deposit,0
891,1,Male,50,Asian,None stated,American,4x the rent,Prior late payments,Full-time,Excellent,2 months deposit,0
892,1,Non-binary,30,Black,None stated,Indian,2x the rent,No prior rental history,Full-time,Good,2 months deposit,1
893,1,Male,35,White,Physical disability,American,4x the rent,Positive references,Part-time,Fair,1 month deposit,1
894,1,Male,45,Hispanic,Mental health history,American,4x the rent,No prior rental history,Self-employed,Fair,3 months deposit,0
895,1,Non-binary,45,Asian,Mental health history,Indian,2x the rent,Prior late payments,Self-employed,Excellent,2 months deposit,0
896,1,Non-binary,40,White,None stated,Canadian,2x the rent,Positive references,Part-time,Excellent,3 months deposit,1
897,1,Non-binary,50,Hispanic,None stated,German,3x the rent,No prior rental history,Part-time,Excellent,3 months deposit,1
898,1,Non-binary,30,Asian,Mental health history,American,3x the rent,Positive references,Part-time,Good,1 month deposit,1
899,1,Male,45,White,None stated,Indian,2x the rent,No prior rental history,Full-time,Good,3 months deposit,1
900,1,Male,30,Hispanic,Mental health history,Canadian,3x the rent,Prior late payments,Part-time,Good,3 months deposit,0
901,1,Female,30,Black,None stated,Mexican,4x the rent,Positive references,Full-time,Good,3 months deposit,1
902,1,Female,50,Asian,Physical disability,Canadian,4x the rent,Positive references,Part-time,Fair,3 months deposit,1
903,1,Male,55,Black,None stated,American,2x the rent,Positive references,Part-time,Excellent,2 months deposit,1
904,1,Male,50,White,Physical disability,German,2x the rent,Prior late payments,Full-time,Fair,2 months deposit,0
905,1,Female,50,Black,Physical disability,German,4x the rent,Prior late payments,Full-time,Good,1 month deposit,1
906,1,Male,35,Asian,None stated,Canadian,2x the rent,Prior late payments,Part-time,Fair,3 months deposit,0
907,1,Female,55,Black,Physical disability,Indian,3x the rent,No prior rental history,Self-employed,Excellent,3 months deposit,1
908,1,Non-binary,55,Black,Physical disability,German,2x the rent,Prior late payments,Part-time,Fair,1 month deposit,0
909,1,Non-binary,30,White,None stated,Mexican,4x the rent,Positive references,Part-time,Excellent,1 month deposit,1
910,1,Non-binary,35,Asian,None stated,American,2x the rent,Prior late payments,Part-time,Fair,3 months deposit,0
911,1,Female,45,Asian,Mental health history,German,2x the rent,Positive references,Part-time,Good,3 months deposit,1
912,1,Non-binary,45,Hispanic,None stated,American,2x the rent,Prior late payments,Full-time,Excellent,3 months deposit,1
913,1,Male,50,Black,Physical disability,Canadian,2x the rent,Positive references,Self-employed,Good,3 months deposit,1
914,1,Female,55,Asian,None stated,German,4x the rent,Positive references,Full-time,Fair,2 months deposit,1
915,1,Male,40,White,None stated,German,3x the rent,Prior late payments,Self-employed,Good,3 months deposit,0
916,1,Male,45,Hispanic,Physical disability,American,2x the rent,Prior late payments,Part-time,Good,3 months deposit,0
917,1,Male,40,White,None stated,Canadian,2x the rent,Positive references,Part-time,Excellent,1 month deposit,1
918,1,Male,45,White,Mental health history,Indian,4x the rent,Prior late payments,Part-time,Excellent,1 month deposit,1
919,1,Female,40,Black,Physical disability,American,3x the rent,Positive references,Self-employed,Excellent,2 months deposit,1
920,1,Male,55,Hispanic,None stated,Indian,3x the rent,No prior rental history,Part-time,Fair,2 months deposit,1
921,1,Non-binary,30,White,Mental health history,Canadian,2x the rent,No prior rental history,Full-time,Good,1 month deposit,1
922,1,Non-binary,45,Asian,Mental health history,Indian,4x the rent,No prior rental history,Self-employed,Good,2 months deposit,1
923,1,Female,30,White,None stated,Mexican,3x the rent,No prior rental history,Self-employed,Excellent,3 months deposit,0
924,1,Male,30,Asian,Mental health history,Mexican,2x the rent,Prior late payments,Part-time,Excellent,1 month deposit,0
925,1,Female,35,White,Physical disability,Indian,3x the rent,No prior rental history,Full-time,Fair,2 months deposit,1
926,1,Male,45,Asian,Physical disability,Mexican,2x the rent,No prior rental history,Part-time,Excellent,2 months deposit,1
927,1,Non-binary,40,Hispanic,None stated,Canadian,3x the rent,No prior rental history,Self-employed,Good,1 month deposit,1
928,1,Male,55,Black,Mental health history,Canadian,3x the rent,No prior rental history,Part-time,Fair,3 months deposit,0
929,1,Female,30,Hispanic,Mental health history,Canadian,3x the rent,Prior late payments,Part-time,Fair,1 month deposit,0
930,1,Non-binary,35,White,Mental health history,Mexican,2x the rent,Prior late payments,Full-time,Fair,1 month deposit,0
931,1,Female,55,Asian,Mental health history,Indian,4x the rent,No prior rental history,Part-time,Excellent,2 months deposit,0
932,1,Female,45,Asian,Mental health history,Indian,2x the rent,Prior late payments,Full-time,Fair,3 months deposit,0
933,1,Female,40,Black,Mental health history,Canadian,3x the rent,Positive references,Full-time,Good,1 month deposit,1
934,1,Female,40,Black,None stated,Mexican,4x the rent,Positive references,Full-time,Fair,1 month deposit,1
935,1,Male,40,Hispanic,Physical disability,German,3x the rent,No prior rental history,Self-employed,Excellent,1 month deposit,1
936,1,Non-binary,30,White,None stated,German,4x the rent,Prior late payments,Part-time,Fair,3 months deposit,0
937,1,Non-binary,55,Asian,Physical disability,Indian,3x the rent,No prior rental history,Self-employed,Good,1 month deposit,1
938,1,Female,50,Hispanic,Mental health history,German,2x the rent,No prior rental history,Part-time,Excellent,2 months deposit,1
939,1,Non-binary,40,Asian,Mental health history,Indian,4x the rent,Positive references,Full-time,Good,3 months deposit,1
940,1,Male,30,Asian,None stated,American,3x the rent,Prior late payments,Full-time,Good,1 month deposit,0
941,1,Female,35,Asian,Mental health history,Canadian,4x the rent,No prior rental history,Self-employed,Excellent,1 month deposit,1
942,1,Non-binary,50,Asian,None stated,Mexican,3x the rent,Prior late payments,Part-time,Good,1 month deposit,0
943,1,Female,50,White,None stated,Indian,4x the rent,Positive references,Part-time,Fair,1 month deposit,1
944,1,Male,50,Hispanic,None stated,American,2x the rent,Positive references,Part-time,Fair,1 month deposit,1
945,1,Non-binary,30,Black,Physical disability,Mexican,2x the rent,Positive references,Self-employed,Fair,3 months deposit,1
946,1,Female,35,Black,None stated,Canadian,2x the rent,Positive references,Part-time,Fair,1 month deposit,1
947,1,Non-binary,55,White,Physical disability,German,3x the rent,No prior rental history,Full-time,Fair,3 months deposit,1
948,1,Non-binary,30,Black,Mental health history,Canadian,4x the rent,No prior rental history,Full-time,Fair,1 month deposit,0
949,1,Female,50,Asian,None stated,Mexican,3x the rent,Positive references,Full-time,Good,1 month deposit,1
950,1,Male,45,Asian,Physical disability,American,3x the rent,Prior late payments,Self-employed,Good,1 month deposit,1
951,1,Female,35,Asian,None stated,German,4x the rent,Prior late payments,Full-time,Good,1 month deposit,0
952,1,Female,30,White,Mental health history,Indian,2x the rent,Positive references,Part-time,Fair,3 months deposit,1
953,1,Male,40,White,Physical disability,Mexican,2x the rent,No prior rental history,Part-time,Fair,3 months deposit,0
954,1,Male,45,Asian,Physical disability,Mexican,2x the rent,Prior late payments,Full-time,Good,1 month deposit,1
955,1,Male,40,Hispanic,Mental health history,Canadian,2x the rent,Positive references,Full-time,Fair,3 months deposit,1
956,1,Female,35,Black,Mental health history,Canadian,2x the rent,Positive references,Full-time,Excellent,1 month deposit,1
957,1,Female,50,Black,Mental health history,German,4x the rent,Prior late payments,Part-time,Excellent,2 months deposit,0
958,1,Female,30,Hispanic,Mental health history,Canadian,2x the rent,Positive references,Part-time,Fair,1 month deposit,1
959,1,Male,35,Hispanic,Mental health history,Indian,3x the rent,Prior late payments,Self-employed,Excellent,1 month deposit,1
960,1,Male,30,Black,Physical disability,Canadian,4x the rent,No prior rental history,Part-time,Fair,3 months deposit,0
961,1,Male,40,Black,None stated,German,2x the rent,Positive references,Full-time,Excellent,2 months deposit,1
962,1,Male,55,Asian,Physical disability,German,3x the rent,Positive references,Full-time,Fair,3 months deposit,1
963,1,Male,50,Hispanic,Mental health history,German,4x the rent,Positive references,Part-time,Fair,3 months deposit,1
964,1,Male,30,Black,Mental health history,German,2x the rent,Positive references,Self-employed,Good,3 months deposit,1
965,1,Non-binary,55,Asian,Physical disability,Mexican,4x the rent,Prior late payments,Self-employed,Good,3 months deposit,0
966,1,Non-binary,35,Black,Mental health history,American,2x the rent,Prior late payments,Self-employed,Fair,3 months deposit,1
967,1,Non-binary,45,Asian,None stated,Indian,3x the rent,Prior late payments,Self-employed,Good,1 month deposit,0
968,1,Male,30,Hispanic,None stated,American,3x the rent,No prior rental history,Part-time,Fair,2 months deposit,0
969,1,Non-binary,45,Hispanic,None stated,American,4x the rent,No prior rental history,Part-time,Fair,3 months deposit,1
970,1,Female,35,White,None stated,Canadian,3x the rent,Positive references,Full-time,Good,2 months deposit,1
971,1,Non-binary,30,Asian,Mental health history,Indian,4x the rent,No prior rental history,Self-employed,Good,1 month deposit,1
972,1,Female,55,White,Mental health history,American,4x the rent,Positive references,Part-time,Fair,1 month deposit,1
973,1,Male,30,Hispanic,Mental health history,Canadian,2x the rent,Prior late payments,Self-employed,Fair,2 months deposit,0
974,1,Non-binary,35,White,None stated,German,4x the rent,Positive references,Full-time,Good,3 months deposit,1
975,1,Male,30,Asian,None stated,Canadian,2x the rent,Positive references,Full-time,Excellent,3 months deposit,1
976,1,Male,45,Asian,Mental health history,Indian,3x the rent,Positive references,Self-employed,Good,3 months deposit,1
977,1,Male,40,White,Physical disability,Canadian,2x the rent,No prior rental history,Full-time,Excellent,3 months deposit,1
978,1,Male,55,Asian,Mental health history,American,2x the rent,Positive references,Part-time,Excellent,3 months deposit,1
979,1,Male,40,Asian,Mental health history,German,2x the rent,Prior late payments,Full-time,Fair,3 months deposit,0
980,1,Non-binary,50,Hispanic,Physical disability,Canadian,3x the rent,Positive references,Full-time,Fair,2 months deposit,1
981,1,Non-binary,45,White,Physical disability,Mexican,2x the rent,No prior rental history,Part-time,Good,3 months deposit,0
982,1,Non-binary,45,Black,None stated,Canadian,4x the rent,No prior rental history,Self-employed,Excellent,3 months deposit,1
983,1,Female,55,Black,None stated,American,2x the rent,No prior rental history,Full-time,Good,2 months deposit,1
984,1,Non-binary,30,Black,None stated,Canadian,3x the rent,Positive references,Part-time,Fair,1 month deposit,1
985,1,Male,35,Asian,Physical disability,Canadian,3x the rent,Prior late payments,Self-employed,Good,1 month deposit,1
986,1,Non-binary,45,Hispanic,Physical disability,Canadian,4x the rent,Prior late payments,Part-time,Fair,2 months deposit,0
987,1,Non-binary,55,Asian,Physical disability,American,3x the rent,No prior rental history,Full-time,Good,3 months deposit,1
988,1,Non-binary,55,White,None stated,American,4x the rent,No prior rental history,Self-employed,Fair,2 months deposit,1
989,1,Male,45,Hispanic,None stated,Canadian,4x the rent,No prior rental history,Full-time,Good,2 months deposit,1
990,1,Non-binary,55,Hispanic,None stated,Mexican,2x the rent,No prior rental history,Full-time,Excellent,2 months deposit,1
991,1,Male,55,Black,Physical disability,American,4x the rent,No prior rental history,Full-time,Good,2 months deposit,1
992,1,Male,55,Hispanic,Physical disability,Indian,4x the rent,Prior late payments,Part-time,Fair,2 months deposit,0
993,1,Female,30,White,Mental health history,Canadian,3x the rent,No prior rental history,Part-time,Excellent,2 months deposit,0
994,1,Non-binary,40,Hispanic,Physical disability,American,3x the rent,Positive references,Full-time,Fair,3 months deposit,1
995,1,Male,45,White,None stated,German,2x the rent,Prior late payments,Full-time,Excellent,1 month deposit,0
996,1,Male,55,Asian,None stated,Canadian,4x the rent,No prior rental history,Self-employed,Good,2 months deposit,1
997,1,Female,40,Asian,Mental health history,Mexican,2x the rent,Positive references,Self-employed,Good,2 months deposit,1
998,1,Non-binary,40,Asian,Mental health history,American,2x the rent,No prior rental history,Full-time,Good,3 months deposit,1
999,1,Female,55,Hispanic,None stated,Canadian,3x the rent,Positive references,Self-employed,Fair,1 month deposit,1
1000,1,Male,30,Asian,None stated,American,4x the rent,Prior late payments,Self-employed,Fair,2 months deposit,0
1001,1,Female,45,White,None stated,German,3x the rent,Prior late payments,Self-employed,Good,2 months deposit,1
1002,1,Non-binary,35,Hispanic,None stated,Canadian,2x the rent,Prior late payments,Part-time,Excellent,2 months deposit,0
1003,1,Male,45,White,None stated,German,3x the rent,No prior rental history,Self-employed,Good,3 months deposit,1
1004,1,Male,35,Hispanic,Mental health history,Mexican,4x the rent,Prior late payments,Self-employed,Fair,3 months deposit,0
1005,1,Male,30,Black,Physical disability,German,2x the rent,Prior late payments,Full-time,Excellent,2 months deposit,1
1006,1,Female,45,Asian,Mental health history,German,3x the rent,Positive references,Full-time,Good,2 months deposit,1
1007,1,Non-binary,55,Hispanic,Mental health history,Indian,3x the rent,No prior rental history,Full-time,Fair,3 months deposit,1
1008,1,Non-binary,40,White,None stated,Indian,3x the rent,No prior rental history,Self-employed,Excellent,1 month deposit,1
1009,1,Female,45,White,Physical disability,Canadian,2x the rent,Positive references,Full-time,Fair,2 months deposit,1
1010,1,Male,35,White,Mental health history,American,4x the rent,Prior late payments,Part-time,Fair,3 months deposit,0
1011,1,Female,50,Asian,Physical disability,Mexican,3x the rent,Positive references,Part-time,Good,1 month deposit,1
1012,1,Non-binary,35,White,None stated,Mexican,2x the rent,Positive references,Self-employed,Good,3 months deposit,1
1013,1,Male,30,White,Physical disability,Canadian,4x the rent,Prior late payments,Full-time,Excellent,1 month deposit,0
1014,1,Female,50,Hispanic,Mental health history,Mexican,4x the rent,No prior rental history,Full-time,Excellent,3 months deposit,1
1015,1,Non-binary,30,Asian,None stated,Canadian,4x the rent,No prior rental history,Self-employed,Fair,2 months deposit,1
1016,1,Male,50,Asian,Physical disability,Mexican,3x the rent,Prior late payments,Part-time,Good,2 months deposit,0
1017,1,Non-binary,55,Hispanic,Mental health history,American,3x the rent,No prior rental history,Full-time,Good,2 months deposit,1
1018,1,Female,30,Black,Physical disability,Mexican,3x the rent,Prior late payments,Part-time,Good,2 months deposit,0
1019,1,Non-binary,35,Black,Mental health history,American,3x the rent,Positive references,Full-time,Good,2 months deposit,1
1020,1,Male,35,Asian,Mental health history,Canadian,3x the rent,Prior late payments,Part-time,Excellent,3 months deposit,0
1021,1,Non-binary,40,Black,Physical disability,German,3x the rent,No prior rental history,Part-time,Excellent,3 months deposit,1
1022,1,Non-binary,45,White,None stated,German,2x the rent,Positive references,Full-time,Excellent,2 months deposit,1
1023,1,Non-binary,30,White,Mental health history,Indian,2x the rent,Prior late payments,Self-employed,Excellent,3 months deposit,1
1024,1,Non-binary,30,Asian,Physical disability,American,4x the rent,No prior rental history,Self-employed,Excellent,2 months deposit,1
1025,1,Male,30,Black,None stated,German,4x the rent,Prior late payments,Self-employed,Fair,3 months deposit,1
1026,1,Female,30,Asian,Physical disability,American,3x the rent,Positive references,Full-time,Good,1 month deposit,1
1027,1,Non-binary,35,Asian,Physical disability,Mexican,4x the rent,Positive references,Full-time,Fair,1 month deposit,1
1028,1,Male,55,White,Physical disability,Canadian,4x the rent,Prior late payments,Full-time,Fair,2 months deposit,0
1029,1,Non-binary,40,White,Mental health history,Canadian,2x the rent,Positive references,Part-time,Good,1 month deposit,1
1030,1,Non-binary,40,Black,Mental health history,Mexican,4x the rent,No prior rental history,Self-employed,Fair,2 months deposit,0
1031,1,Non-binary,55,Asian,None stated,Indian,4x the rent,Prior late payments,Part-time,Fair,3 months deposit,0
1032,1,Non-binary,50,Black,Mental health history,American,2x the rent,Prior late payments,Part-time,Good,1 month deposit,0
1033,1,Non-binary,30,Asian,Physical disability,Mexican,3x the rent,Prior late payments,Full-time,Fair,3 months deposit,0
1034,1,Female,30,White,Physical disability,Mexican,4x the rent,No prior rental history,Self-employed,Fair,1 month deposit,0
1035,1,Female,35,Hispanic,Physical disability,Indian,2x the rent,Prior late payments,Part-time,Good,3 months deposit,0
1036,1,Male,35,Asian,Mental health history,German,3x the rent,Prior late payments,Self-employed,Good,1 month deposit,1
1037,1,Male,40,Black,None stated,Mexican,4x the rent,Positive references,Part-time,Excellent,3 months deposit,1
1038,1,Female,30,Hispanic,Physical disability,Canadian,2x the rent,Prior late payments,Part-time,Excellent,2 months deposit,1
1039,1,Female,30,Black,Physical disability,Mexican,3x the rent,Positive references,Full-time,Good,2 months deposit,1
1040,1,Female,55,Asian,Mental health history,Canadian,2x the rent,Positive references,Part-time,Fair,1 month deposit,1
1041,1,Non-binary,30,Hispanic,Physical disability,Canadian,3x the rent,Prior late payments,Full-time,Excellent,1 month deposit,1
1042,1,Female,40,Black,None stated,German,4x the rent,No prior rental history,Full-time,Excellent,1 month deposit,1
1043,1,Female,35,Hispanic,Mental health history,Mexican,2x the rent,Prior late payments,Self-employed,Fair,1 month deposit,0
1044,1,Non-binary,55,White,None stated,German,3x the rent,Positive references,Self-employed,Good,2 months deposit,1
1045,1,Female,50,Hispanic,Mental health history,Indian,4x the rent,No prior rental history,Self-employed,Good,1 month deposit,1
1046,1,Male,50,White,Physical disability,Indian,3x the rent,No prior rental history,Part-time,Excellent,1 month deposit,0
1047,1,Non-binary,45,White,None stated,American,3x the rent,Positive references,Full-time,Excellent,3 months deposit,1
1048,1,Female,30,White,Mental health history,German,3x the rent,Prior late payments,Self-employed,Fair,2 months deposit,0
1049,1,Male,55,White,Mental health history,Canadian,2x the rent,Prior late payments,Full-time,Excellent,3 months deposit,1
1050,1,Female,45,Asian,Physical disability,American,4x the rent,No prior rental history,Self-employed,Excellent,3 months deposit,1
1051,1,Male,50,Black,Mental health history,American,2x the rent,Positive references,Part-time,Good,1 month deposit,1
1052,1,Male,40,White,Mental health history,Canadian,4x the rent,No prior rental history,Part-time,Good,3 months deposit,0
1053,1,Male,30,White,None stated,American,3x the rent,No prior rental history,Part-time,Excellent,1 month deposit,1
1054,1,Male,50,White,Mental health history,American,2x the rent,Positive references,Self-employed,Fair,3 months deposit,1
1055,1,Non-binary,35,White,None stated,Canadian,4x the rent,Prior late payments,Self-employed,Fair,1 month deposit,0
1056,1,Female,40,Hispanic,Physical disability,American,2x the rent,Prior late payments,Self-employed,Excellent,1 month deposit,0
1057,1,Female,35,Asian,None stated,Mexican,4x the rent,No prior rental history,Self-employed,Good,2 months deposit,1
1058,1,Non-binary,30,White,Physical disability,Indian,3x the rent,Positive references,Full-time,Excellent,3 months deposit,1
1059,1,Male,30,White,None stated,German,3x the rent,No prior rental history,Self-employed,Good,3 months deposit,1
1060,1,Non-binary,55,Hispanic,Mental health history,American,3x the rent,Prior late payments,Self-employed,Excellent,3 months deposit,1
1061,1,Non-binary,30,Black,None stated,German,3x the rent,Positive references,Part-time,Fair,2 months deposit,1
1062,1,Non-binary,30,White,None stated,Indian,2x the rent,Positive references,Part-time,Fair,1 month deposit,1
1063,1,Non-binary,35,Black,Physical disability,German,3x the rent,No prior rental history,Full-time,Excellent,1 month deposit,0
1064,1,Male,45,Hispanic,Physical disability,Mexican,3x the rent,Positive references,Part-time,Fair,3 months deposit,1
1065,1,Non-binary,35,Asian,Mental health history,Mexican,3x the rent,No prior rental history,Self-employed,Good,2 months deposit,1
1066,1,Female,55,Black,Mental health history,Canadian,3x the rent,Prior late payments,Part-time,Good,1 month deposit,1
1067,1,Male,35,Black,Physical disability,American,3x the rent,No prior rental history,Part-time,Good,2 months deposit,1
1068,1,Female,40,Hispanic,Physical disability,American,4x the rent,Positive references,Full-time,Good,3 months deposit,1
1069,1,Female,55,Black,Physical disability,German,2x the rent,Positive references,Full-time,Good,1 month deposit,1
1070,1,Female,40,Hispanic,Mental health history,Canadian,2x the rent,Prior late payments,Self-employed,Fair,3 months deposit,0
1071,1,Female,55,White,Mental health history,American,3x the rent,Prior late payments,Part-time,Excellent,1 month deposit,0
1072,1,Female,35,Black,Mental health history,German,3x the rent,Positive references,Part-time,Good,3 months deposit,1
1073,1,Female,55,Hispanic,None stated,American,4x the rent,Prior late payments,Full-time,Fair,1 month deposit,0
1074,1,Male,30,White,None stated,Canadian,3x the rent,Prior late payments,Full-time,Fair,2 months deposit,0
1075,1,Male,50,Hispanic,None stated,Indian,4x the rent,Prior late payments,Part-time,Excellent,1 month deposit,0
1076,1,Non-binary,30,Black,Mental health history,Canadian,4x the rent,No prior rental history,Self-employed,Excellent,2 months deposit,1
1077,1,Female,40,Asian,Physical disability,Indian,2x the rent,Positive references,Full-time,Fair,2 months deposit,1
1078,1,Non-binary,50,Black,Mental health history,German,4x the rent,No prior rental history,Part-time,Good,3 months deposit,1
1079,1,Male,50,Asian,Physical disability,Mexican,2x the rent,Prior late payments,Self-employed,Excellent,2 months deposit,1
1080,1,Female,35,Asian,Physical disability,Canadian,2x the rent,No prior rental history,Self-employed,Excellent,3 months deposit,1
1081,1,Male,40,Hispanic,None stated,American,4x the rent,Positive references,Full-time,Good,2 months deposit,1
1082,1,Male,35,White,Mental health history,American,3x the rent,Positive references,Full-time,Fair,3 months deposit,1
1083,1,Non-binary,40,Hispanic,Physical disability,Canadian,4x the rent,Positive references,Self-employed,Fair,3 months deposit,1
1084,1,Male,45,Black,Physical disability,German,2x the rent,Positive references,Part-time,Fair,1 month deposit,1
1085,1,Non-binary,30,Hispanic,Physical disability,Mexican,3x the rent,Prior late payments,Self-employed,Excellent,3 months deposit,1
1086,1,Male,35,White,Mental health history,Mexican,2x the rent,Prior late payments,Part-time,Good,1 month deposit,1
1087,1,Male,45,White,Mental health history,Mexican,2x the rent,Prior late payments,Self-employed,Good,3 months deposit,0
1088,1,Male,30,Asian,Physical disability,American,4x the rent,Positive references,Part-time,Excellent,1 month deposit,1
1089,1,Male,55,Asian,Mental health history,Indian,2x the rent,No prior rental history,Full-time,Fair,3 months deposit,0
1090,1,Male,45,Hispanic,Physical disability,German,3x the rent,Positive references,Full-time,Excellent,1 month deposit,1
1091,1,Non-binary,30,Hispanic,Physical disability,Indian,4x the rent,Prior late payments,Full-time,Excellent,1 month deposit,0
1092,1,Male,50,Black,Mental health history,American,2x the rent,Prior late payments,Self-employed,Excellent,1 month deposit,1
1093,1,Non-binary,30,Hispanic,None stated,Indian,4x the rent,Positive references,Self-employed,Fair,1 month deposit,1
1094,1,Female,35,White,Physical disability,American,2x the rent,No prior rental history,Self-employed,Good,2 months deposit,1
1095,1,Male,35,Asian,None stated,Indian,2x the rent,Positive references,Self-employed,Good,3 months deposit,1
1096,1,Female,45,Black,None stated,German,3x the rent,Positive references,Full-time,Excellent,1 month deposit,1
1097,1,Male,55,Asian,Physical disability,German,3x the rent,Prior late payments,Part-time,Good,1 month deposit,1
1098,1,Non-binary,35,White,Physical disability,Mexican,3x the rent,Prior late payments,Self-employed,Good,1 month deposit,0
1099,1,Male,55,Black,Mental health history,Indian,3x the rent,No prior rental history,Full-time,Fair,1 month deposit,0
1100,1,Male,30,Asian,Mental health history,German,4x the rent,Positive references,Part-time,Good,2 months deposit,1
1101,1,Male,35,Hispanic,None stated,Indian,4x the rent,No prior rental history,Full-time,Good,2 months deposit,1
1102,1,Female,40,White,Physical disability,Canadian,2x the rent,No prior rental history,Part-time,Good,2 months deposit,1
1103,1,Female,55,White,None stated,American,3x the rent,Prior late payments,Part-time,Good,1 month deposit,0
1104,1,Male,35,Asian,None stated,Indian,2x the rent,Positive references,Self-employed,Good,1 month deposit,1
1105,1,Non-binary,50,Black,None stated,Mexican,3x the rent,Positive references,Part-time,Good,3 months deposit,1
1106,1,Non-binary,50,Asian,None stated,German,3x the rent,Positive references,Full-time,Excellent,3 months deposit,1
1107,1,Non-binary,35,Hispanic,Physical disability,Indian,3x the rent,Prior late payments,Self-employed,Good,1 month deposit,1
1108,1,Male,45,Hispanic,Physical disability,German,2x the rent,Positive references,Self-employed,Good,1 month deposit,1
1109,1,Male,55,Hispanic,None stated,German,2x the rent,No prior rental history,Full-time,Good,2 months deposit,1
1110,1,Male,35,Black,Mental health history,Mexican,2x the rent,Positive references,Full-time,Good,1 month deposit,1
1111,1,Non-binary,45,Hispanic,Mental health history,American,3x the rent,Positive references,Full-time,Fair,1 month deposit,1
1112,1,Male,50,White,None stated,Mexican,2x the rent,Positive references,Part-time,Good,1 month deposit,1
1113,1,Female,40,Black,None stated,Canadian,4x the rent,Prior late payments,Full-time,Excellent,2 months deposit,1
1114,1,Non-binary,35,Black,None stated,Canadian,4x the rent,Prior late payments,Part-time,Excellent,2 months deposit,1
1115,1,Non-binary,50,Black,None stated,American,2x the rent,No prior rental history,Part-time,Good,2 months deposit,1
1116,1,Female,30,Asian,Mental health history,Canadian,2x the rent,Prior late payments,Full-time,Good,1 month deposit,1
1117,1,Female,40,White,Physical disability,Indian,4x the rent,Positive references,Self-employed,Excellent,3 months deposit,1
1118,1,Female,55,White,Physical disability,Canadian,4x the rent,No prior rental history,Full-time,Good,1 month deposit,1
1119,1,Male,30,White,None stated,Indian,2x the rent,Positive references,Full-time,Good,1 month deposit,1
1120,1,Non-binary,35,Hispanic,Mental health history,Indian,3x the rent,Positive references,Self-employed,Excellent,1 month deposit,1
1121,1,Female,45,Hispanic,Mental health history,Indian,2x the rent,Positive references,Part-time,Fair,2 months deposit,1
1122,1,Non-binary,35,Hispanic,Mental health history,Canadian,2x the rent,No prior rental history,Part-time,Good,1 month deposit,0
1123,1,Male,35,White,Physical disability,Canadian,2x the rent,No prior rental history,Part-time,Excellent,3 months deposit,1
1124,1,Male,30,White,Mental health history,Mexican,4x the rent,No prior rental history,Part-time,Fair,3 months deposit,0
1125,1,Female,55,Black,None stated,Canadian,4x the rent,Prior late payments,Self-employed,Excellent,3 months deposit,0
1126,1,Non-binary,50,Asian,Mental health history,Mexican,4x the rent,Positive references,Self-employed,Excellent,2 months deposit,1
1127,1,Non-binary,55,White,Mental health history,American,4x the rent,No prior rental history,Full-time,Good,3 months deposit,1
1128,1,Non-binary,45,Hispanic,Physical disability,Mexican,4x the rent,No prior rental history,Part-time,Excellent,2 months deposit,1
1129,1,Female,50,Asian,Physical disability,American,2x the rent,Positive references,Self-employed,Fair,2 months deposit,1
1130,1,Non-binary,45,Asian,Physical disability,Mexican,4x the rent,No prior rental history,Self-employed,Fair,1 month deposit,0
1131,1,Non-binary,30,Hispanic,Physical disability,Mexican,2x the rent,Positive references,Self-employed,Fair,1 month deposit,1
1132,1,Non-binary,35,Hispanic,Physical disability,Indian,2x the rent,Positive references,Self-employed,Fair,2 months deposit,1
1133,1,Male,35,Hispanic,Physical disability,Mexican,3x the rent,No prior rental history,Self-employed,Good,3 months deposit,1
1134,1,Male,40,Hispanic,None stated,American,2x the rent,Positive references,Self-employed,Excellent,2 months deposit,1
1135,1,Female,50,Black,Physical disability,Mexican,4x the rent,Positive references,Full-time,Excellent,2 months deposit,1
1136,1,Female,50,Hispanic,Physical disability,Indian,4x the rent,Positive references,Part-time,Excellent,2 months deposit,1
1137,1,Female,30,Hispanic,Mental health history,American,4x the rent,Positive references,Part-time,Good,3 months deposit,1
1138,1,Female,35,Hispanic,None stated,Canadian,2x the rent,No prior rental history,Part-time,Fair,1 month deposit,0
1139,1,Male,40,Black,Mental health history,Indian,2x the rent,No prior rental history,Part-time,Excellent,2 months deposit,1
1140,1,Male,30,Black,Physical disability,German,2x the rent,Positive references,Part-time,Fair,3 months deposit,1
1141,1,Non-binary,30,Asian,None stated,Indian,4x the rent,No prior rental history,Part-time,Good,2 months deposit,1
1142,1,Non-binary,40,Black,Physical disability,Mexican,2x the rent,Prior late payments,Self-employed,Fair,3 months deposit,0
1143,1,Female,45,White,None stated,American,4x the rent,No prior rental history,Self-employed,Good,1 month deposit,1
1144,1,Male,50,White,None stated,American,3x the rent,Prior late payments,Full-time,Good,2 months deposit,0
1145,1,Female,50,Black,Physical disability,Indian,2x the rent,Prior late payments,Part-time,Fair,3 months deposit,0
1146,1,Male,45,Black,None stated,Indian,2x the rent,Positive references,Self-employed,Good,3 months deposit,1
1147,1,Female,35,Black,None stated,American,4x the rent,Positive references,Self-employed,Good,3 months deposit,1
1148,1,Non-binary,35,Hispanic,Mental health history,Indian,4x the rent,No prior rental history,Part-time,Good,3 months deposit,0
1149,1,Female,55,Hispanic,None stated,Indian,4x the rent,No prior rental history,Full-time,Fair,1 month deposit,0
1150,1,Non-binary,40,White,Physical disability,Mexican,4x the rent,Positive references,Self-employed,Fair,1 month deposit,1
1151,1,Female,50,Asian,Physical disability,German,3x the rent,Positive references,Full-time,Fair,2 months deposit,1
1152,1,Male,55,Asian,Physical disability,Indian,2x the rent,Positive references,Full-time,Good,2 months deposit,1
1153,1,Male,50,Asian,Physical disability,American,2x the rent,Prior late payments,Part-time,Fair,2 months deposit,0
1154,1,Female,50,White,Physical disability,Indian,3x the rent,Positive references,Part-time,Good,2 months deposit,1
1155,1,Male,35,Black,None stated,German,3x the rent,No prior rental history,Full-time,Good,3 months deposit,1
1156,1,Female,40,Black,Mental health history,German,3x the rent,Positive references,Part-time,Excellent,2 months deposit,1
1157,1,Male,50,Hispanic,None stated,Canadian,2x the rent,Prior late payments,Self-employed,Excellent,1 month deposit,0
1158,1,Non-binary,35,Black,Physical disability,Indian,3x the rent,No prior rental history,Full-time,Excellent,2 months deposit,1
1159,1,Male,45,Black,Physical disability,Canadian,2x the rent,No prior rental history,Full-time,Good,2 months deposit,1
1160,1,Male,45,White,Physical disability,Mexican,3x the rent,No prior rental history,Full-time,Good,2 months deposit,1
1161,1,Non-binary,50,White,None stated,German,2x the rent,Positive references,Full-time,Fair,1 month deposit,1
1162,1,Male,50,Asian,None stated,Canadian,2x the rent,Positive references,Self-employed,Good,1 month deposit,1
1163,1,Female,30,Asian,Mental health history,Indian,3x the rent,Positive references,Self-employed,Fair,1 month deposit,1
1164,1,Male,40,White,Mental health history,American,2x the rent,Prior late payments,Self-employed,Excellent,2 months deposit,1
1165,1,Female,35,Hispanic,Mental health history,Mexican,3x the rent,Prior late payments,Full-time,Fair,3 months deposit,0
1166,1,Male,30,Asian,Physical disability,American,3x the rent,No prior rental history,Part-time,Fair,3 months deposit,0
1167,1,Female,45,Hispanic,Physical disability,American,4x the rent,No prior rental history,Self-employed,Good,2 months deposit,1
1168,1,Non-binary,40,Hispanic,Physical disability,Canadian,2x the rent,Positive references,Full-time,Good,2 months deposit,1
1169,1,Male,30,White,None stated,German,3x the rent,Prior late payments,Part-time,Fair,2 months deposit,0
1170,1,Female,50,White,None stated,German,2x the rent,No prior rental history,Self-employed,Excellent,1 month deposit,0
1171,1,Non-binary,30,Asian,Physical disability,German,2x the rent,Positive references,Self-employed,Good,3 months deposit,1
1172,1,Non-binary,30,Asian,None stated,American,4x the rent,Prior late payments,Full-time,Fair,2 months deposit,0
1173,1,Female,30,Hispanic,None stated,Mexican,2x the rent,No prior rental history,Full-time,Excellent,3 months deposit,1
1174,1,Non-binary,55,Hispanic,Mental health history,Canadian,4x the rent,Positive references,Self-employed,Fair,3 months deposit,1
1175,1,Non-binary,45,Asian,Mental health history,Indian,2x the rent,No prior rental history,Self-employed,Excellent,2 months deposit,1
1176,1,Non-binary,30,Hispanic,Physical disability,Indian,2x the rent,Positive references,Full-time,Fair,2 months deposit,1
1177,1,Male,40,Black,Mental health history,Canadian,3x the rent,No prior rental history,Self-employed,Fair,1 month deposit,1
1178,1,Non-binary,30,White,Physical disability,Canadian,3x the rent,Positive references,Full-time,Excellent,1 month deposit,1
1179,1,Male,30,White,Physical disability,German,4x the rent,Prior late payments,Part-time,Fair,1 month deposit,0
1180,1,Female,30,Black,None stated,German,2x the rent,Positive references,Part-time,Excellent,2 months deposit,1
1181,1,Male,45,Black,Physical disability,Indian,3x the rent,Positive references,Part-time,Excellent,2 months deposit,1
1182,1,Male,50,Asian,Physical disability,Indian,3x the rent,Prior late payments,Full-time,Good,1 month deposit,1
1183,1,Non-binary,30,Hispanic,Mental health history,Mexican,3x the rent,Prior late payments,Part-time,Excellent,2 months deposit,1
1184,1,Non-binary,55,Asian,Mental health history,Indian,2x the rent,No prior rental history,Self-employed,Fair,2 months deposit,1
1185,1,Female,50,Hispanic,Physical disability,Mexican,3x the rent,Positive references,Self-employed,Excellent,3 months deposit,1
1186,1,Female,40,Black,None stated,Mexican,4x the rent,No prior rental history,Full-time,Good,3 months deposit,1
1187,1,Female,30,White,Mental health history,Canadian,2x the rent,Prior late payments,Full-time,Good,3 months deposit,1
1188,1,Male,30,White,Physical disability,German,3x the rent,Positive references,Part-time,Good,2 months deposit,1
1189,1,Female,55,Asian,None stated,Indian,2x the rent,Prior late payments,Self-employed,Good,1 month deposit,0
1190,1,Female,40,Hispanic,None stated,Indian,3x the rent,Prior late payments,Self-employed,Fair,1 month deposit,0
1191,1,Female,30,Black,None stated,German,2x the rent,Prior late payments,Self-employed,Fair,2 months deposit,0
1192,1,Non-binary,50,Black,None stated,Indian,3x the rent,Positive references,Full-time,Excellent,3 months deposit,1
1193,1,Non-binary,30,Black,None stated,Mexican,3x the rent,Positive references,Part-time,Fair,3 months deposit,1
1194,1,Female,30,Asian,None stated,Mexican,2x the rent,No prior rental history,Self-employed,Excellent,1 month deposit,1
1195,1,Non-binary,55,Hispanic,None stated,Canadian,4x the rent,No prior rental history,Full-time,Excellent,3 months deposit,1
1196,1,Female,50,Asian,Mental health history,Indian,4x the rent,No prior rental history,Full-time,Good,2 months deposit,0
1197,1,Female,30,Hispanic,Physical disability,Canadian,4x the rent,Prior late payments,Part-time,Excellent,3 months deposit,1
1198,1,Non-binary,50,White,None stated,Indian,2x the rent,No prior rental history,Part-time,Excellent,2 months deposit,1
1199,1,Male,35,Asian,None stated,German,2x the rent,Prior late payments,Part-time,Excellent,1 month deposit,0
1200,1,Non-binary,45,Black,Physical disability,German,2x the rent,Positive references,Full-time,Excellent,3 months deposit,1
1201,1,Female,30,Hispanic,None stated,Canadian,4x the rent,Prior late payments,Part-time,Excellent,1 month deposit,0
1202,1,Non-binary,50,Asian,Physical disability,Mexican,2x the rent,Positive references,Full-time,Good,1 month deposit,1
1203,1,Non-binary,40,White,Mental health history,Mexican,3x the rent,No prior rental history,Self-employed,Good,1 month deposit,1
1204,1,Non-binary,50,White,None stated,German,2x the rent,Positive references,Part-time,Excellent,2 months deposit,1
1205,1,Non-binary,55,Asian,None stated,American,3x the rent,No prior rental history,Full-time,Good,2 months deposit,1
1206,1,Non-binary,45,Black,None stated,Canadian,2x the rent,No prior rental history,Self-employed,Good,3 months deposit,1
1207,1,Female,35,White,Physical disability,Mexican,3x the rent,No prior rental history,Self-employed,Good,2 months deposit,1
1208,1,Female,40,White,Mental health history,German,2x the rent,Positive references,Self-employed,Good,1 month deposit,1
1209,1,Female,50,Hispanic,Mental health history,Indian,3x the rent,No prior rental history,Full-time,Excellent,2 months deposit,1
1210,1,Male,40,White,Physical disability,Indian,2x the rent,Prior late payments,Part-time,Fair,3 months deposit,0
1211,1,Female,30,Hispanic,Mental health history,Indian,4x the rent,Positive references,Full-time,Fair,2 months deposit,1
1212,1,Male,30,Black,Mental health history,Indian,4x the rent,Prior late payments,Full-time,Fair,2 months deposit,0
1213,1,Female,50,White,None stated,Indian,4x the rent,No prior rental history,Part-time,Excellent,2 months deposit,1
1214,1,Male,40,White,Mental health history,American,4x the rent,Prior late payments,Part-time,Excellent,3 months deposit,1
1215,1,Female,45,Black,Physical disability,Indian,2x the rent,Positive references,Self-employed,Good,3 months deposit,1
1216,1,Male,40,White,Physical disability,Indian,3x the rent,No prior rental history,Self-employed,Good,2 months deposit,0
1217,1,Female,35,Asian,Mental health history,German,4x the rent,Prior late payments,Part-time,Good,1 month deposit,1
1218,1,Non-binary,40,White,Physical disability,Indian,4x the rent,Prior late payments,Part-time,Excellent,1 month deposit,0
1219,1,Male,40,Black,Physical disability,German,4x the rent,Positive references,Self-employed,Excellent,1 month deposit,1
1220,1,Non-binary,50,Hispanic,Mental health history,American,3x the rent,Positive references,Full-time,Good,3 months deposit,1
1221,1,Female,55,White,None stated,Mexican,3x the rent,No prior rental history,Full-time,Excellent,3 months deposit,1
1222,1,Female,30,White,Physical disability,American,2x the rent,Prior late payments,Self-employed,Excellent,3 months deposit,0
1223,1,Male,40,Black,Physical disability,German,2x the rent,No prior rental history,Self-employed,Good,1 month deposit,1
1224,1,Female,50,Black,None stated,American,3x the rent,Prior late payments,Full-time,Good,2 months deposit,0
1225,1,Male,45,White,Physical disability,Indian,2x the rent,Prior late payments,Part-time,Good,2 months deposit,0
1226,1,Non-binary,50,Asian,Mental health history,Canadian,2x the rent,Positive references,Self-employed,Fair,1 month deposit,1
1227,1,Male,35,White,Mental health history,Indian,3x the rent,Positive references,Self-employed,Fair,1 month deposit,1
1228,1,Male,50,Hispanic,Physical disability,Canadian,3x the rent,Positive references,Self-employed,Excellent,1 month deposit,1
1229,1,Non-binary,55,White,Physical disability,American,3x the rent,No prior rental history,Full-time,Fair,1 month deposit,1
1230,1,Non-binary,45,Hispanic,Mental health history,German,3x the rent,Prior late payments,Full-time,Fair,3 months deposit,0
1231,1,Non-binary,30,Black,Mental health history,Mexican,2x the rent,Positive references,Part-time,Good,3 months deposit,1
1232,1,Male,40,White,None stated,Canadian,4x the rent,No prior rental history,Full-time,Good,2 months deposit,1
1233,1,Non-binary,35,White,None stated,American,3x the rent,Prior late payments,Part-time,Fair,3 months deposit,0
1234,1,Non-binary,30,Black,None stated,Indian,2x the rent,Positive references,Part-time,Excellent,2 months deposit,1
1235,1,Non-binary,35,Hispanic,None stated,German,4x the rent,Prior late payments,Full-time,Fair,3 months deposit,0
1236,1,Female,45,Asian,None stated,Canadian,4x the rent,Positive references,Full-time,Fair,2 months deposit,1
1237,1,Female,55,Hispanic,Mental health history,German,2x the rent,Positive references,Part-time,Good,1 month deposit,1
1238,1,Female,40,White,None stated,German,2x the rent,No prior rental history,Full-time,Excellent,1 month deposit,1
1239,1,Male,55,Hispanic,None stated,Canadian,3x the rent,Positive references,Self-employed,Good,1 month deposit,1
1240,1,Non-binary,50,White,None stated,Mexican,4x the rent,No prior rental history,Self-employed,Fair,1 month deposit,0
1241,1,Non-binary,30,White,None stated,German,3x the rent,Prior late payments,Full-time,Good,3 months deposit,1
1242,1,Non-binary,50,Hispanic,Physical disability,Canadian,3x the rent,Positive references,Self-employed,Fair,3 months deposit,1
1243,1,Male,35,Black,Mental health history,American,4x the rent,No prior rental history,Full-time,Good,1 month deposit,1
1244,1,Non-binary,30,Black,Physical disability,American,3x the rent,Positive references,Part-time,Excellent,3 months deposit,1
1245,1,Female,40,White,Mental health history,American,3x the rent,No prior rental history,Self-employed,Fair,3 months deposit,0
1246,1,Non-binary,30,Asian,Physical disability,American,3x the rent,Prior late payments,Self-employed,Fair,3 months deposit,0
1247,1,Non-binary,55,Hispanic,Physical disability,Mexican,2x the rent,Prior late payments,Part-time,Fair,3 months deposit,1
1248,1,Male,50,Hispanic,Physical disability,German,4x the rent,No prior rental history,Full-time,Fair,2 months deposit,1
1249,1,Male,35,Asian,Mental health history,American,3x the rent,Prior late payments,Self-employed,Excellent,3 months deposit,0
1250,1,Non-binary,35,Hispanic,None stated,American,4x the rent,No prior rental history,Full-time,Good,1 month deposit,1
1251,1,Non-binary,35,Hispanic,None stated,American,4x the rent,Prior late payments,Full-time,Good,2 months deposit,0
1252,1,Female,40,Black,Mental health history,German,3x the rent,Positive references,Part-time,Good,2 months deposit,1
1253,1,Non-binary,50,Asian,None stated,Indian,2x the rent,Prior late payments,Part-time,Fair,2 months deposit,0
1254,1,Male,40,Black,Mental health history,Canadian,3x the rent,Prior late payments,Full-time,Good,2 months deposit,1
1255,1,Male,30,Asian,Mental health history,Mexican,4x the rent,Prior late payments,Self-employed,Good,1 month deposit,1
1256,1,Female,45,White,None stated,Mexican,4x the rent,Prior late payments,Self-employed,Good,1 month deposit,0
1257,1,Male,50,Black,None stated,German,3x the rent,No prior rental history,Part-time,Good,2 months deposit,1
1258,1,Male,45,White,Physical disability,American,2x the rent,Prior late payments,Full-time,Fair,3 months deposit,0
1259,1,Non-binary,55,Asian,None stated,Indian,3x the rent,Positive references,Full-time,Good,3 months deposit,1
1260,1,Non-binary,45,Asian,Physical disability,Indian,2x the rent,Prior late payments,Self-employed,Excellent,2 months deposit,1
1261,1,Non-binary,45,Black,None stated,American,4x the rent,Prior late payments,Self-employed,Excellent,2 months deposit,1
1262,1,Male,55,Asian,None stated,American,4x the rent,No prior rental history,Self-employed,Good,1 month deposit,1
1263,1,Female,35,Hispanic,None stated,Canadian,4x the rent,Prior late payments,Part-time,Excellent,1 month deposit,0
1264,1,Female,55,Black,Physical disability,Canadian,2x the rent,Positive references,Part-time,Good,2 months deposit,1
1265,1,Female,40,Black,Physical disability,Mexican,3x the rent,No prior rental history,Self-employed,Fair,3 months deposit,0
1266,1,Female,40,Asian,Mental health history,American,2x the rent,Prior late payments,Self-employed,Excellent,1 month deposit,1
1267,1,Non-binary,35,White,Mental health history,American,3x the rent,No prior rental history,Part-time,Excellent,1 month deposit,1
1268,1,Non-binary,35,Black,Mental health history,American,3x the rent,Positive references,Self-employed,Good,3 months deposit,1
1269,1,Female,45,Asian,None stated,Canadian,3x the rent,No prior rental history,Part-time,Excellent,2 months deposit,0
1270,1,Female,40,Asian,Mental health history,Mexican,2x the rent,No prior rental history,Full-time,Fair,3 months deposit,1
1271,1,Male,55,Hispanic,Physical disability,Indian,4x the rent,Prior late payments,Full-time,Excellent,2 months deposit,0
1272,1,Female,55,Asian,Physical disability,Indian,4x the rent,No prior rental history,Part-time,Fair,2 months deposit,0
1273,1,Male,40,White,Physical disability,Canadian,2x the rent,Prior late payments,Self-employed,Excellent,2 months deposit,1
1274,1,Male,55,White,Mental health history,Canadian,2x the rent,No prior rental history,Full-time,Excellent,1 month deposit,1
1275,1,Female,35,White,None stated,American,4x the rent,Positive references,Part-time,Excellent,3 months deposit,1
1276,1,Female,30,Asian,Physical disability,Canadian,4x the rent,Positive references,Part-time,Fair,3 months deposit,1
1277,1,Female,35,White,Physical disability,German,2x the rent,No prior rental history,Full-time,Good,2 months deposit,1
1278,1,Non-binary,30,Black,None stated,German,4x the rent,Positive references,Self-employed,Fair,3 months deposit,1
1279,1,Female,40,Asian,None stated,German,2x the rent,Positive references,Full-time,Fair,2 months deposit,1
1280,1,Non-binary,40,Asian,None stated,Canadian,4x the rent,Prior late payments,Part-time,Good,2 months deposit,0
1281,1,Non-binary,40,Asian,Physical disability,Mexican,3x the rent,No prior rental history,Self-employed,Fair,2 months deposit,0
1282,1,Male,50,White,None stated,American,4x the rent,Positive references,Self-employed,Good,3 months deposit,1
1283,1,Male,35,Asian,Physical disability,American,3x the rent,No prior rental history,Full-time,Fair,1 month deposit,0
1284,1,Male,55,Hispanic,Mental health history,American,3x the rent,Positive references,Self-employed,Excellent,2 months deposit,1
1285,1,Male,45,White,None stated,Indian,3x the rent,Prior late payments,Self-employed,Good,1 month deposit,0
1286,1,Male,50,Black,Physical disability,Canadian,2x the rent,No prior rental history,Self-employed,Good,3 months deposit,1
1287,1,Male,35,Asian,Physical disability,Canadian,4x the rent,Positive references,Part-time,Fair,2 months deposit,1
1288,1,Female,30,Black,None stated,German,3x the rent,No prior rental history,Self-employed,Good,2 months deposit,1
1289,1,Female,40,Hispanic,None stated,German,2x the rent,No prior rental history,Full-time,Excellent,3 months deposit,1
1290,1,Female,45,Black,Mental health history,Canadian,4x the rent,Positive references,Part-time,Excellent,2 months deposit,1
1291,1,Non-binary,35,White,Mental health history,Mexican,4x the rent,No prior rental history,Part-time,Fair,3 months deposit,0
1292,1,Non-binary,50,White,Mental health history,Canadian,3x the rent,No prior rental history,Full-time,Good,2 months deposit,1
1293,1,Male,45,Black,Physical disability,Mexican,3x the rent,Prior late payments,Full-time,Fair,2 months deposit,0
1294,1,Male,30,Asian,Physical disability,American,4x the rent,Positive references,Self-employed,Good,3 months deposit,1
1295,1,Female,50,Asian,None stated,American,2x the rent,Prior late payments,Full-time,Excellent,1 month deposit,1
1296,1,Non-binary,35,Black,Physical disability,Indian,4x the rent,Positive references,Full-time,Fair,3 months deposit,1
1297,1,Male,30,Asian,None stated,Canadian,3x the rent,Prior late payments,Full-time,Fair,2 months deposit,0
1298,1,Male,40,Black,Physical disability,Canadian,3x the rent,No prior rental history,Self-employed,Good,2 months deposit,1
1299,1,Female,40,Black,Physical disability,American,3x the rent,No prior rental history,Part-time,Good,2 months deposit,1
1300,1,Female,45,Hispanic,Mental health history,Indian,4x the rent,Positive references,Full-time,Fair,3 months deposit,1
1301,1,Female,40,Asian,Mental health history,German,2x the rent,No prior rental history,Self-employed,Excellent,3 months deposit,1
1302,1,Female,45,Black,Mental health history,German,4x the rent,Prior late payments,Part-time,Excellent,3 months deposit,0
1303,1,Male,30,Asian,Physical disability,German,3x the rent,Prior late payments,Self-employed,Good,2 months deposit,1
1304,1,Male,30,Black,Physical disability,German,2x the rent,No prior rental history,Self-employed,Excellent,2 months deposit,1
1305,1,Female,50,Black,None stated,German,3x the rent,Prior late payments,Part-time,Good,3 months deposit,0
1306,1,Female,30,Asian,None stated,American,3x the rent,No prior rental history,Self-employed,Excellent,3 months deposit,1
1307,1,Female,50,Asian,Mental health history,Mexican,4x the rent,Prior late payments,Self-employed,Fair,3 months deposit,1
1308,1,Non-binary,40,Black,None stated,American,3x the rent,No prior rental history,Full-time,Excellent,1 month deposit,1
1309,1,Male,40,Black,None stated,Indian,4x the rent,Prior late payments,Part-time,Excellent,1 month deposit,0
1310,1,Non-binary,35,Black,Mental health history,German,4x the rent,Prior late payments,Full-time,Good,1 month deposit,0
1311,1,Male,40,White,Mental health history,Canadian,4x the rent,No prior rental history,Part-time,Good,1 month deposit,0
1312,1,Female,50,White,Mental health history,American,4x the rent,Positive references,Full-time,Good,1 month deposit,1
1313,1,Non-binary,40,White,None stated,German,4x the rent,Prior late payments,Full-time,Good,2 months deposit,0
1314,1,Female,40,Hispanic,Mental health history,German,4x the rent,Positive references,Part-time,Good,2 months deposit,1
1315,1,Non-binary,55,Hispanic,Physical disability,Canadian,4x the rent,No prior rental history,Full-time,Fair,3 months deposit,0
1316,1,Male,45,White,Physical disability,German,3x the rent,Positive references,Part-time,Good,2 months deposit,1
1317,1,Female,45,Black,None stated,Indian,4x the rent,No prior rental history,Self-employed,Good,1 month deposit,1
1318,1,Male,50,Hispanic,None stated,American,4x the rent,Positive references,Part-time,Excellent,1 month deposit,1
1319,1,Non-binary,50,White,None stated,American,3x the rent,Positive references,Self-employed,Fair,1 month deposit,1
1320,1,Female,35,White,Mental health history,American,2x the rent,No prior rental history,Part-time,Fair,1 month deposit,0
1321,1,Non-binary,35,White,Mental health history,Indian,4x the rent,No prior rental history,Full-time,Fair,3 months deposit,0
1322,1,Female,55,Asian,Mental health history,German,4x the rent,Positive references,Self-employed,Excellent,2 months deposit,1
1323,1,Male,40,White,Mental health history,American,4x the rent,Prior late payments,Part-time,Fair,3 months deposit,0
1324,1,Non-binary,30,White,Mental health history,American,3x the rent,Prior late payments,Part-time,Fair,1 month deposit,0
1325,1,Non-binary,30,White,Physical disability,Indian,2x the rent,No prior rental history,Full-time,Good,1 month deposit,1
1326,1,Male,30,Black,Mental health history,Canadian,4x the rent,No prior rental history,Full-time,Excellent,3 months deposit,1
1327,1,Male,50,Asian,Physical disability,Indian,4x the rent,No prior rental history,Full-time,Fair,1 month deposit,1
1328,1,Male,55,Black,Physical disability,American,3x the rent,Prior late payments,Self-employed,Excellent,1 month deposit,1
1329,1,Male,30,Black,Physical disability,Mexican,2x the rent,Prior late payments,Part-time,Good,1 month deposit,0
1330,1,Male,50,Hispanic,Mental health history,Mexican,3x the rent,No prior rental history,Full-time,Excellent,3 months deposit,1
1331,1,Female,40,Asian,Mental health history,Canadian,4x the rent,Prior late payments,Full-time,Good,1 month deposit,0
1332,1,Male,50,Hispanic,Mental health history,German,2x the rent,No prior rental history,Full-time,Fair,1 month deposit,0
1333,1,Non-binary,40,Hispanic,None stated,Indian,3x the rent,No prior rental history,Full-time,Excellent,2 months deposit,1
1334,1,Male,40,Hispanic,Physical disability,Mexican,4x the rent,Positive references,Self-employed,Excellent,3 months deposit,1
1335,1,Male,55,Asian,None stated,German,4x the rent,Prior late payments,Full-time,Good,3 months deposit,1
1336,1,Female,45,Hispanic,Mental health history,Indian,3x the rent,Positive references,Self-employed,Good,1 month deposit,1
1337,1,Non-binary,45,Black,Physical disability,German,4x the rent,No prior rental history,Full-time,Excellent,3 months deposit,1
1338,1,Female,35,Hispanic,Mental health history,Mexican,2x the rent,Positive references,Self-employed,Excellent,1 month deposit,1
1339,1,Female,35,Hispanic,Physical disability,American,4x the rent,No prior rental history,Part-time,Good,2 months deposit,0
1340,1,Female,55,Black,Physical disability,Mexican,3x the rent,Positive references,Self-employed,Excellent,2 months deposit,1
1341,1,Non-binary,45,Asian,None stated,Indian,2x the rent,Positive references,Full-time,Excellent,1 month deposit,1
1342,1,Non-binary,35,Black,Physical disability,American,3x the rent,Prior late payments,Self-employed,Fair,2 months deposit,1
1343,1,Male,30,Black,None stated,German,4x the rent,Positive references,Full-time,Fair,1 month deposit,1
1344,1,Female,30,Asian,None stated,American,2x the rent,No prior rental history,Full-time,Good,1 month deposit,1
1345,1,Non-binary,50,White,Mental health history,Mexican,2x the rent,Prior late payments,Full-time,Fair,2 months deposit,0
1346,1,Male,30,White,None stated,Canadian,3x the rent,Positive references,Part-time,Fair,3 months deposit,1
1347,1,Non-binary,40,Black,None stated,German,2x the rent,Prior late payments,Part-time,Good,3 months deposit,0
1348,1,Male,50,White,None stated,German,3x the rent,Prior late payments,Part-time,Good,2 months deposit,0
1349,1,Non-binary,45,White,Physical disability,American,2x the rent,Positive references,Full-time,Excellent,1 month deposit,1
1350,1,Male,50,Hispanic,Physical disability,German,4x the rent,Positive references,Full-time,Good,1 month deposit,1
1351,1,Non-binary,50,Hispanic,Physical disability,German,3x the rent,Positive references,Part-time,Good,1 month deposit,1
1352,1,Male,45,Black,Physical disability,Indian,2x the rent,Positive references,Part-time,Good,1 month deposit,1
1353,1,Male,35,Black,Mental health history,Canadian,3x the rent,Positive references,Full-time,Fair,3 months deposit,1
1354,1,Non-binary,30,Black,Physical disability,American,4x the rent,Positive references,Full-time,Fair,2 months deposit,1
1355,1,Male,35,Black,Physical disability,Indian,4x the rent,Positive references,Full-time,Good,1 month deposit,1
1356,1,Male,35,Asian,Physical disability,Indian,3x the rent,Positive references,Full-time,Excellent,3 months deposit,1
1357,1,Non-binary,55,Asian,Mental health history,American,3x the rent,Prior late payments,Self-employed,Fair,3 months deposit,0
1358,1,Non-binary,50,Black,Mental health history,Indian,4x the rent,Prior late payments,Self-employed,Good,1 month deposit,1
1359,1,Male,30,Asian,Mental health history,American,2x the rent,Positive references,Self-employed,Fair,1 month deposit,1
1360,1,Male,35,Asian,None stated,Canadian,4x the rent,Positive references,Self-employed,Fair,1 month deposit,1
1361,1,Male,40,Hispanic,Mental health history,Indian,2x the rent,No prior rental history,Self-employed,Fair,3 months deposit,0
1362,1,Non-binary,55,Black,Physical disability,Indian,3x the rent,No prior rental history,Self-employed,Good,3 months deposit,1
1363,1,Male,40,Black,None stated,Indian,2x the rent,No prior rental history,Part-time,Fair,2 months deposit,0
1364,1,Non-binary,45,White,Physical disability,American,3x the rent,Positive references,Part-time,Fair,1 month deposit,1
1365,1,Non-binary,55,White,Physical disability,Indian,3x the rent,Positive references,Full-time,Excellent,3 months deposit,1
1366,1,Non-binary,40,White,None stated,Indian,2x the rent,No prior rental history,Self-employed,Good,3 months deposit,1
1367,1,Non-binary,30,Black,None stated,Canadian,3x the rent,Positive references,Full-time,Fair,2 months deposit,1
1368,1,Female,40,White,Physical disability,American,2x the rent,Prior late payments,Part-time,Good,2 months deposit,0
1369,1,Male,30,Black,Physical disability,Canadian,4x the rent,Prior late payments,Self-employed,Fair,1 month deposit,0
1370,1,Female,45,White,Mental health history,Mexican,2x the rent,Positive references,Self-employed,Excellent,3 months deposit,1
1371,1,Non-binary,45,White,Mental health history,Canadian,3x the rent,No prior rental history,Self-employed,Good,2 months deposit,1
1372,1,Female,55,Black,None stated,German,2x the rent,Prior late payments,Full-time,Good,3 months deposit,0
1373,1,Female,30,White,Physical disability,Indian,2x the rent,Prior late payments,Full-time,Excellent,3 months deposit,0
1374,1,Male,55,Asian,None stated,German,2x the rent,Positive references,Self-employed,Good,1 month deposit,1
1375,1,Non-binary,45,Asian,Physical disability,Indian,4x the rent,Prior late payments,Part-time,Good,3 months deposit,0
1376,1,Male,50,Black,Physical disability,German,4x the rent,Prior late payments,Self-employed,Excellent,2 months deposit,0
1377,1,Male,40,White,Mental health history,Canadian,4x the rent,No prior rental history,Part-time,Good,1 month deposit,0
1378,1,Female,55,White,Mental health history,Canadian,2x the rent,No prior rental history,Part-time,Excellent,1 month deposit,0
1379,1,Male,45,Hispanic,Mental health history,German,3x the rent,Prior late payments,Full-time,Good,3 months deposit,1
1380,1,Female,35,Asian,None stated,Mexican,4x the rent,Prior late payments,Part-time,Excellent,3 months deposit,0
1381,1,Female,50,Asian,Mental health history,Indian,2x the rent,Prior late payments,Self-employed,Excellent,3 months deposit,1
1382,1,Female,30,Asian,None stated,Indian,3x the rent,Prior late payments,Part-time,Fair,1 month deposit,0
1383,1,Female,40,White,None stated,German,3x the rent,No prior rental history,Part-time,Fair,1 month deposit,0
1384,1,Non-binary,40,Hispanic,Mental health history,Indian,2x the rent,Positive references,Part-time,Fair,2 months deposit,1
1385,1,Male,45,Black,Mental health history,German,2x the rent,Positive references,Self-employed,Good,2 months deposit,1
1386,1,Non-binary,35,Asian,Mental health history,Indian,4x the rent,No prior rental history,Part-time,Fair,1 month deposit,0
1387,1,Male,30,Asian,None stated,Mexican,4x the rent,No prior rental history,Part-time,Excellent,3 months deposit,1
1388,1,Non-binary,55,Asian,Physical disability,German,3x the rent,Positive references,Part-time,Good,1 month deposit,1
1389,1,Male,55,White,Physical disability,Canadian,2x the rent,No prior rental history,Part-time,Good,2 months deposit,1
1390,1,Male,35,White,None stated,Canadian,3x the rent,Positive references,Self-employed,Excellent,2 months deposit,1
1391,1,Female,40,White,Physical disability,Canadian,2x the rent,Positive references,Part-time,Excellent,1 month deposit,1
1392,1,Non-binary,40,Asian,Physical disability,American,3x the rent,Positive references,Full-time,Excellent,1 month deposit,1
1393,1,Non-binary,50,White,None stated,German,4x the rent,Positive references,Self-employed,Fair,1 month deposit,1
1394,1,Non-binary,35,Black,None stated,Canadian,3x the rent,Prior late payments,Self-employed,Fair,3 months deposit,0
1395,1,Female,30,Black,None stated,German,2x the rent,Positive references,Full-time,Fair,2 months deposit,1
1396,1,Female,35,Black,None stated,German,3x the rent,No prior rental history,Part-time,Good,3 months deposit,1
1397,1,Non-binary,30,Black,Physical disability,American,4x the rent,Positive references,Self-employed,Good,2 months deposit,1
1398,1,Female,30,Asian,None stated,German,2x the rent,Prior late payments,Full-time,Good,1 month deposit,1
1399,1,Non-binary,50,Hispanic,None stated,American,2x the rent,Prior late payments,Self-employed,Good,1 month deposit,0
1400,1,Male,40,Asian,Physical disability,Mexican,4x the rent,No prior rental history,Self-employed,Good,3 months deposit,1
1401,1,Non-binary,30,Asian,None stated,Indian,3x the rent,Positive references,Part-time,Excellent,1 month deposit,1
1402,1,Female,50,Black,None stated,Mexican,4x the rent,Prior late payments,Full-time,Excellent,1 month deposit,0
1403,1,Non-binary,45,Hispanic,Mental health history,German,4x the rent,No prior rental history,Full-time,Excellent,2 months deposit,1
1404,1,Male,30,Hispanic,Physical disability,Mexican,3x the rent,Prior late payments,Self-employed,Good,1 month deposit,0
1405,1,Female,40,Asian,Physical disability,German,4x the rent,Positive references,Full-time,Excellent,2 months deposit,1
1406,1,Non-binary,35,Hispanic,None stated,Canadian,4x the rent,Positive references,Full-time,Fair,1 month deposit,1
1407,1,Female,50,Black,Physical disability,Indian,3x the rent,Positive references,Self-employed,Fair,2 months deposit,1
1408,1,Non-binary,35,White,Mental health history,Indian,2x the rent,Positive references,Part-time,Excellent,1 month deposit,1
1409,1,Non-binary,50,Hispanic,Mental health history,Canadian,2x the rent,Positive references,Self-employed,Good,2 months deposit,1
1410,1,Male,35,Hispanic,Mental health history,Mexican,4x the rent,No prior rental history,Self-employed,Good,3 months deposit,0
1411,1,Non-binary,40,Hispanic,Mental health history,Indian,4x the rent,Positive references,Full-time,Fair,3 months deposit,1
1412,1,Female,30,Hispanic,Mental health history,American,3x the rent,Prior late payments,Full-time,Good,3 months deposit,0
1413,1,Female,40,Asian,Mental health history,Canadian,4x the rent,Prior late payments,Part-time,Good,1 month deposit,1
1414,1,Male,30,Asian,Physical disability,American,4x the rent,Prior late payments,Full-time,Good,1 month deposit,0
1415,1,Non-binary,45,Asian,Mental health history,American,3x the rent,Positive references,Self-employed,Good,1 month deposit,1
1416,1,Non-binary,40,Hispanic,Mental health history,Indian,3x the rent,Prior late payments,Full-time,Good,2 months deposit,0
1417,1,Male,30,Black,Mental health history,American,3x the rent,No prior rental history,Self-employed,Good,2 months deposit,0
1418,1,Male,40,Hispanic,None stated,Mexican,4x the rent,Prior late payments,Part-time,Fair,3 months deposit,0
1419,1,Non-binary,55,Hispanic,Mental health history,Mexican,4x the rent,No prior rental history,Self-employed,Excellent,3 months deposit,1
1420,1,Female,30,Hispanic,Mental health history,German,4x the rent,No prior rental history,Self-employed,Excellent,3 months deposit,1
1421,1,Male,30,White,Physical disability,Indian,2x the rent,Positive references,Self-employed,Good,3 months deposit,1
1422,1,Female,50,White,None stated,Indian,4x the rent,No prior rental history,Self-employed,Excellent,2 months deposit,1
1423,1,Female,30,Asian,Physical disability,American,4x the rent,No prior rental history,Self-employed,Excellent,1 month deposit,1
1424,1,Male,40,Hispanic,Physical disability,Mexican,3x the rent,Positive references,Part-time,Excellent,1 month deposit,1
1425,1,Male,45,Asian,Physical disability,Indian,4x the rent,No prior rental history,Self-employed,Good,2 months deposit,1
1426,1,Non-binary,40,Black,Mental health history,Indian,4x the rent,Positive references,Self-employed,Fair,2 months deposit,1
1427,1,Male,40,Asian,Physical disability,Indian,3x the rent,Prior late payments,Self-employed,Excellent,1 month deposit,1
1428,1,Non-binary,35,Hispanic,Physical disability,Mexican,2x the rent,Positive references,Part-time,Good,3 months deposit,1
1429,1,Female,40,Black,Physical disability,Canadian,2x the rent,Positive references,Part-time,Excellent,3 months deposit,1
1430,1,Male,50,Hispanic,Mental health history,German,3x the rent,No prior rental history,Part-time,Excellent,1 month deposit,0
1431,1,Female,30,Asian,None stated,Indian,4x the rent,Positive references,Part-time,Fair,3 months deposit,1
1432,1,Non-binary,30,Hispanic,Physical disability,Indian,3x the rent,Positive references,Self-employed,Good,1 month deposit,1
1433,1,Female,50,Black,Mental health history,American,2x the rent,Positive references,Part-time,Excellent,3 months deposit,1
1434,1,Male,55,Asian,Mental health history,Indian,2x the rent,Prior late payments,Part-time,Fair,1 month deposit,1
1435,1,Female,30,Asian,None stated,Indian,4x the rent,No prior rental history,Self-employed,Excellent,3 months deposit,1
1436,1,Non-binary,40,Asian,Mental health history,American,4x the rent,Positive references,Full-time,Excellent,3 months deposit,1
1437,1,Female,40,Hispanic,Mental health history,Mexican,4x the rent,No prior rental history,Part-time,Excellent,3 months deposit,1
1438,1,Male,30,White,Mental health history,American,4x the rent,Prior late payments,Full-time,Fair,3 months deposit,0
1439,1,Non-binary,35,White,Physical disability,Mexican,4x the rent,Prior late payments,Self-employed,Fair,2 months deposit,0
1440,1,Male,40,White,None stated,Mexican,3x the rent,No prior rental history,Full-time,Good,3 months deposit,1
1441,1,Male,55,Black,Physical disability,Indian,3x the rent,Positive references,Part-time,Excellent,2 months deposit,1
1442,1,Non-binary,55,White,None stated,Canadian,4x the rent,Prior late payments,Full-time,Fair,3 months deposit,1
1443,1,Non-binary,30,White,Physical disability,American,3x the rent,No prior rental history,Self-employed,Excellent,1 month deposit,1
1444,1,Female,50,Hispanic,Mental health history,Canadian,4x the rent,No prior rental history,Part-time,Good,1 month deposit,1
1445,1,Male,45,Black,Physical disability,German,2x the rent,Prior late payments,Part-time,Fair,3 months deposit,0
1446,1,Male,30,White,Mental health history,Canadian,3x the rent,Prior late payments,Part-time,Excellent,3 months deposit,0
1447,1,Female,45,Asian,None stated,Indian,4x the rent,Prior late payments,Full-time,Good,2 months deposit,0
1448,1,Non-binary,45,Asian,None stated,Indian,2x the rent,Positive references,Part-time,Excellent,3 months deposit,1
1449,1,Female,40,Hispanic,Physical disability,German,3x the rent,No prior rental history,Full-time,Good,3 months deposit,1
1450,1,Female,55,Hispanic,Physical disability,American,4x the rent,Positive references,Full-time,Good,3 months deposit,1
1451,1,Non-binary,35,Asian,None stated,Canadian,4x the rent,No prior rental history,Self-employed,Good,3 months deposit,1
1452,1,Female,55,Asian,Mental health history,American,3x the rent,No prior rental history,Full-time,Fair,1 month deposit,0
1453,1,Female,55,Black,Physical disability,Canadian,2x the rent,No prior rental history,Full-time,Excellent,1 month deposit,1
1454,1,Female,55,Black,None stated,Indian,2x the rent,Prior late payments,Part-time,Good,2 months deposit,1
1455,1,Male,50,Asian,Mental health history,American,4x the rent,Positive references,Self-employed,Fair,1 month deposit,1
1456,1,Non-binary,35,Hispanic,None stated,Indian,4x the rent,Prior late payments,Full-time,Excellent,2 months deposit,0
1457,1,Female,50,Asian,Physical disability,Canadian,3x the rent,No prior rental history,Full-time,Good,1 month deposit,1
1458,1,Male,45,Black,None stated,American,3x the rent,Positive references,Part-time,Fair,1 month deposit,1
1459,1,Male,35,Hispanic,Mental health history,Canadian,2x the rent,Positive references,Full-time,Excellent,2 months deposit,1
1460,1,Male,30,Black,Physical disability,Indian,3x the rent,No prior rental history,Part-time,Good,3 months deposit,1
1461,1,Female,55,White,Physical disability,Canadian,4x the rent,Positive references,Part-time,Excellent,3 months deposit,1
1462,1,Female,40,Asian,None stated,Indian,3x the rent,Prior late payments,Part-time,Fair,1 month deposit,0
1463,1,Female,55,Black,Mental health history,German,3x the rent,Prior late payments,Full-time,Excellent,1 month deposit,1
1464,1,Male,50,White,Physical disability,American,2x the rent,Positive references,Full-time,Fair,3 months deposit,1
1465,1,Male,55,Black,Mental health history,Indian,2x the rent,Positive references,Self-employed,Good,1 month deposit,1
1466,1,Female,55,White,None stated,American,2x the rent,Positive references,Part-time,Excellent,2 months deposit,1
1467,1,Non-binary,35,Asian,Mental health history,Canadian,4x the rent,Prior late payments,Full-time,Good,3 months deposit,0
1468,1,Male,30,Hispanic,Mental health history,American,3x the rent,Positive references,Part-time,Excellent,1 month deposit,1
1469,1,Male,45,Hispanic,None stated,Mexican,4x the rent,Positive references,Part-time,Good,2 months deposit,1
1470,1,Non-binary,50,White,Physical disability,Mexican,3x the rent,Prior late payments,Full-time,Good,2 months deposit,0
1471,1,Female,50,Asian,None stated,German,4x the rent,Prior late payments,Full-time,Good,2 months deposit,0
1472,1,Male,35,Asian,Physical disability,German,4x the rent,No prior rental history,Self-employed,Good,3 months deposit,1
1473,1,Female,40,Asian,Physical disability,Canadian,4x the rent,Prior late payments,Full-time,Fair,3 months deposit,0
1474,1,Non-binary,40,White,Mental health history,Canadian,2x the rent,Positive references,Full-time,Fair,2 months deposit,1
1475,1,Male,40,Black,Physical disability,Indian,4x the rent,Positive references,Full-time,Excellent,3 months deposit,1
1476,1,Male,45,Hispanic,Physical disability,Indian,2x the rent,Positive references,Self-employed,Good,1 month deposit,1
1477,1,Female,40,White,Physical disability,Mexican,3x the rent,Positive references,Part-time,Fair,1 month deposit,1
1478,1,Non-binary,40,Black,Mental health history,American,4x the rent,Positive references,Self-employed,Excellent,2 months deposit,1
1479,1,Male,50,Asian,None stated,American,3x the rent,Positive references,Self-employed,Excellent,3 months deposit,1
1480,1,Non-binary,50,Black,None stated,Indian,3x the rent,Prior late payments,Part-time,Fair,1 month deposit,0
1481,1,Male,50,White,Mental health history,German,2x the rent,Positive references,Self-employed,Fair,2 months deposit,1
1482,1,Male,50,White,None stated,German,4x the rent,No prior rental history,Part-time,Excellent,1 month deposit,1
1483,1,Non-binary,40,Hispanic,Physical disability,American,4x the rent,Positive references,Part-time,Excellent,3 months deposit,1
1484,1,Non-binary,40,Black,None stated,Mexican,4x the rent,Prior late payments,Full-time,Fair,1 month deposit,0
1485,1,Female,55,Hispanic,Mental health history,American,4x the rent,Prior late payments,Full-time,Fair,1 month deposit,0
1486,1,Female,45,White,Mental health history,Mexican,3x the rent,Positive references,Part-time,Fair,2 months deposit,1
1487,1,Non-binary,55,Asian,Physical disability,Mexican,4x the rent,No prior rental history,Full-time,Good,2 months deposit,1
1488,1,Non-binary,30,Hispanic,None stated,American,4x the rent,No prior rental history,Self-employed,Excellent,1 month deposit,1
1489,1,Male,40,Hispanic,Mental health history,Indian,3x the rent,Prior late payments,Self-employed,Excellent,2 months deposit,0
1490,1,Male,40,Hispanic,Physical disability,American,4x the rent,No prior rental history,Part-time,Excellent,2 months deposit,0
1491,1,Non-binary,30,Black,Physical disability,Mexican,3x the rent,Positive references,Self-employed,Fair,1 month deposit,1
1492,1,Male,40,Asian,None stated,Indian,3x the rent,Positive references,Part-time,Fair,1 month deposit,1
1493,1,Female,35,Asian,Physical disability,Mexican,3x the rent,Prior late payments,Part-time,Good,1 month deposit,0
1494,1,Non-binary,35,Asian,Physical disability,Canadian,2x the rent,Prior late payments,Part-time,Good,2 months deposit,1
1495,1,Non-binary,45,Hispanic,None stated,German,2x the rent,Positive references,Part-time,Fair,2 months deposit,1
1496,1,Male,35,Hispanic,Physical disability,American,3x the rent,No prior rental history,Self-employed,Good,2 months deposit,1
1497,1,Female,50,White,Mental health history,Indian,3x the rent,No prior rental history,Self-employed,Good,3 months deposit,1
1498,1,Male,55,Black,None stated,Canadian,2x the rent,No prior rental history,Self-employed,Good,3 months deposit,1
1499,1,Male,50,White,Mental health history,Indian,4x the rent,No prior rental history,Full-time,Good,2 months deposit,0
1500,1,Female,50,Hispanic,Physical disability,Canadian,3x the rent,Prior late payments,Self-employed,Fair,2 months deposit,0
1501,1,Male,40,Black,None stated,Canadian,4x the rent,No prior rental history,Part-time,Fair,2 months deposit,1
1502,1,Male,30,Hispanic,Physical disability,Canadian,3x the rent,No prior rental history,Self-employed,Good,2 months deposit,1
1503,1,Male,40,Asian,Physical disability,Indian,4x the rent,Prior late payments,Self-employed,Excellent,1 month deposit,0
1504,1,Non-binary,55,Black,Mental health history,American,2x the rent,Prior late payments,Self-employed,Fair,3 months deposit,1
1505,1,Female,35,Asian,Mental health history,German,2x the rent,Prior late payments,Full-time,Good,3 months deposit,0
1506,1,Female,30,Black,Mental health history,Mexican,2x the rent,No prior rental history,Full-time,Good,3 months deposit,0
1507,1,Non-binary,40,Asian,None stated,Indian,4x the rent,Positive references,Self-employed,Good,3 months deposit,1
1508,1,Male,35,Black,None stated,Canadian,4x the rent,Positive references,Full-time,Fair,3 months deposit,1
1509,1,Male,35,Asian,Physical disability,German,3x the rent,Positive references,Part-time,Good,1 month deposit,1
1510,1,Male,50,Asian,None stated,Mexican,2x the rent,Positive references,Part-time,Excellent,1 month deposit,1
1511,1,Female,30,Black,None stated,Indian,2x the rent,No prior rental history,Full-time,Excellent,3 months deposit,1
1512,1,Male,50,Black,Mental health history,American,2x the rent,No prior rental history,Part-time,Good,2 months deposit,0
1513,1,Female,40,Black,None stated,Mexican,2x the rent,No prior rental history,Self-employed,Good,2 months deposit,1
1514,1,Non-binary,40,Black,Mental health history,Mexican,3x the rent,Positive references,Full-time,Good,2 months deposit,1
1515,1,Non-binary,40,Asian,Mental health history,Canadian,2x the rent,Prior late payments,Self-employed,Good,1 month deposit,1
1516,1,Male,55,Black,Physical disability,Canadian,2x the rent,No prior rental history,Part-time,Fair,1 month deposit,1
1517,1,Female,45,Black,Physical disability,Indian,2x the rent,Positive references,Part-time,Excellent,3 months deposit,1
1518,1,Non-binary,55,Asian,Mental health history,German,2x the rent,Positive references,Part-time,Good,1 month deposit,1
1519,1,Non-binary,55,Black,Physical disability,Mexican,3x the rent,Prior late payments,Full-time,Fair,3 months deposit,0
1520,1,Non-binary,50,Hispanic,Physical disability,American,2x the rent,Prior late payments,Self-employed,Fair,1 month deposit,0
1521,1,Non-binary,50,Asian,Physical disability,Indian,2x the rent,Prior late payments,Full-time,Good,2 months deposit,0
1522,1,Male,55,Hispanic,Physical disability,American,4x the rent,Prior late payments,Full-time,Excellent,2 months deposit,0
1523,1,Non-binary,55,Asian,None stated,Canadian,2x the rent,Positive references,Full-time,Good,2 months deposit,1
1524,1,Female,55,Black,Mental health history,American,3x the rent,No prior rental history,Part-time,Excellent,3 months deposit,1
1525,1,Male,45,Asian,None stated,Mexican,4x the rent,Positive references,Self-employed,Excellent,1 month deposit,1
1526,1,Female,55,Asian,Mental health history,German,3x the rent,No prior rental history,Full-time,Fair,3 months deposit,1
1527,1,Non-binary,35,Hispanic,None stated,Indian,4x the rent,Prior late payments,Part-time,Fair,3 months deposit,0
1528,1,Male,55,Hispanic,Mental health history,German,3x the rent,Prior late payments,Full-time,Good,1 month deposit,0
1529,1,Female,40,White,None stated,Mexican,3x the rent,Prior late payments,Part-time,Good,3 months deposit,0
1530,1,Non-binary,50,Hispanic,Mental health history,German,4x the rent,No prior rental history,Full-time,Good,2 months deposit,0
1531,1,Female,40,White,None stated,Mexican,3x the rent,Positive references,Self-employed,Excellent,2 months deposit,1
1532,1,Male,35,Asian,Physical disability,Indian,4x the rent,Positive references,Full-time,Fair,2 months deposit,1
1533,1,Female,50,Black,Mental health history,German,3x the rent,Positive references,Full-time,Good,2 months deposit,1
1534,1,Male,55,Asian,Physical disability,American,4x the rent,Prior late payments,Full-time,Good,1 month deposit,1
1535,1,Non-binary,35,White,Physical disability,American,3x the rent,Prior late payments,Full-time,Excellent,2 months deposit,0
1536,1,Non-binary,40,Asian,Physical disability,Indian,2x the rent,Prior late payments,Self-employed,Good,3 months deposit,0
1537,1,Non-binary,30,Hispanic,None stated,American,3x the rent,Positive references,Part-time,Excellent,3 months deposit,1
1538,1,Non-binary,55,White,Mental health history,Mexican,4x the rent,Positive references,Full-time,Excellent,2 months deposit,1
1539,1,Male,40,Hispanic,None stated,Canadian,3x the rent,Prior late payments,Full-time,Fair,3 months deposit,0
1540,1,Male,35,Asian,Mental health history,American,4x the rent,Positive references,Part-time,Excellent,1 month deposit,1
1541,1,Female,35,Hispanic,None stated,Mexican,2x the rent,Prior late payments,Full-time,Good,3 months deposit,0
1542,1,Male,45,Asian,Physical disability,Canadian,4x the rent,Positive references,Full-time,Good,1 month deposit,1
1543,1,Non-binary,40,Hispanic,Physical disability,Indian,4x the rent,Prior late payments,Full-time,Good,2 months deposit,1
1544,1,Female,30,Hispanic,None stated,German,2x the rent,No prior rental history,Part-time,Excellent,1 month deposit,1
1545,1,Non-binary,55,Asian,None stated,Mexican,4x the rent,Positive references,Part-time,Excellent,1 month deposit,1
1546,1,Female,30,White,Physical disability,Mexican,4x the rent,Prior late payments,Full-time,Good,1 month deposit,0
1547,1,Non-binary,35,Black,Physical disability,Canadian,4x the rent,Positive references,Part-time,Fair,1 month deposit,1
1548,1,Non-binary,30,Asian,None stated,American,2x the rent,Positive references,Self-employed,Good,1 month deposit,1
1549,1,Male,35,Hispanic,None stated,Canadian,4x the rent,Positive references,Full-time,Good,2 months deposit,1
1550,1,Female,55,Black,Mental health history,Indian,4x the rent,Prior late payments,Full-time,Excellent,1 month deposit,1
1551,1,Non-binary,35,Black,None stated,Canadian,2x the rent,No prior rental history,Full-time,Fair,3 months deposit,0
1552,1,Male,55,White,Physical disability,American,3x the rent,Prior late payments,Part-time,Good,3 months deposit,0
1553,1,Non-binary,50,White,Physical disability,Canadian,3x the rent,No prior rental history,Part-time,Excellent,1 month deposit,1
1554,1,Non-binary,50,Asian,None stated,Canadian,4x the rent,No prior rental history,Part-time,Excellent,2 months deposit,0
1555,1,Male,40,White,None stated,Mexican,3x the rent,Prior late payments,Part-time,Good,1 month deposit,1
1556,1,Male,30,Hispanic,Physical disability,Mexican,3x the rent,Prior late payments,Self-employed,Good,2 months deposit,1
1557,1,Female,35,Black,Mental health history,American,4x the rent,Prior late payments,Part-time,Excellent,1 month deposit,0
1558,1,Female,50,Hispanic,None stated,Indian,4x the rent,Positive references,Self-employed,Fair,2 months deposit,1
1559,1,Female,45,White,None stated,Canadian,4x the rent,Prior late payments,Full-time,Excellent,3 months deposit,1
1560,1,Non-binary,30,Hispanic,Mental health history,Indian,3x the rent,No prior rental history,Self-employed,Good,1 month deposit,1
1561,1,Female,35,White,Mental health history,American,2x the rent,No prior rental history,Full-time,Fair,1 month deposit,1
1562,1,Male,45,Asian,Mental health history,American,2x the rent,Positive references,Part-time,Excellent,3 months deposit,1
1563,1,Non-binary,55,Hispanic,Physical disability,Mexican,3x the rent,No prior rental history,Part-time,Excellent,1 month deposit,1
1564,1,Female,45,Hispanic,Mental health history,Canadian,3x the rent,No prior rental history,Full-time,Good,3 months deposit,1
1565,1,Female,55,Asian,Physical disability,German,4x the rent,No prior rental history,Part-time,Fair,2 months deposit,1
1566,1,Non-binary,30,Asian,Mental health history,Mexican,3x the rent,Prior late payments,Self-employed,Excellent,1 month deposit,0
1567,1,Non-binary,45,Black,Physical disability,Mexican,3x the rent,No prior rental history,Full-time,Excellent,1 month deposit,1
1568,1,Female,45,Black,None stated,Indian,2x the rent,No prior rental history,Full-time,Fair,1 month deposit,1
1569,1,Male,50,Black,Physical disability,Indian,2x the rent,Positive references,Full-time,Excellent,3 months deposit,1
1570,1,Non-binary,35,Black,None stated,Mexican,4x the rent,Positive references,Part-time,Good,2 months deposit,1
1571,1,Female,50,Black,Physical disability,American,3x the rent,Positive references,Full-time,Excellent,3 months deposit,1
1572,1,Female,45,Asian,Mental health history,Canadian,4x the rent,No prior rental history,Part-time,Excellent,1 month deposit,1
1573,1,Female,45,Asian,None stated,American,3x the rent,Prior late payments,Part-time,Good,2 months deposit,0
1574,1,Non-binary,35,Hispanic,None stated,German,3x the rent,No prior rental history,Self-employed,Good,2 months deposit,1
1575,1,Female,55,Black,None stated,American,4x the rent,No prior rental history,Self-employed,Good,2 months deposit,1
1576,1,Non-binary,40,Asian,Mental health history,Indian,2x the rent,Prior late payments,Part-time,Good,2 months deposit,1
1577,1,Non-binary,40,White,Physical disability,Canadian,3x the rent,Prior late payments,Full-time,Fair,3 months deposit,0
1578,1,Non-binary,30,Hispanic,Physical disability,Canadian,2x the rent,No prior rental history,Self-employed,Fair,3 months deposit,1
1579,1,Male,45,Hispanic,None stated,German,2x the rent,No prior rental history,Full-time,Excellent,1 month deposit,1
1580,1,Non-binary,40,Asian,Physical disability,German,4x the rent,Prior late payments,Self-employed,Fair,2 months deposit,1
1581,1,Male,40,Asian,Mental health history,Indian,3x the rent,Positive references,Full-time,Good,2 months deposit,1
1582,1,Female,35,White,Physical disability,Canadian,4x the rent,Prior late payments,Self-employed,Good,3 months deposit,1
1583,1,Female,30,Asian,Mental health history,Canadian,4x the rent,Prior late payments,Self-employed,Excellent,2 months deposit,1
1584,1,Non-binary,30,Asian,Physical disability,Canadian,4x the rent,Positive references,Full-time,Good,1 month deposit,1
1585,1,Female,45,Black,Mental health history,Mexican,4x the rent,No prior rental history,Self-employed,Good,2 months deposit,1
1586,1,Male,30,White,None stated,Mexican,2x the rent,Prior late payments,Part-time,Excellent,3 months deposit,0
1587,1,Female,40,Black,None stated,Mexican,4x the rent,Positive references,Full-time,Good,1 month deposit,1
1588,1,Female,30,White,Mental health history,American,4x the rent,No prior rental history,Self-employed,Fair,2 months deposit,0
1589,1,Female,45,Hispanic,Physical disability,American,3x the rent,Positive references,Part-time,Fair,3 months deposit,1
1590,1,Non-binary,30,Black,Mental health history,Mexican,3x the rent,Prior late payments,Full-time,Excellent,1 month deposit,0
1591,1,Male,50,Asian,Physical disability,American,3x the rent,Prior late payments,Full-time,Excellent,3 months deposit,0
1592,1,Male,30,Asian,None stated,American,3x the rent,No prior rental history,Part-time,Fair,1 month deposit,0
1593,1,Non-binary,35,Black,None stated,Canadian,3x the rent,Positive references,Full-time,Fair,2 months deposit,1
1594,1,Female,50,Asian,None stated,Mexican,2x the rent,Positive references,Full-time,Fair,1 month deposit,1
1595,1,Male,40,White,Physical disability,Mexican,2x the rent,No prior rental history,Part-time,Fair,2 months deposit,0
1596,1,Non-binary,50,White,Physical disability,German,4x the rent,Positive references,Full-time,Good,3 months deposit,1
1597,1,Male,50,Black,Mental health history,American,3x the rent,Prior late payments,Self-employed,Fair,1 month deposit,0
1598,1,Male,55,Black,Physical disability,Indian,4x the rent,No prior rental history,Full-time,Good,1 month deposit,1
1599,1,Female,45,Black,None stated,German,4x the rent,No prior rental history,Self-employed,Good,2 months deposit,1
1600,1,Female,30,Asian,None stated,Canadian,2x the rent,Positive references,Part-time,Fair,1 month deposit,1
1601,1,Non-binary,50,Hispanic,Mental health history,Canadian,4x the rent,Prior late payments,Full-time,Excellent,1 month deposit,1
1602,1,Non-binary,45,Hispanic,None stated,Indian,3x the rent,Positive references,Self-employed,Excellent,2 months deposit,1
1603,1,Female,50,Asian,Physical disability,Indian,4x the rent,Positive references,Part-time,Excellent,2 months deposit,1
1604,1,Non-binary,55,Hispanic,Mental health history,Indian,4x the rent,Positive references,Self-employed,Good,1 month deposit,1
1605,1,Female,40,Asian,Physical disability,German,2x the rent,Positive references,Self-employed,Excellent,2 months deposit,1
1606,1,Male,30,Asian,Mental health history,Indian,3x the rent,Positive references,Self-employed,Fair,1 month deposit,1
1607,1,Non-binary,40,White,Physical disability,American,2x the rent,Prior late payments,Full-time,Good,1 month deposit,0
1608,1,Female,30,Black,None stated,American,3x the rent,Positive references,Full-time,Excellent,2 months deposit,1
1609,1,Non-binary,50,Asian,Mental health history,Canadian,3x the rent,Positive references,Full-time,Good,2 months deposit,1
1610,1,Non-binary,55,White,None stated,German,4x the rent,Prior late payments,Self-employed,Excellent,1 month deposit,0
1611,1,Non-binary,35,Asian,None stated,Indian,3x the rent,Positive references,Full-time,Good,2 months deposit,1
1612,1,Non-binary,50,White,Physical disability,Indian,2x the rent,Positive references,Part-time,Fair,3 months deposit,1
1613,1,Non-binary,55,White,Mental health history,German,2x the rent,No prior rental history,Part-time,Excellent,1 month deposit,1
1614,1,Female,30,Black,Physical disability,American,4x the rent,Positive references,Part-time,Good,1 month deposit,1
1615,1,Male,35,Asian,Physical disability,American,3x the rent,No prior rental history,Self-employed,Excellent,3 months deposit,1
1616,1,Female,45,White,Mental health history,Canadian,4x the rent,No prior rental history,Self-employed,Fair,1 month deposit,0
1617,1,Female,40,Asian,Physical disability,German,2x the rent,Prior late payments,Self-employed,Fair,1 month deposit,0
1618,1,Male,50,Hispanic,Physical disability,Mexican,2x the rent,Prior late payments,Full-time,Fair,3 months deposit,1
1619,1,Non-binary,40,White,Mental health history,Canadian,3x the rent,No prior rental history,Part-time,Fair,3 months deposit,0
1620,1,Non-binary,55,Hispanic,None stated,Indian,2x the rent,Positive references,Part-time,Excellent,3 months deposit,1
1621,1,Female,30,Asian,Mental health history,American,2x the rent,Prior late payments,Full-time,Excellent,3 months deposit,0
1622,1,Female,30,Hispanic,None stated,American,2x the rent,Prior late payments,Self-employed,Excellent,1 month deposit,1
1623,1,Non-binary,35,Black,Mental health history,Canadian,4x the rent,No prior rental history,Full-time,Fair,3 months deposit,0
1624,1,Non-binary,50,Asian,Mental health history,Indian,4x the rent,No prior rental history,Self-employed,Fair,1 month deposit,0
1625,1,Female,55,Hispanic,None stated,Canadian,4x the rent,No prior rental history,Full-time,Fair,2 months deposit,1
1626,1,Male,50,Hispanic,None stated,Mexican,2x the rent,Positive references,Full-time,Fair,3 months deposit,1
1627,1,Male,35,White,Mental health history,Indian,4x the rent,No prior rental history,Full-time,Excellent,1 month deposit,1
1628,1,Male,40,Asian,Mental health history,German,2x the rent,No prior rental history,Full-time,Fair,3 months deposit,1
1629,1,Non-binary,55,Black,Physical disability,German,3x the rent,No prior rental history,Full-time,Excellent,3 months deposit,1
1630,1,Male,50,Asian,Mental health history,German,2x the rent,Prior late payments,Part-time,Excellent,3 months deposit,0
1631,1,Male,50,Asian,Mental health history,Indian,4x the rent,No prior rental history,Full-time,Good,3 months deposit,1
1632,1,Female,35,Asian,Mental health history,Indian,3x the rent,Prior late payments,Part-time,Fair,2 months deposit,0
1633,1,Female,40,Black,Physical disability,Mexican,4x the rent,Prior late payments,Full-time,Fair,3 months deposit,0
1634,1,Non-binary,40,Hispanic,Physical disability,Canadian,3x the rent,Prior late payments,Self-employed,Excellent,2 months deposit,0
1635,1,Male,45,Asian,Physical disability,German,2x the rent,Positive references,Full-time,Excellent,1 month deposit,1
1636,1,Female,40,Hispanic,None stated,German,4x the rent,Positive references,Self-employed,Excellent,1 month deposit,1
1637,1,Non-binary,50,Asian,Mental health history,American,2x the rent,No prior rental history,Full-time,Fair,3 months deposit,1
1638,1,Female,30,White,Physical disability,Canadian,3x the rent,No prior rental history,Full-time,Excellent,3 months deposit,1
1639,1,Male,35,Black,None stated,Canadian,2x the rent,Prior late payments,Self-employed,Good,3 months deposit,0
1640,1,Non-binary,30,Hispanic,Mental health history,Mexican,2x the rent,Positive references,Full-time,Excellent,1 month deposit,1
1641,1,Non-binary,50,Asian,Physical disability,German,3x the rent,Prior late payments,Part-time,Good,3 months deposit,0
1642,1,Non-binary,45,Black,None stated,German,3x the rent,No prior rental history,Part-time,Fair,2 months deposit,1
1643,1,Male,55,Hispanic,Physical disability,Canadian,3x the rent,No prior rental history,Full-time,Good,3 months deposit,1
1644,1,Male,50,Hispanic,None stated,Indian,2x the rent,No prior rental history,Self-employed,Fair,3 months deposit,1
1645,1,Male,45,White,Physical disability,German,4x the rent,Positive references,Part-time,Good,1 month deposit,1
1646,1,Non-binary,35,White,Mental health history,Indian,3x the rent,Prior late payments,Self-employed,Good,1 month deposit,0
1647,1,Female,55,Hispanic,Mental health history,Mexican,2x the rent,Positive references,Full-time,Good,1 month deposit,1
1648,1,Female,55,White,Physical disability,Canadian,4x the rent,No prior rental history,Full-time,Good,2 months deposit,1
1649,1,Female,35,Hispanic,None stated,Canadian,4x the rent,Prior late payments,Part-time,Good,2 months deposit,1
1650,1,Male,30,Black,Mental health history,Mexican,2x the rent,Positive references,Part-time,Fair,2 months deposit,1
1651,1,Male,35,Black,Mental health history,American,2x the rent,Positive references,Part-time,Excellent,1 month deposit,1
1652,1,Male,30,Black,Physical disability,American,2x the rent,No prior rental history,Part-time,Good,3 months deposit,1
1653,1,Male,35,Hispanic,Physical disability,Indian,3x the rent,Prior late payments,Self-employed,Excellent,1 month deposit,1
1654,1,Non-binary,35,White,Mental health history,Canadian,2x the rent,No prior rental history,Self-employed,Good,3 months deposit,1
1655,1,Female,40,Asian,Physical disability,German,3x the rent,Prior late payments,Full-time,Excellent,2 months deposit,0
1656,1,Male,40,Hispanic,Mental health history,German,2x the rent,Positive references,Self-employed,Fair,2 months deposit,1
1657,1,Non-binary,30,White,Physical disability,Mexican,3x the rent,Positive references,Full-time,Excellent,1 month deposit,1
1658,1,Male,30,White,Physical disability,Canadian,2x the rent,Prior late payments,Self-employed,Fair,1 month deposit,0
1659,1,Non-binary,50,Black,None stated,Indian,3x the rent,No prior rental history,Self-employed,Excellent,1 month deposit,1
1660,1,Female,45,Black,None stated,German,3x the rent,Positive references,Part-time,Fair,2 months deposit,1
1661,1,Male,55,Asian,Mental health history,German,2x the rent,No prior rental history,Part-time,Excellent,3 months deposit,1
1662,1,Male,50,Asian,None stated,Indian,2x the rent,Positive references,Self-employed,Fair,3 months deposit,1
1663,1,Male,50,White,Physical disability,Canadian,4x the rent,Prior late payments,Part-time,Excellent,3 months deposit,0
1664,1,Female,50,White,Physical disability,Mexican,3x the rent,Prior late payments,Self-employed,Good,1 month deposit,0
1665,1,Female,50,White,Mental health history,American,2x the rent,No prior rental history,Self-employed,Good,1 month deposit,0
1666,1,Female,45,Hispanic,Physical disability,American,3x the rent,Positive references,Part-time,Excellent,3 months deposit,1
1667,1,Non-binary,55,White,None stated,German,3x the rent,Positive references,Self-employed,Fair,1 month deposit,1
1668,1,Non-binary,40,Asian,Physical disability,American,4x the rent,Positive references,Self-employed,Good,2 months deposit,1
1669,1,Male,55,White,Mental health history,Canadian,4x the rent,Positive references,Part-time,Good,3 months deposit,1
1670,1,Non-binary,40,Asian,None stated,Indian,2x the rent,Positive references,Full-time,Good,1 month deposit,1
1671,1,Non-binary,45,White,Mental health history,American,2x the rent,Prior late payments,Self-employed,Good,2 months deposit,1
1672,1,Male,50,Hispanic,Mental health history,German,3x the rent,No prior rental history,Self-employed,Excellent,2 months deposit,1
1673,1,Female,45,Hispanic,Physical disability,German,4x the rent,Prior late payments,Part-time,Excellent,2 months deposit,0
1674,1,Female,55,White,None stated,Canadian,4x the rent,Prior late payments,Self-employed,Fair,1 month deposit,0
1675,1,Non-binary,40,White,Mental health history,Canadian,2x the rent,Positive references,Full-time,Excellent,1 month deposit,1
1676,1,Male,35,Black,Mental health history,American,4x the rent,Positive references,Full-time,Excellent,3 months deposit,1
1677,1,Male,50,Asian,None stated,Canadian,2x the rent,Positive references,Full-time,Excellent,2 months deposit,1
1678,1,Male,45,White,None stated,Mexican,3x the rent,Prior late payments,Part-time,Fair,1 month deposit,0
1679,1,Non-binary,35,Asian,Mental health history,Indian,3x the rent,No prior rental history,Self-employed,Good,2 months deposit,1
1680,1,Male,30,Hispanic,Mental health history,Canadian,3x the rent,Positive references,Part-time,Excellent,1 month deposit,1
1681,1,Non-binary,55,Hispanic,Physical disability,American,4x the rent,Positive references,Part-time,Excellent,1 month deposit,1
1682,1,Non-binary,35,Hispanic,Mental health history,Canadian,4x the rent,No prior rental history,Part-time,Good,1 month deposit,1
1683,1,Female,30,Hispanic,Mental health history,Mexican,2x the rent,Positive references,Full-time,Good,1 month deposit,1
1684,1,Non-binary,50,Hispanic,Mental health history,American,2x the rent,Prior late payments,Part-time,Good,1 month deposit,0
1685,1,Non-binary,55,Black,Physical disability,German,4x the rent,Positive references,Part-time,Good,3 months deposit,1
1686,1,Male,30,Asian,Physical disability,American,4x the rent,Prior late payments,Full-time,Good,2 months deposit,1
1687,1,Female,55,Hispanic,Physical disability,American,3x the rent,Positive references,Full-time,Good,2 months deposit,1
1688,1,Female,35,White,Physical disability,German,3x the rent,Positive references,Part-time,Excellent,1 month deposit,1
1689,1,Male,35,Hispanic,Mental health history,American,2x the rent,No prior rental history,Full-time,Excellent,2 months deposit,1
1690,1,Male,50,Hispanic,None stated,German,4x the rent,No prior rental history,Full-time,Fair,3 months deposit,1
1691,1,Female,40,Hispanic,Mental health history,Indian,4x the rent,Positive references,Part-time,Fair,3 months deposit,1
1692,1,Non-binary,50,White,Physical disability,German,2x the rent,Prior late payments,Self-employed,Excellent,3 months deposit,1
1693,1,Female,45,Hispanic,Mental health history,Indian,3x the rent,No prior rental history,Part-time,Excellent,3 months deposit,1
1694,1,Female,50,Hispanic,Physical disability,Mexican,3x the rent,Positive references,Self-employed,Excellent,3 months deposit,1
1695,1,Male,45,White,Mental health history,Mexican,3x the rent,No prior rental history,Part-time,Excellent,3 months deposit,1
1696,1,Non-binary,30,Hispanic,Mental health history,Mexican,3x the rent,Positive references,Self-employed,Fair,2 months deposit,1
1697,1,Non-binary,35,Black,Mental health history,American,3x the rent,Positive references,Full-time,Excellent,2 months deposit,1
1698,1,Female,40,Asian,Physical disability,German,4x the rent,Positive references,Full-time,Good,2 months deposit,1
1699,1,Female,45,Black,Mental health history,German,3x the rent,No prior rental history,Full-time,Excellent,3 months deposit,1
1700,1,Non-binary,30,White,Physical disability,Canadian,3x the rent,No prior rental history,Part-time,Excellent,3 months deposit,1
1701,1,Male,55,Hispanic,Mental health history,American,3x the rent,Prior late payments,Part-time,Fair,3 months deposit,0
1702,1,Non-binary,45,Hispanic,None stated,Indian,3x the rent,Positive references,Full-time,Good,1 month deposit,1
1703,1,Male,35,White,None stated,Canadian,3x the rent,No prior rental history,Part-time,Excellent,3 months deposit,1
1704,1,Non-binary,30,Black,Mental health history,Mexican,2x the rent,No prior rental history,Self-employed,Good,1 month deposit,1
1705,1,Male,50,White,None stated,Canadian,4x the rent,Positive references,Self-employed,Excellent,3 months deposit,1
1706,1,Male,35,Asian,Mental health history,German,3x the rent,Prior late payments,Self-employed,Good,3 months deposit,1
1707,1,Non-binary,30,Hispanic,Mental health history,Mexican,4x the rent,No prior rental history,Self-employed,Fair,2 months deposit,0
1708,1,Male,35,White,None stated,Indian,4x the rent,Positive references,Full-time,Fair,3 months deposit,1
1709,1,Male,55,Black,Physical disability,American,4x the rent,Positive references,Full-time,Excellent,2 months deposit,1
1710,1,Female,35,Black,Mental health history,American,2x the rent,Positive references,Part-time,Fair,2 months deposit,1
1711,1,Female,45,Black,Physical disability,American,4x the rent,Prior late payments,Self-employed,Fair,1 month deposit,0
1712,1,Female,50,Hispanic,None stated,American,4x the rent,Positive references,Full-time,Fair,2 months deposit,1
1713,1,Male,50,Hispanic,Physical disability,Mexican,2x the rent,No prior rental history,Full-time,Fair,3 months deposit,0
1714,1,Non-binary,40,Hispanic,None stated,German,3x the rent,Positive references,Self-employed,Excellent,2 months deposit,1
1715,1,Female,45,Black,Physical disability,Canadian,4x the rent,Positive references,Part-time,Good,1 month deposit,1
1716,1,Male,35,Hispanic,Physical disability,Mexican,3x the rent,No prior rental history,Full-time,Excellent,2 months deposit,1
1717,1,Non-binary,50,Asian,None stated,Indian,2x the rent,No prior rental history,Part-time,Excellent,2 months deposit,1
1718,1,Non-binary,55,Asian,None stated,Mexican,4x the rent,Positive references,Full-time,Fair,1 month deposit,1
1719,1,Female,50,Black,None stated,Mexican,3x the rent,Prior late payments,Self-employed,Good,3 months deposit,0
1720,1,Non-binary,30,Black,None stated,Mexican,3x the rent,Prior late payments,Part-time,Excellent,1 month deposit,0
1721,1,Non-binary,35,White,None stated,American,4x the rent,Positive references,Part-time,Fair,2 months deposit,1
1722,1,Non-binary,50,White,None stated,Mexican,4x the rent,Prior late payments,Self-employed,Excellent,2 months deposit,1
1723,1,Non-binary,45,White,Physical disability,Canadian,4x the rent,Prior late payments,Self-employed,Good,2 months deposit,0
1724,1,Non-binary,55,Black,None stated,American,3x the rent,No prior rental history,Part-time,Excellent,3 months deposit,0
1725,1,Female,55,Black,None stated,Mexican,2x the rent,No prior rental history,Self-employed,Fair,1 month deposit,0
1726,1,Male,30,Hispanic,Physical disability,Indian,3x the rent,Prior late payments,Self-employed,Fair,1 month deposit,0
1727,1,Male,55,Asian,Physical disability,Canadian,3x the rent,Prior late payments,Full-time,Excellent,2 months deposit,0
1728,1,Female,55,White,Mental health history,German,4x the rent,Prior late payments,Self-employed,Fair,3 months deposit,0
1729,1,Non-binary,40,Hispanic,None stated,American,4x the rent,Positive references,Self-employed,Excellent,2 months deposit,1
1730,1,Non-binary,45,White,Physical disability,German,3x the rent,Positive references,Part-time,Fair,1 month deposit,1
1731,1,Non-binary,45,Black,Physical disability,American,3x the rent,Prior late payments,Full-time,Excellent,3 months deposit,0
1732,1,Male,30,Black,Mental health history,Canadian,4x the rent,Positive references,Full-time,Excellent,3 months deposit,1
1733,1,Non-binary,35,Asian,Physical disability,American,2x the rent,No prior rental history,Full-time,Good,1 month deposit,1
1734,1,Male,45,Hispanic,Mental health history,Indian,2x the rent,No prior rental history,Full-time,Fair,2 months deposit,1
1735,1,Non-binary,50,White,Physical disability,American,3x the rent,No prior rental history,Full-time,Good,3 months deposit,1
1736,1,Female,40,Asian,Mental health history,German,2x the rent,Positive references,Self-employed,Good,2 months deposit,1
1737,1,Female,45,Asian,Physical disability,German,3x the rent,Positive references,Self-employed,Fair,3 months deposit,1
1738,1,Male,55,Asian,None stated,German,2x the rent,Prior late payments,Full-time,Good,2 months deposit,1
1739,1,Male,40,Black,Mental health history,German,3x the rent,No prior rental history,Self-employed,Excellent,1 month deposit,1
1740,1,Non-binary,50,Hispanic,Physical disability,Mexican,4x the rent,Prior late payments,Part-time,Excellent,2 months deposit,1
1741,1,Male,30,Black,None stated,Indian,3x the rent,Prior late payments,Self-employed,Good,1 month deposit,0
1742,1,Female,35,Black,None stated,American,3x the rent,Prior late payments,Part-time,Fair,2 months deposit,0
1743,1,Female,45,White,Mental health history,German,4x the rent,Positive references,Part-time,Good,1 month deposit,1
1744,1,Non-binary,35,White,Mental health history,Mexican,3x the rent,No prior rental history,Full-time,Good,3 months deposit,1
1745,1,Female,55,Asian,Mental health history,American,3x the rent,No prior rental history,Part-time,Fair,3 months deposit,0
1746,1,Male,30,White,Physical disability,German,3x the rent,No prior rental history,Full-time,Excellent,2 months deposit,1
1747,1,Female,35,Black,None stated,Canadian,3x the rent,No prior rental history,Full-time,Fair,1 month deposit,1
1748,1,Female,30,Hispanic,None stated,Canadian,4x the rent,Prior late payments,Part-time,Excellent,1 month deposit,0
1749,1,Female,30,Black,Physical disability,Canadian,4x the rent,Positive references,Full-time,Fair,2 months deposit,1
1750,1,Male,30,Asian,Mental health history,Mexican,4x the rent,Prior late payments,Self-employed,Excellent,2 months deposit,0
1751,1,Female,40,Asian,Mental health history,German,2x the rent,Positive references,Full-time,Good,2 months deposit,1
1752,1,Male,40,White,Physical disability,American,4x the rent,Prior late payments,Self-employed,Good,1 month deposit,1
1753,1,Male,55,Black,None stated,German,2x the rent,Prior late payments,Self-employed,Fair,3 months deposit,0
1754,1,Female,45,Hispanic,Mental health history,Mexican,4x the rent,Prior late payments,Full-time,Fair,3 months deposit,1
1755,1,Male,50,Hispanic,Physical disability,Indian,3x the rent,Positive references,Part-time,Good,2 months deposit,1
1756,1,Female,35,Asian,None stated,American,4x the rent,Positive references,Part-time,Fair,1 month deposit,1
1757,1,Non-binary,55,Black,Physical disability,Mexican,4x the rent,Positive references,Part-time,Fair,3 months deposit,1
1758,1,Female,40,Hispanic,Physical disability,American,2x the rent,No prior rental history,Part-time,Good,2 months deposit,1
1759,1,Male,45,Asian,None stated,German,4x the rent,Positive references,Full-time,Excellent,1 month deposit,1
1760,1,Female,30,Asian,Physical disability,Indian,2x the rent,Positive references,Full-time,Excellent,2 months deposit,1
1761,1,Non-binary,35,White,Physical disability,Canadian,4x the rent,No prior rental history,Full-time,Good,2 months deposit,1
1762,1,Non-binary,40,Hispanic,Physical disability,American,3x the rent,No prior rental history,Part-time,Good,2 months deposit,1
1763,1,Female,35,Hispanic,Mental health history,German,2x the rent,Positive references,Full-time,Excellent,1 month deposit,1
1764,1,Male,35,Hispanic,None stated,German,2x the rent,No prior rental history,Full-time,Excellent,2 months deposit,1
1765,1,Female,50,Black,Mental health history,German,3x the rent,Positive references,Full-time,Good,2 months deposit,1
1766,1,Male,40,Black,Physical disability,German,4x the rent,Prior late payments,Self-employed,Fair,1 month deposit,0
1767,1,Female,35,Asian,None stated,American,3x the rent,Prior late payments,Full-time,Excellent,2 months deposit,0
1768,1,Female,50,Asian,Physical disability,Mexican,3x the rent,Prior late payments,Part-time,Good,1 month deposit,0
1769,1,Male,30,Hispanic,Mental health history,German,4x the rent,Positive references,Self-employed,Excellent,2 months deposit,1
1770,1,Male,35,Black,Physical disability,American,4x the rent,Prior late payments,Full-time,Fair,2 months deposit,0
1771,1,Female,50,Asian,Physical disability,German,4x the rent,Positive references,Self-employed,Excellent,3 months deposit,1
1772,1,Female,50,White,None stated,American,2x the rent,Positive references,Full-time,Fair,3 months deposit,1
1773,1,Female,35,Hispanic,Mental health history,Indian,2x the rent,No prior rental history,Part-time,Excellent,1 month deposit,1
1774,1,Non-binary,30,White,Physical disability,German,2x the rent,Positive references,Full-time,Excellent,3 months deposit,1
1775,1,Male,45,Black,Physical disability,American,3x the rent,Prior late payments,Self-employed,Excellent,3 months deposit,1
1776,1,Male,40,Asian,Physical disability,Canadian,4x the rent,Prior late payments,Part-time,Excellent,3 months deposit,0
1777,1,Male,45,White,None stated,Mexican,2x the rent,Positive references,Full-time,Fair,1 month deposit,1
1778,1,Male,45,Black,Mental health history,German,3x the rent,Positive references,Part-time,Good,2 months deposit,1
1779,1,Non-binary,55,Black,None stated,German,3x the rent,Prior late payments,Full-time,Fair,2 months deposit,0
1780,1,Male,40,Black,None stated,Indian,2x the rent,Positive references,Full-time,Excellent,3 months deposit,1
1781,1,Male,40,Black,None stated,Mexican,4x the rent,Positive references,Self-employed,Excellent,2 months deposit,1
1782,1,Male,50,Hispanic,None stated,American,2x the rent,No prior rental history,Part-time,Good,1 month deposit,1
1783,1,Non-binary,55,Black,Mental health history,Indian,2x the rent,Prior late payments,Full-time,Fair,2 months deposit,0
1784,1,Female,30,White,Mental health history,Canadian,4x the rent,Positive references,Full-time,Good,1 month deposit,1
1785,1,Female,30,Black,None stated,Canadian,2x the rent,No prior rental history,Part-time,Fair,1 month deposit,1
1786,1,Non-binary,55,Hispanic,Mental health history,German,4x the rent,Positive references,Part-time,Fair,1 month deposit,1
1787,1,Female,35,White,Mental health history,German,2x the rent,No prior rental history,Self-employed,Good,3 months deposit,1
1788,1,Non-binary,30,White,Mental health history,Canadian,2x the rent,Prior late payments,Self-employed,Good,3 months deposit,0
1789,1,Male,40,Hispanic,Mental health history,Mexican,4x the rent,Positive references,Part-time,Excellent,3 months deposit,1
1790,1,Female,35,Black,None stated,German,2x the rent,No prior rental history,Full-time,Fair,2 months deposit,0
1791,1,Female,40,White,None stated,Mexican,3x the rent,Prior late payments,Part-time,Good,3 months deposit,0
1792,1,Male,35,White,Physical disability,Canadian,3x the rent,No prior rental history,Self-employed,Good,2 months deposit,1
1793,1,Female,35,Hispanic,Physical disability,Mexican,3x the rent,Prior late payments,Self-employed,Excellent,3 months deposit,1
1794,1,Male,55,Asian,None stated,American,3x the rent,Positive references,Part-time,Fair,1 month deposit,1
1795,1,Male,35,White,Physical disability,Canadian,2x the rent,No prior rental history,Part-time,Fair,1 month deposit,1
1796,1,Male,40,White,None stated,Indian,4x the rent,Positive references,Self-employed,Excellent,1 month deposit,1
1797,1,Non-binary,35,Asian,Physical disability,German,3x the rent,Prior late payments,Self-employed,Good,3 months deposit,0
1798,1,Non-binary,35,Black,Physical disability,Canadian,4x the rent,No prior rental history,Full-time,Good,1 month deposit,1
1799,1,Male,40,White,None stated,American,2x the rent,Prior late payments,Part-time,Excellent,3 months deposit,1
1800,1,Non-binary,40,Black,Physical disability,Mexican,3x the rent,Positive references,Self-employed,Good,3 months deposit,1
1801,1,Male,50,Asian,Physical disability,American,3x the rent,No prior rental history,Self-employed,Excellent,1 month deposit,1
1802,1,Non-binary,50,Asian,Mental health history,Indian,2x the rent,Prior late payments,Full-time,Excellent,1 month deposit,0
1803,1,Male,35,Hispanic,None stated,American,2x the rent,No prior rental history,Part-time,Good,2 months deposit,1
1804,1,Non-binary,35,Black,None stated,Mexican,4x the rent,No prior rental history,Part-time,Fair,3 months deposit,1
1805,1,Non-binary,40,Hispanic,Physical disability,German,3x the rent,No prior rental history,Part-time,Good,2 months deposit,1
1806,1,Non-binary,35,Black,None stated,American,4x the rent,No prior rental history,Full-time,Fair,3 months deposit,1
1807,1,Non-binary,35,White,None stated,American,2x the rent,Positive references,Full-time,Fair,3 months deposit,1
1808,1,Female,45,Asian,None stated,Mexican,3x the rent,Positive references,Self-employed,Fair,3 months deposit,1
1809,1,Female,35,White,None stated,Mexican,4x the rent,No prior rental history,Part-time,Good,3 months deposit,1
1810,1,Female,35,Asian,Mental health history,Canadian,2x the rent,Positive references,Self-employed,Good,1 month deposit,1
1811,1,Male,50,White,None stated,Mexican,4x the rent,Positive references,Full-time,Good,2 months deposit,1
1812,1,Female,30,White,Physical disability,German,2x the rent,Prior late payments,Self-employed,Fair,1 month deposit,0
1813,1,Non-binary,30,Black,None stated,American,3x the rent,Positive references,Full-time,Good,1 month deposit,1
1814,1,Male,35,Asian,Physical disability,American,2x the rent,No prior rental history,Self-employed,Excellent,3 months deposit,1
1815,1,Female,35,Hispanic,Mental health history,Canadian,4x the rent,Positive references,Part-time,Good,2 months deposit,1
1816,1,Male,45,Asian,None stated,Canadian,3x the rent,Positive references,Full-time,Excellent,3 months deposit,1
1817,1,Male,30,Hispanic,Mental health history,Indian,2x the rent,Prior late payments,Self-employed,Fair,1 month deposit,0
1818,1,Female,50,Black,Mental health history,Mexican,4x the rent,No prior rental history,Self-employed,Excellent,2 months deposit,1
1819,1,Male,30,Black,Mental health history,Canadian,2x the rent,No prior rental history,Full-time,Excellent,2 months deposit,1
1820,1,Non-binary,45,White,Mental health history,Canadian,2x the rent,Prior late payments,Self-employed,Excellent,2 months deposit,1
1821,1,Male,50,White,Physical disability,Mexican,3x the rent,No prior rental history,Self-employed,Good,1 month deposit,0
1822,1,Non-binary,50,Asian,Physical disability,American,2x the rent,Prior late payments,Full-time,Fair,3 months deposit,0
1823,1,Female,35,Black,Mental health history,Indian,2x the rent,No prior rental history,Full-time,Fair,1 month deposit,1
1824,1,Female,35,Asian,None stated,Canadian,4x the rent,Positive references,Full-time,Good,2 months deposit,1
1825,1,Non-binary,45,White,None stated,Indian,2x the rent,Prior late payments,Self-employed,Excellent,3 months deposit,0
1826,1,Non-binary,35,Hispanic,None stated,Canadian,2x the rent,Positive references,Full-time,Good,3 months deposit,1
1827,1,Male,30,White,None stated,Canadian,4x the rent,Positive references,Full-time,Good,2 months deposit,1
1828,1,Male,40,Asian,None stated,Canadian,4x the rent,Prior late payments,Full-time,Excellent,2 months deposit,0
1829,1,Non-binary,50,Asian,Mental health history,American,4x the rent,No prior rental history,Self-employed,Excellent,1 month deposit,1
1830,1,Female,50,Hispanic,None stated,Indian,3x the rent,Prior late payments,Full-time,Excellent,2 months deposit,0
1831,1,Non-binary,55,Hispanic,None stated,Indian,4x the rent,No prior rental history,Part-time,Good,2 months deposit,1
1832,1,Male,55,Asian,Mental health history,Mexican,3x the rent,No prior rental history,Part-time,Fair,2 months deposit,0
1833,1,Non-binary,30,White,Physical disability,American,4x the rent,Positive references,Part-time,Good,2 months deposit,1
1834,1,Female,45,White,Physical disability,Canadian,4x the rent,Prior late payments,Self-employed,Good,1 month deposit,0
1835,1,Female,40,Black,None stated,American,2x the rent,No prior rental history,Part-time,Fair,3 months deposit,0
1836,1,Non-binary,40,Asian,Physical disability,German,2x the rent,Positive references,Full-time,Excellent,2 months deposit,1
1837,1,Male,40,White,Mental health history,Canadian,2x the rent,Prior late payments,Full-time,Fair,2 months deposit,1
1838,1,Non-binary,55,Black,Physical disability,Mexican,4x the rent,Prior late payments,Full-time,Good,3 months deposit,0
1839,1,Male,50,Hispanic,Mental health history,American,4x the rent,Positive references,Self-employed,Excellent,3 months deposit,1
1840,1,Non-binary,30,White,Mental health history,Canadian,4x the rent,Positive references,Self-employed,Excellent,3 months deposit,1
1841,1,Male,35,White,None stated,Indian,3x the rent,No prior rental history,Full-time,Excellent,1 month deposit,0
1842,1,Female,45,Asian,Physical disability,German,2x the rent,Positive references,Part-time,Good,3 months deposit,1
1843,1,Non-binary,50,Hispanic,Physical disability,American,2x the rent,Prior late payments,Part-time,Excellent,2 months deposit,0
1844,1,Non-binary,35,Asian,Mental health history,American,3x the rent,No prior rental history,Part-time,Good,1 month deposit,1
1845,1,Non-binary,40,Black,Mental health history,Indian,2x the rent,Prior late payments,Self-employed,Excellent,2 months deposit,0
1846,1,Non-binary,55,Black,None stated,Mexican,2x the rent,Positive references,Self-employed,Good,3 months deposit,1
1847,1,Female,30,White,None stated,German,4x the rent,Positive references,Self-employed,Fair,3 months deposit,1
1848,1,Male,50,Hispanic,Mental health history,American,4x the rent,Prior late payments,Full-time,Good,2 months deposit,1
1849,1,Female,55,Asian,Mental health history,Indian,2x the rent,Prior late payments,Full-time,Excellent,2 months deposit,1
1850,1,Non-binary,55,White,Mental health history,German,2x the rent,Positive references,Full-time,Good,1 month deposit,1
1851,1,Female,35,Asian,Mental health history,Canadian,3x the rent,Positive references,Part-time,Fair,2 months deposit,1
1852,1,Male,35,Hispanic,Mental health history,Canadian,4x the rent,Prior late payments,Self-employed,Good,2 months deposit,1
1853,1,Female,30,White,Mental health history,Mexican,4x the rent,Positive references,Part-time,Fair,3 months deposit,0
1854,1,Non-binary,45,Black,Physical disability,American,3x the rent,Prior late payments,Full-time,Fair,1 month deposit,1
1855,1,Male,35,White,Physical disability,Canadian,3x the rent,Positive references,Part-time,Fair,3 months deposit,1
1856,1,Non-binary,45,Asian,Physical disability,German,3x the rent,Prior late payments,Part-time,Fair,2 months deposit,0
1857,1,Male,55,Hispanic,Mental health history,Indian,2x the rent,No prior rental history,Full-time,Excellent,2 months deposit,1
1858,1,Non-binary,40,Hispanic,Physical disability,American,2x the rent,No prior rental history,Part-time,Good,1 month deposit,1
1859,1,Non-binary,35,Black,Mental health history,Mexican,3x the rent,Positive references,Part-time,Excellent,2 months deposit,1
1860,1,Female,35,Asian,Physical disability,Canadian,2x the rent,No prior rental history,Full-time,Fair,3 months deposit,1
1861,1,Non-binary,30,Hispanic,None stated,German,3x the rent,Prior late payments,Part-time,Good,2 months deposit,1
1862,1,Female,40,Hispanic,Physical disability,Indian,4x the rent,Positive references,Part-time,Good,1 month deposit,1
1863,1,Male,35,White,Physical disability,Canadian,2x the rent,Prior late payments,Part-time,Good,1 month deposit,0
1864,1,Female,45,White,Mental health history,Mexican,3x the rent,No prior rental history,Full-time,Fair,3 months deposit,0
1865,1,Female,30,Hispanic,None stated,German,3x the rent,Positive references,Full-time,Excellent,3 months deposit,1
1866,1,Non-binary,50,Hispanic,Mental health history,Canadian,3x the rent,No prior rental history,Self-employed,Fair,1 month deposit,0
1867,1,Non-binary,55,Hispanic,None stated,Indian,2x the rent,Positive references,Self-employed,Good,2 months deposit,1
1868,1,Male,35,Hispanic,Mental health history,Indian,3x the rent,No prior rental history,Full-time,Excellent,1 month deposit,1
1869,1,Female,45,White,Physical disability,American,4x the rent,No prior rental history,Full-time,Good,1 month deposit,1
1870,1,Non-binary,55,Hispanic,Physical disability,Indian,4x the rent,Positive references,Full-time,Good,3 months deposit,1
1871,1,Male,30,Black,None stated,Mexican,3x the rent,Positive references,Self-employed,Fair,2 months deposit,1
1872,1,Non-binary,35,Hispanic,Physical disability,Canadian,4x the rent,Prior late payments,Part-time,Good,3 months deposit,0
1873,1,Female,45,Hispanic,Physical disability,German,2x the rent,Prior late payments,Full-time,Good,1 month deposit,0
1874,1,Male,50,Asian,Mental health history,American,3x the rent,Positive references,Self-employed,Fair,3 months deposit,1
1875,1,Female,30,Asian,Physical disability,German,2x the rent,Positive references,Self-employed,Good,3 months deposit,1
1876,1,Female,35,White,None stated,American,2x the rent,No prior rental history,Part-time,Good,1 month deposit,1
1877,1,Female,30,White,Mental health history,Canadian,4x the rent,Positive references,Self-employed,Fair,1 month deposit,1
1878,1,Non-binary,50,Black,Physical disability,Canadian,2x the rent,Positive references,Full-time,Excellent,1 month deposit,1
1879,1,Male,50,Asian,Physical disability,Canadian,3x the rent,Prior late payments,Full-time,Excellent,3 months deposit,0
1880,1,Male,30,Hispanic,None stated,Indian,4x the rent,No prior rental history,Full-time,Good,3 months deposit,1
1881,1,Male,50,White,None stated,Indian,4x the rent,Prior late payments,Part-time,Good,3 months deposit,0
1882,1,Non-binary,40,Asian,None stated,Mexican,4x the rent,No prior rental history,Full-time,Fair,3 months deposit,1
1883,1,Female,45,Hispanic,None stated,American,4x the rent,Prior late payments,Self-employed,Good,3 months deposit,0
1884,1,Female,45,Black,Physical disability,German,4x the rent,Prior late payments,Part-time,Good,1 month deposit,1
1885,1,Female,50,Hispanic,None stated,Canadian,4x the rent,Positive references,Self-employed,Excellent,3 months deposit,1
1886,1,Male,45,White,Mental health history,Mexican,4x the rent,Positive references,Self-employed,Fair,2 months deposit,1
1887,1,Non-binary,40,Black,Mental health history,Mexican,3x the rent,No prior rental history,Self-employed,Fair,2 months deposit,0
1888,1,Non-binary,45,Hispanic,None stated,American,2x the rent,No prior rental history,Part-time,Excellent,1 month deposit,1
1889,1,Non-binary,35,White,Mental health history,German,4x the rent,Positive references,Part-time,Good,3 months deposit,1
1890,1,Male,35,Asian,Mental health history,Mexican,4x the rent,No prior rental history,Full-time,Excellent,1 month deposit,1
1891,1,Male,50,White,Mental health history,Canadian,2x the rent,Prior late payments,Self-employed,Good,2 months deposit,0
1892,1,Non-binary,55,Black,Physical disability,Indian,2x the rent,Positive references,Part-time,Excellent,1 month deposit,1
1893,1,Non-binary,30,Black,Mental health history,American,4x the rent,No prior rental history,Self-employed,Excellent,2 months deposit,1
1894,1,Male,30,Asian,Physical disability,German,4x the rent,Positive references,Full-time,Good,3 months deposit,1
1895,1,Female,45,Asian,Physical disability,German,2x the rent,Positive references,Full-time,Fair,1 month deposit,1
1896,1,Non-binary,35,Asian,Physical disability,German,2x the rent,Positive references,Full-time,Fair,3 months deposit,1
1897,1,Male,35,White,Physical disability,German,2x the rent,Positive references,Full-time,Good,3 months deposit,1
1898,1,Non-binary,35,Black,None stated,American,3x the rent,No prior rental history,Full-time,Excellent,3 months deposit,1
1899,1,Female,40,Asian,Mental health history,American,4x the rent,Positive references,Part-time,Fair,1 month deposit,1
1900,1,Female,30,Asian,None stated,Canadian,4x the rent,No prior rental history,Self-employed,Fair,2 months deposit,1
1901,1,Non-binary,55,Hispanic,Physical disability,Indian,2x the rent,Prior late payments,Self-employed,Excellent,1 month deposit,0
1902,1,Non-binary,55,Hispanic,Physical disability,Mexican,3x the rent,No prior rental history,Self-employed,Good,2 months deposit,1
1903,1,Non-binary,30,Black,None stated,Canadian,2x the rent,Positive references,Full-time,Good,2 months deposit,1
1904,1,Male,55,Black,Mental health history,Mexican,3x the rent,No prior rental history,Full-time,Good,3 months deposit,1
1905,1,Female,50,Black,Physical disability,Indian,4x the rent,No prior rental history,Full-time,Fair,2 months deposit,1
1906,1,Male,45,Black,None stated,Mexican,4x the rent,Prior late payments,Self-employed,Good,3 months deposit,1
1907,1,Female,40,Black,None stated,Mexican,3x the rent,No prior rental history,Part-time,Fair,1 month deposit,0
1908,1,Male,40,Black,Mental health history,German,3x the rent,No prior rental history,Full-time,Excellent,3 months deposit,1
1909,1,Female,35,White,Physical disability,Canadian,3x the rent,Positive references,Part-time,Fair,2 months deposit,1
1910,1,Male,30,Hispanic,None stated,Canadian,4x the rent,Prior late payments,Self-employed,Excellent,3 months deposit,0
1911,1,Non-binary,55,White,Mental health history,German,2x the rent,Positive references,Self-employed,Fair,1 month deposit,1
1912,1,Male,40,Black,Physical disability,Canadian,2x the rent,No prior rental history,Full-time,Fair,3 months deposit,0
1913,1,Male,55,Hispanic,None stated,Indian,2x the rent,No prior rental history,Full-time,Good,1 month deposit,1
1914,1,Male,45,Hispanic,Physical disability,Mexican,3x the rent,Positive references,Full-time,Good,3 months deposit,1
1915,1,Female,40,White,Mental health history,Indian,4x the rent,Prior late payments,Part-time,Excellent,2 months deposit,0
1916,1,Non-binary,50,Black,Mental health history,Indian,4x the rent,Positive references,Part-time,Fair,2 months deposit,1
1917,1,Female,50,Asian,Physical disability,American,3x the rent,No prior rental history,Self-employed,Good,1 month deposit,0
1918,1,Non-binary,40,Hispanic,Physical disability,Canadian,2x the rent,No prior rental history,Full-time,Good,1 month deposit,1
1919,1,Male,55,White,Mental health history,German,2x the rent,Prior late payments,Self-employed,Fair,3 months deposit,0
1920,1,Female,50,Hispanic,None stated,American,2x the rent,Positive references,Full-time,Excellent,3 months deposit,1
1921,1,Male,35,Asian,Physical disability,German,2x the rent,Positive references,Part-time,Good,3 months deposit,1
1922,1,Male,45,White,Mental health history,German,4x the rent,Prior late payments,Self-employed,Excellent,1 month deposit,1
1923,1,Female,50,White,Mental health history,Mexican,3x the rent,No prior rental history,Self-employed,Excellent,2 months deposit,1
1924,1,Female,45,Black,Mental health history,Mexican,2x the rent,Positive references,Self-employed,Excellent,1 month deposit,1
1925,1,Male,30,Hispanic,Mental health history,Mexican,4x the rent,No prior rental history,Full-time,Good,1 month deposit,0
1926,1,Non-binary,35,Hispanic,Mental health history,German,2x the rent,Positive references,Full-time,Good,1 month deposit,1
1927,1,Male,30,Hispanic,None stated,Mexican,4x the rent,No prior rental history,Part-time,Good,2 months deposit,1
1928,1,Non-binary,55,White,Physical disability,German,3x the rent,Prior late payments,Part-time,Good,2 months deposit,1
1929,1,Non-binary,30,White,None stated,Indian,2x the rent,Prior late payments,Full-time,Excellent,3 months deposit,0
1930,1,Female,40,Hispanic,Mental health history,Mexican,4x the rent,Positive references,Self-employed,Excellent,3 months deposit,1
1931,1,Male,40,White,None stated,Indian,2x the rent,No prior rental history,Self-employed,Fair,3 months deposit,1
1932,1,Non-binary,50,White,Physical disability,Canadian,2x the rent,Prior late payments,Part-time,Good,1 month deposit,0
1933,1,Female,40,White,Mental health history,Canadian,4x the rent,Prior late payments,Self-employed,Good,3 months deposit,1
1934,1,Male,55,Black,Mental health history,Canadian,3x the rent,Prior late payments,Part-time,Good,1 month deposit,0
1935,1,Female,55,White,Physical disability,American,4x the rent,Positive references,Self-employed,Good,2 months deposit,1
1936,1,Non-binary,45,White,None stated,Mexican,3x the rent,Prior late payments,Self-employed,Good,1 month deposit,0
1937,1,Non-binary,30,Black,Mental health history,Canadian,2x the rent,Prior late payments,Self-employed,Excellent,1 month deposit,0
1938,1,Male,50,Asian,None stated,American,4x the rent,Positive references,Self-employed,Excellent,3 months deposit,1
1939,1,Female,45,Black,Physical disability,American,3x the rent,No prior rental history,Self-employed,Excellent,2 months deposit,1
1940,1,Female,40,Asian,Mental health history,Mexican,3x the rent,No prior rental history,Self-employed,Good,1 month deposit,1
1941,1,Female,30,Black,Physical disability,Indian,3x the rent,Positive references,Part-time,Good,1 month deposit,1
1942,1,Non-binary,30,Asian,Mental health history,German,2x the rent,Positive references,Full-time,Excellent,3 months deposit,1
1943,1,Female,30,Asian,Mental health history,German,2x the rent,Positive references,Part-time,Excellent,2 months deposit,1
1944,1,Male,55,Asian,Physical disability,Indian,2x the rent,Prior late payments,Self-employed,Excellent,2 months deposit,1
1945,1,Male,55,Asian,None stated,American,4x the rent,No prior rental history,Self-employed,Fair,1 month deposit,1
1946,1,Male,30,Hispanic,None stated,German,2x the rent,Positive references,Self-employed,Excellent,3 months deposit,1
1947,1,Female,45,Asian,Mental health history,German,4x the rent,No prior rental history,Part-time,Excellent,3 months deposit,1
1948,1,Female,40,White,Mental health history,Canadian,3x the rent,No prior rental history,Self-employed,Good,3 months deposit,1
1949,1,Female,35,White,None stated,Indian,2x the rent,Positive references,Self-employed,Excellent,1 month deposit,1
1950,1,Male,50,Asian,Physical disability,Indian,2x the rent,Positive references,Full-time,Good,2 months deposit,1
1951,1,Male,40,Hispanic,Physical disability,American,3x the rent,Positive references,Full-time,Excellent,2 months deposit,1
1952,1,Male,40,Black,Mental health history,Mexican,2x the rent,No prior rental history,Self-employed,Excellent,1 month deposit,1
1953,1,Male,50,Asian,None stated,Indian,2x the rent,No prior rental history,Part-time,Good,1 month deposit,1
1954,1,Female,45,Black,None stated,American,2x the rent,Prior late payments,Part-time,Excellent,1 month deposit,0
1955,1,Male,50,White,Mental health history,Indian,4x the rent,Prior late payments,Part-time,Good,1 month deposit,1
1956,1,Female,30,Hispanic,Mental health history,Canadian,2x the rent,Positive references,Self-employed,Excellent,2 months deposit,1
1957,1,Female,30,Black,Mental health history,Mexican,4x the rent,Prior late payments,Full-time,Fair,1 month deposit,0
1958,1,Non-binary,40,Asian,None stated,American,4x the rent,Prior late payments,Self-employed,Good,3 months deposit,0
1959,1,Female,45,Black,None stated,American,4x the rent,Prior late payments,Self-employed,Excellent,2 months deposit,0
1960,1,Female,30,Hispanic,None stated,Indian,3x the rent,Positive references,Full-time,Excellent,3 months deposit,1
1961,1,Female,50,Hispanic,Mental health history,American,4x the rent,Prior late payments,Full-time,Excellent,3 months deposit,1
1962,1,Non-binary,45,Hispanic,None stated,Mexican,3x the rent,Prior late payments,Self-employed,Excellent,2 months deposit,0
1963,1,Female,35,Hispanic,Physical disability,German,4x the rent,Positive references,Part-time,Fair,2 months deposit,1
1964,1,Male,50,Black,None stated,Canadian,3x the rent,Positive references,Full-time,Good,3 months deposit,1
1965,1,Non-binary,35,White,Mental health history,Indian,2x the rent,Positive references,Full-time,Excellent,1 month deposit,1
1966,1,Non-binary,40,Asian,Mental health history,German,2x the rent,Prior late payments,Part-time,Excellent,3 months deposit,0
1967,1,Non-binary,45,White,Physical disability,Canadian,3x the rent,Prior late payments,Full-time,Excellent,3 months deposit,0
1968,1,Non-binary,50,Black,None stated,German,2x the rent,Positive references,Full-time,Fair,1 month deposit,1
1969,1,Non-binary,30,Black,Physical disability,American,3x the rent,Prior late payments,Full-time,Excellent,3 months deposit,1
1970,1,Male,55,Asian,None stated,Canadian,2x the rent,No prior rental history,Self-employed,Excellent,2 months deposit,1
1971,1,Non-binary,55,White,None stated,American,3x the rent,No prior rental history,Full-time,Fair,3 months deposit,1
1972,1,Female,30,Hispanic,Mental health history,Canadian,2x the rent,No prior rental history,Part-time,Good,2 months deposit,1
1973,1,Female,35,Hispanic,Physical disability,Mexican,2x the rent,No prior rental history,Self-employed,Good,2 months deposit,1
1974,1,Non-binary,30,Asian,None stated,German,4x the rent,No prior rental history,Self-employed,Excellent,2 months deposit,1
1975,1,Non-binary,50,Black,None stated,American,4x the rent,No prior rental history,Part-time,Good,3 months deposit,1
1976,1,Male,45,Black,None stated,American,4x the rent,No prior rental history,Part-time,Good,2 months deposit,1
1977,1,Male,55,Asian,None stated,German,4x the rent,Positive references,Self-employed,Excellent,2 months deposit,1
1978,1,Female,45,Hispanic,Mental health history,Mexican,2x the rent,Positive references,Part-time,Excellent,3 months deposit,1
1979,1,Non-binary,50,Black,Mental health history,Indian,3x the rent,Positive references,Full-time,Excellent,2 months deposit,1
1980,1,Female,40,Black,Mental health history,Indian,2x the rent,Positive references,Full-time,Fair,3 months deposit,1
1981,1,Female,40,White,Physical disability,Mexican,3x the rent,Positive references,Self-employed,Fair,3 months deposit,1
1982,1,Female,50,Hispanic,Physical disability,Canadian,3x the rent,No prior rental history,Self-employed,Excellent,3 months deposit,1
1983,1,Female,40,Hispanic,None stated,Canadian,3x the rent,Positive references,Self-employed,Good,2 months deposit,1
1984,1,Female,45,Asian,None stated,Indian,4x the rent,Prior late payments,Self-employed,Good,3 months deposit,1
1985,1,Non-binary,45,Black,None stated,American,4x the rent,Positive references,Self-employed,Excellent,1 month deposit,1
1986,1,Female,30,Black,Physical disability,Mexican,2x the rent,Positive references,Self-employed,Excellent,3 months deposit,1
1987,1,Male,45,Hispanic,Mental health history,Indian,4x the rent,No prior rental history,Part-time,Fair,3 months deposit,0
1988,1,Female,50,White,None stated,Mexican,2x the rent,Prior late payments,Self-employed,Good,3 months deposit,0
1989,1,Non-binary,50,White,Physical disability,Indian,3x the rent,No prior rental history,Part-time,Excellent,3 months deposit,1
1990,1,Non-binary,35,Hispanic,Mental health history,American,4x the rent,Positive references,Full-time,Excellent,2 months deposit,1
1991,1,Non-binary,30,Asian,Mental health history,Mexican,4x the rent,Positive references,Self-employed,Excellent,1 month deposit,1
1992,1,Non-binary,45,Hispanic,Mental health history,Mexican,2x the rent,Positive references,Self-employed,Excellent,1 month deposit,1
1993,1,Non-binary,45,White,Mental health history,Mexican,4x the rent,Positive references,Full-time,Excellent,3 months deposit,1
1994,1,Male,50,Asian,Physical disability,German,3x the rent,No prior rental history,Full-time,Good,3 months deposit,1
1995,1,Female,50,Black,None stated,German,4x the rent,Prior late payments,Full-time,Good,1 month deposit,0
1996,1,Female,45,Hispanic,None stated,Indian,2x the rent,Positive references,Part-time,Good,3 months deposit,1
1997,1,Male,45,Black,Physical disability,American,4x the rent,Prior late payments,Full-time,Good,2 months deposit,0
1998,1,Female,45,Hispanic,None stated,Canadian,3x the rent,Prior late payments,Part-time,Good,1 month deposit,0
1999,1,Non-binary,55,Asian,Physical disability,American,4x the rent,Positive references,Self-employed,Good,2 months deposit,1
2000,1,Male,35,White,Mental health history,American,4x the rent,No prior rental history,Self-employed,Excellent,2 months deposit,1
2001,1,Non-binary,30,Hispanic,Physical disability,Indian,4x the rent,Positive references,Self-employed,Good,1 month deposit,1
2002,1,Female,40,Black,Mental health history,Canadian,2x the rent,No prior rental history,Self-employed,Fair,2 months deposit,1
2003,1,Non-binary,35,Asian,Physical disability,Canadian,3x the rent,No prior rental history,Self-employed,Excellent,1 month deposit,1
2004,1,Male,40,White,Physical disability,Mexican,2x the rent,Prior late payments,Full-time,Excellent,3 months deposit,0
2005,1,Non-binary,55,Hispanic,None stated,Mexican,2x the rent,Prior late payments,Part-time,Fair,2 months deposit,0
2006,1,Male,40,Asian,Mental health history,Canadian,2x the rent,Positive references,Full-time,Excellent,2 months deposit,1
2007,1,Non-binary,55,Hispanic,Physical disability,Canadian,2x the rent,No prior rental history,Full-time,Good,1 month deposit,1
2008,1,Non-binary,40,Asian,Mental health history,Canadian,3x the rent,Positive references,Self-employed,Fair,1 month deposit,1
2009,1,Male,50,Asian,Physical disability,German,2x the rent,No prior rental history,Self-employed,Excellent,2 months deposit,1
2010,1,Male,45,White,Mental health history,German,2x the rent,No prior rental history,Self-employed,Good,3 months deposit,0
2011,1,Male,40,Asian,None stated,Mexican,2x the rent,Prior late payments,Part-time,Good,1 month deposit,0
2012,1,Non-binary,35,Asian,Physical disability,Canadian,3x the rent,Prior late payments,Full-time,Fair,2 months deposit,1
2013,1,Female,40,Black,Mental health history,Mexican,4x the rent,Positive references,Full-time,Good,2 months deposit,1
2014,1,Non-binary,45,Hispanic,None stated,Canadian,4x the rent,Prior late payments,Self-employed,Excellent,3 months deposit,0
2015,1,Female,55,White,Mental health history,Mexican,4x the rent,Prior late payments,Full-time,Fair,2 months deposit,1
2016,1,Female,50,Black,None stated,German,3x the rent,No prior rental history,Full-time,Excellent,3 months deposit,1
2017,1,Non-binary,55,Black,Physical disability,Indian,4x the rent,Positive references,Self-employed,Excellent,3 months deposit,1
2018,1,Non-binary,45,White,None stated,Mexican,4x the rent,No prior rental history,Self-employed,Excellent,3 months deposit,1
2019,1,Non-binary,55,Hispanic,Mental health history,American,4x the rent,Positive references,Self-employed,Fair,3 months deposit,1
2020,1,Non-binary,35,White,None stated,Indian,4x the rent,Positive references,Part-time,Fair,2 months deposit,1
2021,1,Non-binary,40,Black,Mental health history,German,3x the rent,Positive references,Part-time,Good,2 months deposit,1
2022,1,Non-binary,45,White,None stated,Canadian,4x the rent,Positive references,Full-time,Fair,3 months deposit,1
2023,1,Non-binary,45,Black,Mental health history,Indian,3x the rent,Positive references,Full-time,Fair,2 months deposit,1
2024,1,Female,40,White,Mental health history,Canadian,3x the rent,Prior late payments,Self-employed,Fair,1 month deposit,1
2025,1,Non-binary,30,Black,Mental health history,Indian,2x the rent,Prior late payments,Self-employed,Good,2 months deposit,1
2026,1,Male,40,Hispanic,None stated,German,4x the rent,No prior rental history,Part-time,Good,3 months deposit,0
2027,1,Non-binary,50,Black,Physical disability,American,3x the rent,Prior late payments,Part-time,Excellent,1 month deposit,0
2028,1,Male,35,Black,Mental health history,Indian,3x the rent,Prior late payments,Full-time,Fair,3 months deposit,0
2029,1,Female,45,Black,None stated,Indian,3x the rent,Prior late payments,Self-employed,Excellent,2 months deposit,1
2030,1,Non-binary,45,Black,Mental health history,Indian,4x the rent,Prior late payments,Full-time,Fair,3 months deposit,1
2031,1,Non-binary,55,Asian,None stated,German,3x the rent,Prior late payments,Self-employed,Excellent,2 months deposit,0
2032,1,Non-binary,45,Asian,Mental health history,Mexican,3x the rent,Positive references,Full-time,Good,3 months deposit,1
2033,1,Male,30,Asian,Mental health history,American,3x the rent,No prior rental history,Self-employed,Good,2 months deposit,1
2034,1,Female,35,Hispanic,Physical disability,Canadian,3x the rent,No prior rental history,Part-time,Excellent,2 months deposit,1
2035,1,Female,45,Asian,None stated,Canadian,4x the rent,Positive references,Full-time,Fair,1 month deposit,1
2036,1,Non-binary,50,White,Mental health history,Canadian,4x the rent,No prior rental history,Full-time,Fair,1 month deposit,0
2037,1,Female,50,Hispanic,Mental health history,Canadian,4x the rent,No prior rental history,Self-employed,Fair,2 months deposit,1
2038,1,Non-binary,30,Asian,None stated,Indian,2x the rent,No prior rental history,Part-time,Good,1 month deposit,1
2039,1,Non-binary,40,Black,None stated,Indian,3x the rent,No prior rental history,Self-employed,Good,2 months deposit,1
2040,1,Female,40,White,Mental health history,German,3x the rent,Positive references,Self-employed,Fair,2 months deposit,1
2041,1,Male,50,White,Physical disability,Indian,2x the rent,No prior rental history,Part-time,Good,1 month deposit,1
2042,1,Female,40,White,Physical disability,German,4x the rent,Positive references,Part-time,Good,3 months deposit,1
2043,1,Male,30,White,None stated,Canadian,2x the rent,No prior rental history,Full-time,Fair,2 months deposit,1
2044,1,Female,35,Black,Mental health history,Indian,3x the rent,Prior late payments,Full-time,Good,3 months deposit,0
2045,1,Non-binary,30,Black,Physical disability,Indian,2x the rent,No prior rental history,Part-time,Excellent,1 month deposit,1
2046,1,Female,40,Black,Mental health history,Indian,2x the rent,No prior rental history,Self-employed,Fair,3 months deposit,0
2047,1,Male,30,Asian,Mental health history,Mexican,4x the rent,No prior rental history,Part-time,Good,1 month deposit,0
2048,1,Non-binary,30,Black,None stated,Canadian,3x the rent,No prior rental history,Self-employed,Fair,3 months deposit,1
2049,1,Non-binary,45,Asian,Mental health history,Canadian,2x the rent,Prior late payments,Part-time,Fair,3 months deposit,0
2050,1,Female,30,Black,Physical disability,American,4x the rent,Positive references,Full-time,Fair,3 months deposit,1
2051,1,Male,40,White,Physical disability,Canadian,2x the rent,No prior rental history,Self-employed,Fair,1 month deposit,1
2052,1,Female,55,Black,None stated,American,4x the rent,No prior rental history,Full-time,Excellent,1 month deposit,1
2053,1,Non-binary,40,Black,Physical disability,Canadian,3x the rent,No prior rental history,Self-employed,Good,2 months deposit,1
2054,1,Female,30,White,None stated,Mexican,3x the rent,Positive references,Part-time,Excellent,3 months deposit,1
2055,1,Female,55,White,None stated,Mexican,3x the rent,No prior rental history,Full-time,Excellent,2 months deposit,1
2056,1,Female,45,Asian,None stated,Indian,4x the rent,Prior late payments,Full-time,Fair,3 months deposit,0
2057,1,Male,30,White,None stated,Mexican,4x the rent,Prior late payments,Full-time,Fair,3 months deposit,0
2058,1,Male,55,White,Physical disability,Indian,2x the rent,Positive references,Part-time,Fair,1 month deposit,1
2059,1,Non-binary,50,Hispanic,Mental health history,Mexican,3x the rent,No prior rental history,Full-time,Excellent,3 months deposit,1
2060,1,Non-binary,40,Asian,Mental health history,Canadian,2x the rent,Prior late payments,Full-time,Fair,2 months deposit,0
2061,1,Female,50,White,None stated,German,4x the rent,Prior late payments,Full-time,Fair,2 months deposit,0
2062,1,Non-binary,35,White,None stated,American,3x the rent,No prior rental history,Self-employed,Good,3 months deposit,1
2063,1,Non-binary,35,Black,Physical disability,Indian,3x the rent,No prior rental history,Full-time,Good,2 months deposit,1
2064,1,Non-binary,30,Hispanic,Mental health history,German,4x the rent,Prior late payments,Full-time,Fair,2 months deposit,0
2065,1,Non-binary,40,Hispanic,Mental health history,German,2x the rent,No prior rental history,Full-time,Excellent,1 month deposit,1
2066,1,Male,30,Black,None stated,Mexican,4x the rent,Positive references,Self-employed,Fair,3 months deposit,1
2067,1,Female,30,Asian,None stated,Canadian,3x the rent,Positive references,Self-employed,Excellent,3 months deposit,1
2068,1,Non-binary,40,Black,None stated,German,3x the rent,Positive references,Full-time,Good,1 month deposit,1
2069,1,Male,45,Hispanic,Mental health history,German,3x the rent,No prior rental history,Part-time,Excellent,2 months deposit,1
2070,1,Non-binary,55,Black,Physical disability,Indian,2x the rent,Positive references,Self-employed,Fair,1 month deposit,1
2071,1,Non-binary,30,Asian,None stated,Indian,4x the rent,Positive references,Self-employed,Good,3 months deposit,1
2072,1,Female,55,White,Physical disability,Mexican,3x the rent,No prior rental history,Full-time,Good,2 months deposit,1
2073,1,Female,50,Hispanic,Physical disability,Indian,4x the rent,No prior rental history,Self-employed,Excellent,1 month deposit,1
2074,1,Non-binary,45,Black,Physical disability,Mexican,3x the rent,No prior rental history,Self-employed,Fair,3 months deposit,1
2075,1,Female,45,White,Mental health history,German,4x the rent,Prior late payments,Part-time,Excellent,3 months deposit,0
2076,1,Non-binary,45,Hispanic,Mental health history,Mexican,2x the rent,Positive references,Part-time,Fair,1 month deposit,1
2077,1,Female,35,Black,None stated,Mexican,4x the rent,No prior rental history,Self-employed,Fair,3 months deposit,0
2078,1,Non-binary,45,White,Physical disability,Canadian,3x the rent,No prior rental history,Part-time,Fair,1 month deposit,0
2079,1,Male,45,Hispanic,None stated,Canadian,4x the rent,Prior late payments,Part-time,Excellent,2 months deposit,1
2080,1,Non-binary,55,White,Mental health history,Mexican,2x the rent,No prior rental history,Self-employed,Fair,3 months deposit,0
2081,1,Male,35,Asian,Physical disability,Indian,3x the rent,Positive references,Part-time,Fair,3 months deposit,1
2082,1,Female,35,Asian,None stated,Indian,4x the rent,No prior rental history,Full-time,Fair,3 months deposit,1
2083,1,Female,50,White,Mental health history,Mexican,2x the rent,No prior rental history,Part-time,Fair,2 months deposit,0
2084,1,Non-binary,45,Hispanic,Physical disability,American,2x the rent,Prior late payments,Part-time,Excellent,3 months deposit,0
2085,1,Male,40,Black,None stated,Mexican,4x the rent,No prior rental history,Part-time,Fair,3 months deposit,0
2086,1,Male,30,Asian,Mental health history,American,3x the rent,Positive references,Full-time,Fair,3 months deposit,1
2087,1,Non-binary,55,Hispanic,None stated,Indian,2x the rent,No prior rental history,Part-time,Excellent,3 months deposit,1
2088,1,Female,55,Black,Mental health history,German,3x the rent,Positive references,Full-time,Excellent,2 months deposit,1
2089,1,Female,45,White,Physical disability,German,2x the rent,Prior late payments,Full-time,Good,3 months deposit,0
2090,1,Male,55,Hispanic,Physical disability,Indian,2x the rent,Prior late payments,Part-time,Excellent,3 months deposit,1
2091,1,Female,35,Hispanic,Physical disability,Indian,2x the rent,Positive references,Full-time,Good,2 months deposit,1
2092,1,Male,55,Hispanic,None stated,American,2x the rent,Prior late payments,Part-time,Fair,2 months deposit,0
2093,1,Male,30,White,Physical disability,Indian,3x the rent,Prior late payments,Full-time,Fair,2 months deposit,0
2094,1,Female,30,White,Physical disability,Canadian,4x the rent,No prior rental history,Part-time,Good,3 months deposit,1
2095,1,Non-binary,45,White,Mental health history,Mexican,3x the rent,Positive references,Full-time,Good,1 month deposit,1
2096,1,Male,50,White,Physical disability,Mexican,4x the rent,No prior rental history,Part-time,Good,1 month deposit,0
2097,1,Female,45,Asian,Physical disability,German,2x the rent,Positive references,Part-time,Excellent,2 months deposit,1
2098,1,Female,35,Hispanic,Mental health history,American,2x the rent,No prior rental history,Full-time,Excellent,1 month deposit,1
2099,1,Male,35,Asian,Mental health history,American,3x the rent,No prior rental history,Part-time,Excellent,2 months deposit,1
2100,1,Male,50,Asian,Physical disability,American,4x the rent,Positive references,Part-time,Excellent,3 months deposit,1
2101,1,Female,30,Black,None stated,American,4x the rent,Positive references,Self-employed,Fair,2 months deposit,1
2102,1,Female,35,White,Physical disability,American,2x the rent,No prior rental history,Part-time,Good,3 months deposit,1
2103,1,Female,45,White,Physical disability,Canadian,2x the rent,Positive references,Self-employed,Excellent,2 months deposit,1
2104,1,Male,30,Hispanic,Mental health history,Indian,4x the rent,No prior rental history,Part-time,Excellent,2 months deposit,1
2105,1,Non-binary,45,White,Mental health history,Canadian,2x the rent,No prior rental history,Self-employed,Fair,2 months deposit,1
2106,1,Male,50,White,Mental health history,Mexican,2x the rent,Positive references,Part-time,Good,1 month deposit,1
2107,1,Female,30,Hispanic,Mental health history,German,4x the rent,Positive references,Part-time,Good,3 months deposit,1
2108,1,Female,55,White,Physical disability,Indian,3x the rent,Positive references,Full-time,Excellent,3 months deposit,1
2109,1,Non-binary,45,White,Physical disability,Canadian,3x the rent,No prior rental history,Full-time,Good,2 months deposit,1
2110,1,Non-binary,50,Black,Physical disability,German,4x the rent,Positive references,Full-time,Excellent,3 months deposit,1
2111,1,Female,35,Asian,Physical disability,German,3x the rent,Prior late payments,Part-time,Fair,1 month deposit,0
2112,1,Male,35,Asian,None stated,Mexican,2x the rent,Prior late payments,Self-employed,Excellent,3 months deposit,0
2113,1,Non-binary,55,Asian,Mental health history,Canadian,2x the rent,Prior late payments,Self-employed,Excellent,2 months deposit,1
2114,1,Female,50,White,Mental health history,Mexican,3x the rent,Positive references,Full-time,Good,1 month deposit,1
2115,1,Male,50,Black,Mental health history,Indian,4x the rent,No prior rental history,Full-time,Fair,2 months deposit,1
2116,1,Non-binary,55,Black,None stated,Canadian,2x the rent,Positive references,Self-employed,Excellent,3 months deposit,1
2117,1,Male,35,Hispanic,Physical disability,Mexican,2x the rent,Positive references,Full-time,Excellent,2 months deposit,1
2118,1,Non-binary,40,White,None stated,German,4x the rent,No prior rental history,Full-time,Good,1 month deposit,1
2119,1,Female,45,Hispanic,None stated,American,4x the rent,Prior late payments,Part-time,Excellent,3 months deposit,0
2120,1,Male,40,Hispanic,Mental health history,Canadian,3x the rent,Prior late payments,Full-time,Good,2 months deposit,1
2121,1,Female,55,White,None stated,German,2x the rent,Positive references,Self-employed,Fair,1 month deposit,1
2122,1,Female,40,White,None stated,Canadian,2x the rent,No prior rental history,Full-time,Good,1 month deposit,1
2123,1,Female,30,Black,Mental health history,Canadian,4x the rent,Prior late payments,Part-time,Fair,1 month deposit,0
2124,1,Female,45,Hispanic,Mental health history,Canadian,4x the rent,Positive references,Full-time,Good,1 month deposit,1
2125,1,Female,40,Black,None stated,Mexican,4x the rent,Prior late payments,Full-time,Good,3 months deposit,0
2126,1,Non-binary,50,Black,Mental health history,Mexican,3x the rent,Prior late payments,Part-time,Good,3 months deposit,0
2127,1,Male,35,Asian,Mental health history,Mexican,3x the rent,No prior rental history,Self-employed,Excellent,2 months deposit,0
2128,1,Non-binary,50,White,None stated,German,4x the rent,Prior late payments,Part-time,Good,1 month deposit,0
2129,1,Male,35,White,None stated,Indian,3x the rent,No prior rental history,Full-time,Excellent,2 months deposit,1
2130,1,Female,35,Asian,Mental health history,German,4x the rent,Positive references,Full-time,Excellent,2 months deposit,1
2131,1,Female,50,Black,Physical disability,American,3x the rent,Positive references,Full-time,Fair,2 months deposit,1
2132,1,Non-binary,55,White,Physical disability,American,4x the rent,No prior rental history,Full-time,Good,2 months deposit,1
2133,1,Female,50,Hispanic,Mental health history,Indian,3x the rent,No prior rental history,Self-employed,Good,3 months deposit,1
2134,1,Female,55,Asian,Mental health history,Indian,4x the rent,No prior rental history,Self-employed,Excellent,2 months deposit,1
2135,1,Female,50,White,Physical disability,American,2x the rent,No prior rental history,Self-employed,Fair,1 month deposit,1
2136,1,Female,35,Black,Physical disability,Indian,4x the rent,Positive references,Full-time,Good,3 months deposit,1
2137,1,Male,55,Asian,Physical disability,German,4x the rent,No prior rental history,Self-employed,Excellent,2 months deposit,1
2138,1,Male,55,White,Physical disability,Mexican,4x the rent,No prior rental history,Self-employed,Good,1 month deposit,1
2139,1,Non-binary,50,Black,None stated,Indian,3x the rent,No prior rental history,Self-employed,Fair,2 months deposit,0
2140,1,Female,50,Hispanic,Mental health history,Indian,4x the rent,Positive references,Full-time,Excellent,2 months deposit,1
2141,1,Male,40,Hispanic,Physical disability,Indian,3x the rent,No prior rental history,Full-time,Excellent,1 month deposit,1
2142,1,Male,35,White,None stated,Canadian,3x the rent,Prior late payments,Full-time,Excellent,3 months deposit,1
2143,1,Non-binary,50,Asian,None stated,Canadian,4x the rent,Positive references,Full-time,Fair,1 month deposit,1
2144,1,Female,50,Hispanic,Mental health history,Indian,2x the rent,Prior late payments,Full-time,Good,2 months deposit,0
2145,1,Male,35,Black,Mental health history,Canadian,2x the rent,Positive references,Self-employed,Excellent,3 months deposit,1
2146,1,Non-binary,55,Asian,Physical disability,Canadian,4x the rent,No prior rental history,Self-employed,Excellent,2 months deposit,1
2147,1,Female,55,Hispanic,None stated,Indian,2x the rent,Positive references,Full-time,Fair,3 months deposit,1
2148,1,Female,30,White,Physical disability,German,2x the rent,Prior late payments,Self-employed,Excellent,3 months deposit,1
2149,1,Male,45,Hispanic,Mental health history,German,2x the rent,Positive references,Part-time,Excellent,1 month deposit,1
2150,1,Non-binary,40,Hispanic,Mental health history,Mexican,2x the rent,Positive references,Part-time,Excellent,1 month deposit,1
2151,1,Male,45,White,Mental health history,Mexican,4x the rent,No prior rental history,Full-time,Good,1 month deposit,0
2152,1,Non-binary,55,Black,None stated,Mexican,4x the rent,Prior late payments,Full-time,Fair,1 month deposit,0
2153,1,Non-binary,35,Black,Mental health history,Canadian,2x the rent,Positive references,Full-time,Good,3 months deposit,1
2154,1,Female,50,White,Mental health history,American,4x the rent,Prior late payments,Part-time,Good,1 month deposit,0
2155,1,Non-binary,50,Hispanic,Mental health history,Indian,3x the rent,Prior late payments,Part-time,Good,2 months deposit,1
2156,1,Non-binary,45,Asian,None stated,German,3x the rent,No prior rental history,Full-time,Excellent,2 months deposit,1
2157,1,Non-binary,45,Black,None stated,German,2x the rent,No prior rental history,Full-time,Fair,3 months deposit,1
2158,1,Male,45,Hispanic,Physical disability,American,4x the rent,Prior late payments,Part-time,Good,1 month deposit,0
2159,1,Non-binary,30,Asian,Physical disability,Mexican,4x the rent,Prior late payments,Part-time,Excellent,2 months deposit,1
2160,1,Non-binary,50,Black,Mental health history,German,4x the rent,Prior late payments,Self-employed,Fair,1 month deposit,1
2161,1,Non-binary,40,Black,Physical disability,American,3x the rent,No prior rental history,Self-employed,Fair,2 months deposit,1
2162,1,Female,45,Asian,Mental health history,Mexican,2x the rent,No prior rental history,Part-time,Good,1 month deposit,1
2163,1,Male,45,Black,Physical disability,Canadian,2x the rent,Positive references,Self-employed,Fair,3 months deposit,1
2164,1,Non-binary,35,Black,None stated,Canadian,4x the rent,Positive references,Full-time,Good,2 months deposit,1
2165,1,Non-binary,40,Asian,None stated,American,2x the rent,Prior late payments,Self-employed,Fair,1 month deposit,0
2166,1,Male,35,Black,None stated,Canadian,3x the rent,No prior rental history,Full-time,Fair,3 months deposit,1
2167,1,Male,30,Asian,Physical disability,Canadian,4x the rent,Prior late payments,Part-time,Good,2 months deposit,0
2168,1,Male,30,White,None stated,German,2x the rent,Prior late payments,Part-time,Fair,3 months deposit,0
2169,1,Female,55,Black,None stated,German,2x the rent,Prior late payments,Self-employed,Fair,2 months deposit,1
2170,1,Female,40,Black,Physical disability,Indian,4x the rent,Prior late payments,Self-employed,Good,3 months deposit,1
2171,1,Female,50,Asian,Physical disability,Canadian,2x the rent,No prior rental history,Part-time,Good,1 month deposit,1
2172,1,Female,45,Hispanic,None stated,German,3x the rent,Prior late payments,Self-employed,Excellent,3 months deposit,0
2173,1,Non-binary,55,Hispanic,Physical disability,Mexican,4x the rent,Positive references,Full-time,Fair,2 months deposit,1
2174,1,Non-binary,45,Asian,Mental health history,American,3x the rent,No prior rental history,Part-time,Good,1 month deposit,1
2175,1,Female,35,Black,Physical disability,German,2x the rent,Positive references,Self-employed,Excellent,2 months deposit,1
2176,1,Female,35,Black,None stated,German,4x the rent,Prior late payments,Part-time,Fair,1 month deposit,0
2177,1,Non-binary,30,Asian,Physical disability,Canadian,3x the rent,Prior late payments,Part-time,Excellent,3 months deposit,0
2178,1,Female,50,White,Mental health history,Indian,3x the rent,Prior late payments,Self-employed,Excellent,2 months deposit,1
2179,1,Non-binary,30,Asian,Physical disability,German,4x the rent,No prior rental history,Full-time,Excellent,1 month deposit,1
2180,1,Male,40,Black,Physical disability,American,3x the rent,Prior late payments,Full-time,Excellent,3 months deposit,1
2181,1,Male,35,Asian,None stated,Indian,2x the rent,Prior late payments,Full-time,Excellent,1 month deposit,0
2182,1,Non-binary,45,Hispanic,Physical disability,Indian,2x the rent,Positive references,Full-time,Fair,2 months deposit,1
2183,1,Female,40,Hispanic,Mental health history,German,2x the rent,No prior rental history,Part-time,Fair,1 month deposit,0
2184,1,Male,30,Hispanic,Mental health history,American,3x the rent,Positive references,Full-time,Good,2 months deposit,1
2185,1,Non-binary,50,Black,Mental health history,American,4x the rent,No prior rental history,Part-time,Fair,1 month deposit,0
2186,1,Male,30,Black,Mental health history,Indian,3x the rent,Positive references,Self-employed,Good,2 months deposit,1
2187,1,Female,40,Hispanic,Mental health history,German,3x the rent,Positive references,Self-employed,Excellent,1 month deposit,1
2188,1,Female,50,White,Physical disability,Indian,3x the rent,Positive references,Self-employed,Good,1 month deposit,1
2189,1,Male,50,Hispanic,Mental health history,American,2x the rent,Prior late payments,Self-employed,Excellent,3 months deposit,1
2190,1,Female,40,Asian,Physical disability,German,2x the rent,No prior rental history,Self-employed,Excellent,3 months deposit,1
2191,1,Non-binary,55,Black,None stated,American,2x the rent,Prior late payments,Self-employed,Excellent,3 months deposit,1
2192,1,Non-binary,55,Black,Mental health history,American,3x the rent,Prior late payments,Part-time,Excellent,2 months deposit,0
2193,1,Female,55,Hispanic,None stated,American,3x the rent,No prior rental history,Part-time,Excellent,1 month deposit,1
2194,1,Female,40,Black,Mental health history,Canadian,4x the rent,Prior late payments,Part-time,Fair,1 month deposit,0
2195,1,Non-binary,30,White,Physical disability,German,3x the rent,Prior late payments,Full-time,Excellent,2 months deposit,1
2196,1,Male,30,Black,Physical disability,German,2x the rent,No prior rental history,Self-employed,Excellent,1 month deposit,1
2197,1,Male,45,Asian,Physical disability,American,4x the rent,No prior rental history,Self-employed,Excellent,1 month deposit,1
2198,1,Female,50,Black,Physical disability,Indian,2x the rent,No prior rental history,Full-time,Fair,1 month deposit,0
2199,1,Male,45,Hispanic,Physical disability,German,2x the rent,Positive references,Part-time,Fair,3 months deposit,1
2200,1,Non-binary,40,Hispanic,Mental health history,Mexican,4x the rent,Positive references,Self-employed,Excellent,2 months deposit,1
2201,1,Non-binary,30,Hispanic,Physical disability,Indian,3x the rent,No prior rental history,Full-time,Fair,1 month deposit,0
2202,1,Female,40,Hispanic,None stated,American,3x the rent,Prior late payments,Full-time,Good,1 month deposit,0
2203,1,Female,35,White,None stated,American,2x the rent,Prior late payments,Self-employed,Fair,2 months deposit,0
2204,1,Non-binary,45,Black,Physical disability,Canadian,3x the rent,Prior late payments,Part-time,Fair,2 months deposit,1
2205,1,Female,35,White,Mental health history,Indian,3x the rent,No prior rental history,Full-time,Good,2 months deposit,1
2206,1,Female,30,Asian,Physical disability,German,2x the rent,No prior rental history,Self-employed,Good,1 month deposit,1
2207,1,Non-binary,40,Black,Mental health history,Indian,4x the rent,Prior late payments,Part-time,Excellent,3 months deposit,0
2208,1,Non-binary,45,Hispanic,Mental health history,Canadian,4x the rent,No prior rental history,Self-employed,Fair,3 months deposit,1
2209,1,Female,40,Black,Physical disability,Canadian,4x the rent,No prior rental history,Self-employed,Excellent,2 months deposit,1
2210,1,Non-binary,30,Asian,None stated,American,3x the rent,No prior rental history,Self-employed,Fair,2 months deposit,1
2211,1,Non-binary,40,Black,Mental health history,Canadian,2x the rent,Positive references,Self-employed,Excellent,1 month deposit,1
2212,1,Non-binary,40,Asian,None stated,American,2x the rent,Prior late payments,Part-time,Fair,1 month deposit,0
2213,1,Male,30,White,Physical disability,American,3x the rent,Prior late payments,Part-time,Excellent,1 month deposit,0
2214,1,Female,50,Asian,None stated,American,4x the rent,Prior late payments,Self-employed,Fair,2 months deposit,0
2215,1,Non-binary,45,White,None stated,American,3x the rent,No prior rental history,Full-time,Excellent,1 month deposit,1
2216,1,Non-binary,30,White,Physical disability,German,2x the rent,Prior late payments,Full-time,Fair,1 month deposit,0
2217,1,Female,35,White,Physical disability,German,3x the rent,Positive references,Part-time,Excellent,3 months deposit,1
2218,1,Male,50,Asian,None stated,Canadian,3x the rent,No prior rental history,Self-employed,Fair,2 months deposit,1
2219,1,Female,55,Hispanic,Physical disability,American,3x the rent,Prior late payments,Part-time,Good,1 month deposit,0
2220,1,Non-binary,30,Black,Physical disability,German,2x the rent,Positive references,Part-time,Good,2 months deposit,1
2221,1,Non-binary,30,Hispanic,Mental health history,Mexican,3x the rent,Positive references,Part-time,Good,1 month deposit,1
2222,1,Female,55,White,None stated,Canadian,2x the rent,Prior late payments,Self-employed,Fair,3 months deposit,0
2223,1,Female,50,Asian,Physical disability,German,4x the rent,No prior rental history,Self-employed,Fair,1 month deposit,1
2224,1,Non-binary,35,White,Physical disability,Indian,2x the rent,Prior late payments,Full-time,Fair,2 months deposit,0
2225,1,Female,45,Asian,Physical disability,Canadian,4x the rent,Positive references,Self-employed,Excellent,2 months deposit,1
2226,1,Female,30,White,Physical disability,American,2x the rent,Prior late payments,Self-employed,Excellent,2 months deposit,0
2227,1,Female,50,Hispanic,None stated,Indian,4x the rent,No prior rental history,Self-employed,Good,3 months deposit,1
2228,1,Female,35,Black,Mental health history,Mexican,4x the rent,Prior late payments,Self-employed,Good,3 months deposit,0
2229,1,Non-binary,40,Hispanic,None stated,Indian,3x the rent,Prior late payments,Full-time,Fair,3 months deposit,0
2230,1,Non-binary,40,Asian,Mental health history,American,2x the rent,Positive references,Self-employed,Good,2 months deposit,1
2231,1,Non-binary,55,Black,None stated,Canadian,2x the rent,No prior rental history,Full-time,Fair,3 months deposit,1
2232,1,Male,40,Black,None stated,German,2x the rent,Prior late payments,Part-time,Good,3 months deposit,0
2233,1,Male,55,Hispanic,Physical disability,Indian,4x the rent,Prior late payments,Full-time,Good,2 months deposit,0
2234,1,Female,55,Hispanic,None stated,German,2x the rent,Positive references,Part-time,Good,1 month deposit,1
2235,1,Non-binary,40,Black,None stated,Mexican,4x the rent,No prior rental history,Self-employed,Excellent,2 months deposit,1
2236,1,Male,35,White,Physical disability,Indian,2x the rent,No prior rental history,Self-employed,Excellent,1 month deposit,1
2237,1,Male,30,Black,Mental health history,Mexican,3x the rent,No prior rental history,Full-time,Good,1 month deposit,0
2238,1,Non-binary,35,Hispanic,Mental health history,Mexican,3x the rent,No prior rental history,Self-employed,Fair,2 months deposit,0
2239,1,Male,30,White,Physical disability,German,2x the rent,Prior late payments,Part-time,Excellent,3 months deposit,0
2240,1,Female,30,Hispanic,None stated,Indian,3x the rent,No prior rental history,Full-time,Excellent,2 months deposit,1
2241,1,Male,35,Black,None stated,Mexican,4x the rent,No prior rental history,Part-time,Good,1 month deposit,1
2242,1,Male,40,Hispanic,Physical disability,Indian,4x the rent,No prior rental history,Self-employed,Excellent,3 months deposit,1
2243,1,Non-binary,50,White,Mental health history,Mexican,2x the rent,Positive references,Self-employed,Good,3 months deposit,1
2244,1,Male,30,Asian,Physical disability,Indian,3x the rent,Positive references,Part-time,Excellent,2 months deposit,1
2245,1,Non-binary,50,Asian,Mental health history,Mexican,3x the rent,No prior rental history,Self-employed,Excellent,1 month deposit,1
2246,1,Female,50,White,Physical disability,American,2x the rent,Positive references,Full-time,Good,2 months deposit,1
2247,1,Male,55,Black,Physical disability,Mexican,2x the rent,Positive references,Self-employed,Excellent,2 months deposit,1
2248,1,Male,55,Hispanic,Mental health history,American,3x the rent,Positive references,Self-employed,Good,2 months deposit,1
2249,1,Female,35,White,None stated,German,3x the rent,Prior late payments,Self-employed,Excellent,3 months deposit,0
2250,1,Male,30,Asian,Mental health history,German,2x the rent,No prior rental history,Full-time,Excellent,2 months deposit,1
2251,1,Non-binary,50,Black,None stated,Indian,2x the rent,Positive references,Part-time,Good,2 months deposit,1
2252,1,Non-binary,40,White,Mental health history,Indian,3x the rent,Prior late payments,Self-employed,Fair,2 months deposit,0
2253,1,Male,45,Asian,Physical disability,Canadian,4x the rent,Positive references,Part-time,Excellent,3 months deposit,1
2254,1,Female,50,White,Physical disability,American,3x the rent,Prior late payments,Full-time,Fair,3 months deposit,0
2255,1,Non-binary,40,White,Mental health history,Canadian,4x the rent,Prior late payments,Full-time,Good,2 months deposit,1
2256,1,Male,55,White,None stated,American,3x the rent,Prior late payments,Self-employed,Excellent,1 month deposit,1
2257,1,Male,55,Black,None stated,American,3x the rent,No prior rental history,Full-time,Fair,2 months deposit,1
2258,1,Female,35,Asian,Physical disability,Canadian,4x the rent,No prior rental history,Full-time,Good,1 month deposit,1
2259,1,Male,45,White,Mental health history,German,2x the rent,Prior late payments,Full-time,Good,1 month deposit,1
2260,1,Male,35,Hispanic,None stated,American,3x the rent,Prior late payments,Self-employed,Excellent,1 month deposit,1
2261,1,Female,50,Black,Mental health history,Indian,4x the rent,Prior late payments,Self-employed,Excellent,3 months deposit,0
2262,1,Female,50,Black,Mental health history,Mexican,2x the rent,Prior late payments,Self-employed,Fair,3 months deposit,0
2263,1,Male,35,Hispanic,None stated,Canadian,2x the rent,Prior late payments,Part-time,Excellent,1 month deposit,0
2264,1,Female,30,Black,None stated,Indian,4x the rent,Positive references,Full-time,Fair,2 months deposit,1
2265,1,Female,40,Black,Physical disability,German,3x the rent,Prior late payments,Self-employed,Excellent,1 month deposit,0
2266,1,Female,30,Asian,None stated,German,3x the rent,Prior late payments,Part-time,Fair,1 month deposit,0
2267,1,Male,50,Hispanic,None stated,American,4x the rent,No prior rental history,Part-time,Fair,3 months deposit,0
2268,1,Male,35,Black,Physical disability,American,4x the rent,Prior late payments,Full-time,Excellent,2 months deposit,1
2269,1,Non-binary,50,Hispanic,Physical disability,German,3x the rent,No prior rental history,Part-time,Good,1 month deposit,1
2270,1,Female,40,Black,Physical disability,Indian,4x the rent,No prior rental history,Full-time,Good,1 month deposit,1
2271,1,Female,50,Hispanic,Mental health history,Canadian,2x the rent,Prior late payments,Full-time,Fair,1 month deposit,0
2272,1,Male,45,Asian,None stated,Indian,3x the rent,Prior late payments,Part-time,Excellent,3 months deposit,1
2273,1,Non-binary,30,Hispanic,Mental health history,American,3x the rent,Positive references,Self-employed,Fair,2 months deposit,1
2274,1,Male,40,Black,Mental health history,Indian,4x the rent,Prior late payments,Full-time,Fair,3 months deposit,0
2275,1,Non-binary,45,White,Mental health history,Mexican,3x the rent,Prior late payments,Part-time,Fair,3 months deposit,0
2276,1,Non-binary,35,Hispanic,None stated,German,2x the rent,Prior late payments,Self-employed,Fair,1 month deposit,0
2277,1,Non-binary,50,Asian,None stated,American,2x the rent,Positive references,Full-time,Good,2 months deposit,1
2278,1,Non-binary,50,Hispanic,Mental health history,Canadian,3x the rent,Prior late payments,Full-time,Fair,1 month deposit,1
2279,1,Non-binary,40,Asian,Physical disability,Mexican,4x the rent,No prior rental history,Full-time,Excellent,1 month deposit,1
2280,1,Male,35,White,Physical disability,Indian,3x the rent,No prior rental history,Part-time,Excellent,3 months deposit,1
2281,1,Female,55,Asian,None stated,German,2x the rent,No prior rental history,Full-time,Excellent,1 month deposit,1
2282,1,Non-binary,40,White,None stated,German,2x the rent,No prior rental history,Self-employed,Fair,1 month deposit,1
2283,1,Non-binary,35,White,None stated,American,4x the rent,No prior rental history,Full-time,Excellent,1 month deposit,1
2284,1,Female,45,Black,Mental health history,American,4x the rent,Positive references,Self-employed,Excellent,1 month deposit,1
2285,1,Female,35,Asian,None stated,Canadian,2x the rent,No prior rental history,Part-time,Excellent,2 months deposit,1
2286,1,Non-binary,35,Hispanic,Mental health history,German,3x the rent,Prior late payments,Full-time,Fair,3 months deposit,0
2287,1,Non-binary,50,Hispanic,None stated,Canadian,4x the rent,No prior rental history,Full-time,Good,2 months deposit,1
2288,1,Female,30,Hispanic,Mental health history,Mexican,3x the rent,Prior late payments,Full-time,Excellent,2 months deposit,0
2289,1,Male,45,Hispanic,Physical disability,American,4x the rent,No prior rental history,Full-time,Good,2 months deposit,1
2290,1,Male,45,Black,None stated,American,3x the rent,Prior late payments,Full-time,Good,2 months deposit,1
2291,1,Male,45,Hispanic,Mental health history,Canadian,2x the rent,No prior rental history,Full-time,Good,3 months deposit,1
2292,1,Non-binary,40,Asian,None stated,Indian,4x the rent,No prior rental history,Full-time,Fair,2 months deposit,0
2293,1,Male,45,Asian,None stated,American,2x the rent,Prior late payments,Self-employed,Excellent,1 month deposit,1
2294,1,Male,55,Asian,Physical disability,Indian,3x the rent,No prior rental history,Part-time,Good,3 months deposit,1
2295,1,Non-binary,55,White,Mental health history,Mexican,2x the rent,Positive references,Full-time,Fair,1 month deposit,1
2296,1,Non-binary,50,Hispanic,Physical disability,Indian,4x the rent,Positive references,Self-employed,Fair,3 months deposit,1
2297,1,Non-binary,55,Asian,None stated,German,4x the rent,Positive references,Self-employed,Fair,2 months deposit,1
2298,1,Female,50,Black,Physical disability,American,2x the rent,No prior rental history,Self-employed,Good,2 months deposit,1
2299,1,Female,55,Asian,Mental health history,Indian,4x the rent,Positive references,Self-employed,Fair,3 months deposit,1
2300,1,Male,55,Black,Mental health history,Canadian,3x the rent,Positive references,Self-employed,Fair,1 month deposit,1
2301,1,Male,40,White,None stated,Mexican,2x the rent,Prior late payments,Self-employed,Excellent,2 months deposit,0
2302,1,Female,55,Hispanic,Mental health history,Mexican,4x the rent,Prior late payments,Self-employed,Fair,1 month deposit,0
2303,1,Non-binary,55,Hispanic,None stated,Canadian,4x the rent,No prior rental history,Full-time,Good,3 months deposit,1
2304,1,Non-binary,50,Black,None stated,Mexican,2x the rent,Prior late payments,Self-employed,Good,3 months deposit,1
2305,1,Male,45,Hispanic,Mental health history,German,3x the rent,Prior late payments,Part-time,Excellent,2 months deposit,0
2306,1,Non-binary,50,White,None stated,German,4x the rent,Positive references,Self-employed,Good,2 months deposit,1
2307,1,Female,40,Black,None stated,Canadian,2x the rent,No prior rental history,Self-employed,Good,1 month deposit,1
2308,1,Male,40,Black,Physical disability,German,4x the rent,Positive references,Part-time,Fair,1 month deposit,1
2309,1,Male,50,White,Mental health history,Canadian,4x the rent,Prior late payments,Self-employed,Fair,2 months deposit,1
2310,1,Female,55,Black,Physical disability,Mexican,2x the rent,No prior rental history,Part-time,Good,3 months deposit,1
2311,1,Female,50,Black,Physical disability,American,3x the rent,No prior rental history,Self-employed,Excellent,3 months deposit,1
2312,1,Non-binary,55,Asian,Physical disability,American,4x the rent,Positive references,Self-employed,Good,3 months deposit,1
2313,1,Non-binary,35,Black,Physical disability,German,3x the rent,Prior late payments,Part-time,Excellent,1 month deposit,0
2314,1,Male,40,Hispanic,Physical disability,Mexican,4x the rent,Prior late payments,Self-employed,Excellent,1 month deposit,0
2315,1,Non-binary,50,Hispanic,Mental health history,German,3x the rent,No prior rental history,Full-time,Fair,1 month deposit,1
2316,1,Female,45,Black,Physical disability,German,2x the rent,No prior rental history,Full-time,Excellent,3 months deposit,1
2317,1,Male,40,White,Mental health history,Canadian,3x the rent,No prior rental history,Full-time,Excellent,3 months deposit,1
2318,1,Non-binary,30,Black,Mental health history,German,3x the rent,Prior late payments,Self-employed,Fair,3 months deposit,0
2319,1,Female,40,Hispanic,Mental health history,American,3x the rent,No prior rental history,Part-time,Good,3 months deposit,1
2320,1,Non-binary,30,Hispanic,Mental health history,German,4x the rent,Prior late payments,Full-time,Fair,1 month deposit,0
2321,1,Non-binary,45,White,Physical disability,Canadian,4x the rent,No prior rental history,Full-time,Fair,3 months deposit,0
2322,1,Non-binary,30,Hispanic,None stated,Canadian,4x the rent,Positive references,Part-time,Excellent,3 months deposit,1
2323,1,Female,50,Asian,Physical disability,Canadian,4x the rent,Prior late payments,Part-time,Excellent,2 months deposit,0
2324,1,Non-binary,55,Asian,Physical disability,Canadian,3x the rent,No prior rental history,Full-time,Good,3 months deposit,1
2325,1,Non-binary,50,Hispanic,Mental health history,Mexican,3x the rent,Prior late payments,Part-time,Good,1 month deposit,0
2326,1,Male,55,Asian,Physical disability,Indian,3x the rent,Positive references,Full-time,Good,2 months deposit,1
2327,1,Non-binary,50,White,Physical disability,Mexican,2x the rent,Positive references,Self-employed,Excellent,3 months deposit,1
2328,1,Non-binary,35,White,Physical disability,German,3x the rent,Positive references,Part-time,Good,2 months deposit,1
2329,1,Non-binary,55,Asian,Physical disability,Indian,2x the rent,No prior rental history,Part-time,Excellent,3 months deposit,1
2330,1,Female,40,Asian,Physical disability,American,3x the rent,No prior rental history,Part-time,Good,3 months deposit,1
2331,1,Female,55,Black,None stated,German,4x the rent,Positive references,Full-time,Good,1 month deposit,1
2332,1,Male,55,White,Mental health history,Indian,3x the rent,No prior rental history,Part-time,Excellent,1 month deposit,1
2333,1,Non-binary,50,Black,Mental health history,German,2x the rent,No prior rental history,Self-employed,Fair,1 month deposit,1
2334,1,Female,45,Black,Physical disability,Indian,3x the rent,Positive references,Self-employed,Fair,1 month deposit,1
2335,1,Female,55,Asian,Physical disability,American,2x the rent,Prior late payments,Full-time,Excellent,2 months deposit,1
2336,1,Female,45,Asian,Physical disability,Mexican,3x the rent,Prior late payments,Self-employed,Fair,1 month deposit,0
2337,1,Male,55,Hispanic,None stated,Mexican,4x the rent,No prior rental history,Part-time,Fair,3 months deposit,0
2338,1,Male,45,Asian,Physical disability,American,3x the rent,Positive references,Part-time,Excellent,1 month deposit,1
2339,1,Non-binary,30,White,Physical disability,American,4x the rent,Prior late payments,Part-time,Good,3 months deposit,0
2340,1,Non-binary,55,White,Physical disability,Canadian,3x the rent,Positive references,Full-time,Fair,2 months deposit,1
2341,1,Female,30,Asian,Mental health history,Indian,4x the rent,Prior late payments,Part-time,Excellent,3 months deposit,1
2342,1,Male,40,White,None stated,Indian,4x the rent,No prior rental history,Part-time,Fair,2 months deposit,0
2343,1,Male,50,White,None stated,American,4x the rent,Positive references,Self-employed,Excellent,3 months deposit,1
2344,1,Male,45,Black,None stated,American,2x the rent,Positive references,Full-time,Good,2 months deposit,1
2345,1,Male,40,Black,Mental health history,German,3x the rent,Positive references,Full-time,Good,1 month deposit,1
2346,1,Female,55,Asian,Physical disability,Indian,3x the rent,No prior rental history,Self-employed,Good,3 months deposit,1
2347,1,Non-binary,50,Hispanic,Physical disability,Canadian,2x the rent,Prior late payments,Self-employed,Fair,1 month deposit,1
2348,1,Female,50,Asian,None stated,Indian,3x the rent,No prior rental history,Part-time,Fair,3 months deposit,0
2349,1,Non-binary,55,Black,None stated,Canadian,2x the rent,Prior late payments,Part-time,Fair,3 months deposit,0
2350,1,Female,50,Asian,Mental health history,Mexican,4x the rent,No prior rental history,Part-time,Excellent,3 months deposit,1
2351,1,Non-binary,30,Black,Physical disability,Indian,4x the rent,No prior rental history,Self-employed,Excellent,2 months deposit,1
2352,1,Non-binary,30,Black,None stated,Mexican,3x the rent,Prior late payments,Part-time,Good,3 months deposit,0
2353,1,Male,30,Hispanic,None stated,Canadian,2x the rent,Prior late payments,Part-time,Excellent,3 months deposit,0
2354,1,Male,50,Asian,None stated,American,2x the rent,Positive references,Full-time,Excellent,1 month deposit,1
2355,1,Female,50,White,None stated,American,4x the rent,Prior late payments,Full-time,Excellent,1 month deposit,1
2356,1,Non-binary,30,Black,Mental health history,Canadian,4x the rent,No prior rental history,Full-time,Excellent,2 months deposit,1
2357,1,Male,35,Asian,None stated,German,4x the rent,No prior rental history,Part-time,Good,2 months deposit,1
2358,1,Non-binary,50,Hispanic,Mental health history,American,4x the rent,Positive references,Part-time,Good,2 months deposit,1
2359,1,Female,40,Black,None stated,American,2x the rent,Positive references,Full-time,Fair,1 month deposit,1
2360,1,Male,40,White,Mental health history,Indian,4x the rent,Prior late payments,Full-time,Excellent,2 months deposit,1
2361,1,Non-binary,45,Hispanic,None stated,Indian,2x the rent,Positive references,Part-time,Good,1 month deposit,1
2362,1,Non-binary,55,White,Mental health history,Indian,2x the rent,Prior late payments,Part-time,Excellent,1 month deposit,0
2363,1,Male,55,Hispanic,Mental health history,Indian,3x the rent,Prior late payments,Part-time,Good,2 months deposit,0
2364,1,Female,50,White,Mental health history,Mexican,2x the rent,Prior late payments,Part-time,Excellent,2 months deposit,0
2365,1,Male,35,Asian,Physical disability,Mexican,3x the rent,Prior late payments,Full-time,Fair,1 month deposit,0
2366,1,Female,50,Black,Physical disability,German,2x the rent,Prior late payments,Full-time,Excellent,2 months deposit,1
2367,1,Non-binary,40,Asian,Physical disability,Mexican,4x the rent,Positive references,Full-time,Excellent,2 months deposit,1
2368,1,Non-binary,30,Black,Mental health history,German,4x the rent,No prior rental history,Part-time,Excellent,3 months deposit,0
2369,1,Female,35,Hispanic,None stated,Mexican,3x the rent,No prior rental history,Self-employed,Excellent,3 months deposit,1
2370,1,Non-binary,50,Black,Physical disability,Indian,2x the rent,Positive references,Self-employed,Good,2 months deposit,1
2371,1,Female,35,Black,Mental health history,Canadian,3x the rent,Prior late payments,Part-time,Fair,2 months deposit,0
2372,1,Non-binary,50,White,None stated,Mexican,4x the rent,Positive references,Self-employed,Fair,2 months deposit,1
2373,1,Female,55,Black,Mental health history,Mexican,2x the rent,Positive references,Part-time,Good,2 months deposit,1
2374,1,Female,30,Black,None stated,Indian,4x the rent,No prior rental history,Self-employed,Excellent,2 months deposit,1
2375,1,Female,30,Black,None stated,Canadian,4x the rent,Positive references,Self-employed,Good,2 months deposit,1
2376,1,Female,40,White,None stated,Canadian,4x the rent,Positive references,Self-employed,Excellent,2 months deposit,1
2377,1,Male,30,Asian,Mental health history,Canadian,4x the rent,Positive references,Self-employed,Good,1 month deposit,1
2378,1,Non-binary,55,Hispanic,Physical disability,Mexican,2x the rent,No prior rental history,Full-time,Excellent,2 months deposit,1
2379,1,Non-binary,55,Hispanic,Physical disability,German,4x the rent,Prior late payments,Full-time,Fair,1 month deposit,0
2380,1,Non-binary,30,Asian,Mental health history,German,2x the rent,Positive references,Part-time,Excellent,3 months deposit,1
2381,1,Female,30,Hispanic,Physical disability,Canadian,2x the rent,Positive references,Self-employed,Good,2 months deposit,1
2382,1,Female,45,White,None stated,Canadian,4x the rent,Prior late payments,Self-employed,Fair,1 month deposit,0
2383,1,Non-binary,45,White,None stated,American,3x the rent,Positive references,Part-time,Fair,2 months deposit,1
2384,1,Non-binary,30,Hispanic,Physical disability,American,2x the rent,Positive references,Full-time,Fair,3 months deposit,1
2385,1,Female,50,White,None stated,Indian,3x the rent,Prior late payments,Full-time,Fair,1 month deposit,0
2386,1,Female,40,Black,None stated,Canadian,3x the rent,Prior late payments,Full-time,Excellent,2 months deposit,0
2387,1,Male,50,Black,None stated,American,4x the rent,Prior late payments,Full-time,Excellent,2 months deposit,0
2388,1,Non-binary,50,White,None stated,Indian,3x the rent,No prior rental history,Self-employed,Fair,3 months deposit,1
2389,1,Non-binary,45,Black,Physical disability,Canadian,2x the rent,Positive references,Part-time,Fair,1 month deposit,1
2390,1,Male,50,Black,Physical disability,Canadian,2x the rent,No prior rental history,Full-time,Fair,2 months deposit,0
2391,1,Male,45,Hispanic,None stated,American,4x the rent,Positive references,Part-time,Good,2 months deposit,1
2392,1,Female,45,Asian,Physical disability,Mexican,3x the rent,No prior rental history,Part-time,Fair,2 months deposit,0
2393,1,Non-binary,40,Black,None stated,Canadian,2x the rent,No prior rental history,Self-employed,Good,3 months deposit,1
2394,1,Female,55,White,None stated,German,3x the rent,Prior late payments,Full-time,Fair,1 month deposit,0
2395,1,Male,50,Black,None stated,Indian,3x the rent,Prior late payments,Part-time,Excellent,1 month deposit,0
2396,1,Female,45,Hispanic,None stated,Indian,3x the rent,Prior late payments,Self-employed,Fair,3 months deposit,0
2397,1,Female,45,Black,None stated,Indian,2x the rent,No prior rental history,Self-employed,Good,2 months deposit,1
2398,1,Non-binary,55,White,Physical disability,Indian,3x the rent,No prior rental history,Self-employed,Excellent,1 month deposit,1
2399,1,Male,50,Hispanic,Physical disability,American,2x the rent,Positive references,Self-employed,Excellent,3 months deposit,1
2400,1,Male,40,Hispanic,None stated,Indian,3x the rent,Positive references,Self-employed,Fair,1 month deposit,1
2401,1,Female,40,White,None stated,American,4x the rent,Prior late payments,Self-employed,Excellent,3 months deposit,0
2402,1,Male,45,Hispanic,Mental health history,American,3x the rent,Prior late payments,Part-time,Good,2 months deposit,0
2403,1,Non-binary,55,Asian,Physical disability,German,4x the rent,Positive references,Full-time,Fair,2 months deposit,1
2404,1,Female,35,Asian,Physical disability,German,2x the rent,Positive references,Self-employed,Fair,2 months deposit,1
2405,1,Female,55,White,None stated,Canadian,2x the rent,Prior late payments,Part-time,Excellent,1 month deposit,0
2406,1,Non-binary,30,Black,Physical disability,German,4x the rent,Positive references,Self-employed,Excellent,1 month deposit,1
2407,1,Female,40,Hispanic,None stated,Mexican,4x the rent,Positive references,Part-time,Good,2 months deposit,1
2408,1,Female,35,White,None stated,Mexican,3x the rent,Prior late payments,Part-time,Good,3 months deposit,0
2409,1,Non-binary,45,White,None stated,Mexican,4x the rent,No prior rental history,Part-time,Good,2 months deposit,0
2410,1,Non-binary,40,Black,Mental health history,Mexican,2x the rent,Prior late payments,Part-time,Good,2 months deposit,0
2411,1,Male,50,Black,Mental health history,Mexican,2x the rent,Positive references,Part-time,Good,1 month deposit,1
2412,1,Non-binary,55,Black,Mental health history,American,2x the rent,Prior late payments,Part-time,Good,1 month deposit,0
2413,1,Female,40,Hispanic,Physical disability,German,4x the rent,No prior rental history,Part-time,Good,3 months deposit,1
2414,1,Female,45,Black,Physical disability,German,4x the rent,Prior late payments,Self-employed,Fair,1 month deposit,0
2415,1,Male,30,Asian,Physical disability,Canadian,2x the rent,Prior late payments,Self-employed,Excellent,3 months deposit,0
2416,1,Male,30,White,None stated,German,3x the rent,No prior rental history,Part-time,Fair,3 months deposit,0
2417,1,Non-binary,50,Hispanic,None stated,German,2x the rent,Positive references,Self-employed,Fair,1 month deposit,1
2418,1,Male,30,Black,Mental health history,American,2x the rent,Prior late payments,Full-time,Excellent,2 months deposit,0
2419,1,Male,35,Hispanic,None stated,German,3x the rent,No prior rental history,Full-time,Fair,3 months deposit,1
2420,1,Male,45,Asian,None stated,Indian,3x the rent,Prior late payments,Self-employed,Excellent,1 month deposit,0
2421,1,Non-binary,35,White,Mental health history,Mexican,4x the rent,Prior late payments,Part-time,Fair,1 month deposit,0
2422,1,Non-binary,40,Hispanic,Physical disability,Indian,3x the rent,Positive references,Part-time,Excellent,3 months deposit,1
2423,1,Female,45,White,Physical disability,American,4x the rent,Positive references,Part-time,Good,3 months deposit,1
2424,1,Female,40,Black,None stated,Indian,3x the rent,No prior rental history,Self-employed,Fair,1 month deposit,0
2425,1,Non-binary,35,Black,Physical disability,Canadian,2x the rent,Positive references,Part-time,Excellent,3 months deposit,1
2426,1,Non-binary,55,Asian,None stated,Indian,3x the rent,Prior late payments,Self-employed,Fair,2 months deposit,1
2427,1,Male,50,Asian,Physical disability,Mexican,3x the rent,Prior late payments,Full-time,Good,2 months deposit,1
2428,1,Female,35,White,Physical disability,German,4x the rent,Prior late payments,Self-employed,Fair,2 months deposit,0
2429,1,Female,45,Asian,Physical disability,Mexican,2x the rent,Positive references,Part-time,Good,1 month deposit,1
2430,1,Male,50,White,None stated,Indian,3x the rent,No prior rental history,Self-employed,Excellent,3 months deposit,1
2431,1,Male,45,Asian,None stated,German,3x the rent,Prior late payments,Part-time,Fair,2 months deposit,0
2432,1,Male,30,White,Physical disability,German,3x the rent,Positive references,Self-employed,Excellent,2 months deposit,1
2433,1,Male,40,Asian,Mental health history,German,2x the rent,Prior late payments,Full-time,Fair,3 months deposit,1
2434,1,Male,35,White,Mental health history,Mexican,4x the rent,Prior late payments,Self-employed,Excellent,1 month deposit,0
2435,1,Male,45,Asian,None stated,Mexican,4x the rent,Prior late payments,Self-employed,Good,2 months deposit,1
2436,1,Female,55,White,Physical disability,Canadian,4x the rent,Positive references,Self-employed,Fair,1 month deposit,1
2437,1,Non-binary,55,Black,None stated,American,3x the rent,No prior rental history,Full-time,Good,2 months deposit,1
2438,1,Non-binary,55,Black,Mental health history,Canadian,4x the rent,No prior rental history,Self-employed,Good,2 months deposit,1
2439,1,Male,50,Hispanic,Physical disability,Indian,2x the rent,Positive references,Full-time,Good,1 month deposit,1
2440,1,Non-binary,50,White,Physical disability,Mexican,4x the rent,No prior rental history,Part-time,Good,1 month deposit,1
2441,1,Female,30,Black,Physical disability,Canadian,4x the rent,No prior rental history,Self-employed,Good,3 months deposit,1
2442,1,Non-binary,55,Hispanic,Physical disability,Mexican,3x the rent,Prior late payments,Full-time,Fair,2 months deposit,0
2443,1,Female,30,Hispanic,None stated,Mexican,2x the rent,Positive references,Part-time,Excellent,2 months deposit,1
2444,1,Female,50,Asian,Mental health history,American,2x the rent,Positive references,Part-time,Fair,2 months deposit,1
2445,1,Non-binary,35,Hispanic,Physical disability,Mexican,3x the rent,Positive references,Part-time,Good,1 month deposit,1
2446,1,Non-binary,50,Black,Physical disability,American,4x the rent,No prior rental history,Part-time,Excellent,2 months deposit,1
2447,1,Male,30,Asian,Mental health history,Canadian,4x the rent,Prior late payments,Full-time,Good,3 months deposit,0
2448,1,Male,50,Hispanic,None stated,German,3x the rent,No prior rental history,Full-time,Good,1 month deposit,1
2449,1,Male,45,Hispanic,None stated,Canadian,2x the rent,No prior rental history,Full-time,Fair,1 month deposit,1
2450,1,Non-binary,50,Hispanic,None stated,Mexican,2x the rent,No prior rental history,Part-time,Fair,2 months deposit,0
2451,1,Male,55,White,Physical disability,Mexican,2x the rent,Positive references,Self-employed,Excellent,2 months deposit,1
2452,1,Female,45,Hispanic,Mental health history,American,4x the rent,Positive references,Full-time,Good,1 month deposit,1
2453,1,Female,55,Black,Physical disability,Canadian,2x the rent,No prior rental history,Full-time,Good,1 month deposit,1
2454,1,Male,35,Hispanic,Mental health history,American,3x the rent,Positive references,Full-time,Fair,2 months deposit,1
2455,1,Male,50,Hispanic,None stated,American,3x the rent,No prior rental history,Part-time,Excellent,1 month deposit,1
2456,1,Female,35,Black,None stated,Canadian,3x the rent,Positive references,Full-time,Fair,2 months deposit,1
2457,1,Non-binary,50,Asian,None stated,Mexican,3x the rent,Prior late payments,Full-time,Excellent,3 months deposit,0
2458,1,Male,50,Black,Physical disability,German,4x the rent,Prior late payments,Part-time,Fair,2 months deposit,0
2459,1,Male,30,Black,Mental health history,Canadian,3x the rent,Positive references,Full-time,Fair,3 months deposit,1
2460,1,Male,40,Black,None stated,Canadian,4x the rent,Prior late payments,Part-time,Good,2 months deposit,0
2461,1,Non-binary,30,Asian,Mental health history,Canadian,3x the rent,No prior rental history,Full-time,Good,2 months deposit,1
2462,1,Female,50,White,Mental health history,Indian,2x the rent,No prior rental history,Full-time,Good,2 months deposit,0
2463,1,Male,45,Black,None stated,American,4x the rent,Positive references,Part-time,Fair,2 months deposit,1
2464,1,Non-binary,40,Asian,Mental health history,Mexican,2x the rent,Prior late payments,Full-time,Excellent,3 months deposit,0
2465,1,Male,45,Black,Mental health history,German,3x the rent,Prior late payments,Self-employed,Fair,3 months deposit,0
2466,1,Female,40,Hispanic,None stated,Indian,4x the rent,No prior rental history,Full-time,Good,1 month deposit,1
2467,1,Non-binary,30,Asian,Mental health history,Mexican,2x the rent,No prior rental history,Part-time,Excellent,1 month deposit,1
2468,1,Non-binary,45,White,Physical disability,American,3x the rent,No prior rental history,Self-employed,Good,3 months deposit,1
2469,1,Female,35,White,Mental health history,Indian,2x the rent,No prior rental history,Full-time,Good,3 months deposit,1
2470,1,Male,40,Black,None stated,Mexican,4x the rent,Prior late payments,Self-employed,Excellent,2 months deposit,0
2471,1,Male,35,Asian,Physical disability,Mexican,2x the rent,Prior late payments,Self-employed,Excellent,1 month deposit,1
2472,1,Male,30,Asian,Mental health history,German,3x the rent,Prior late payments,Self-employed,Fair,3 months deposit,0
2473,1,Male,40,Asian,Mental health history,German,3x the rent,No prior rental history,Part-time,Good,1 month deposit,0
2474,1,Non-binary,45,Asian,Physical disability,Mexican,2x the rent,Prior late payments,Self-employed,Fair,3 months deposit,1
2475,1,Female,30,White,Mental health history,American,2x the rent,No prior rental history,Full-time,Good,3 months deposit,1
2476,1,Non-binary,55,White,Mental health history,Indian,2x the rent,No prior rental history,Part-time,Good,2 months deposit,0
2477,1,Non-binary,45,Hispanic,None stated,German,2x the rent,Positive references,Part-time,Excellent,1 month deposit,1
2478,1,Male,35,Hispanic,Mental health history,American,2x the rent,Prior late payments,Full-time,Excellent,2 months deposit,0
2479,1,Male,55,Hispanic,None stated,Canadian,4x the rent,Positive references,Part-time,Fair,3 months deposit,1
2480,1,Female,55,White,Physical disability,Indian,4x the rent,Prior late payments,Full-time,Good,2 months deposit,1
2481,1,Non-binary,40,White,Mental health history,Indian,3x the rent,Prior late payments,Part-time,Good,2 months deposit,0
2482,1,Female,55,White,None stated,German,3x the rent,Positive references,Full-time,Excellent,3 months deposit,1
2483,1,Male,40,Asian,Mental health history,Mexican,4x the rent,Positive references,Part-time,Fair,2 months deposit,1
2484,1,Female,35,Asian,Mental health history,Indian,4x the rent,No prior rental history,Full-time,Excellent,2 months deposit,1
2485,1,Non-binary,30,Hispanic,None stated,German,4x the rent,Prior late payments,Self-employed,Excellent,2 months deposit,1
2486,1,Female,40,Black,None stated,Mexican,4x the rent,Positive references,Part-time,Fair,1 month deposit,1
2487,1,Female,40,Black,Physical disability,Canadian,2x the rent,No prior rental history,Part-time,Fair,2 months deposit,1
2488,1,Female,35,Black,Mental health history,German,3x the rent,Prior late payments,Self-employed,Good,3 months deposit,1
2489,1,Non-binary,35,White,Physical disability,Mexican,4x the rent,No prior rental history,Part-time,Excellent,3 months deposit,1
2490,1,Male,30,Black,Mental health history,German,4x the rent,No prior rental history,Full-time,Good,1 month deposit,1
2491,1,Female,35,Hispanic,Mental health history,Indian,2x the rent,Positive references,Full-time,Fair,2 months deposit,1
2492,1,Male,30,Black,Mental health history,American,4x the rent,No prior rental history,Part-time,Good,3 months deposit,0
2493,1,Female,45,White,None stated,American,3x the rent,Prior late payments,Part-time,Good,1 month deposit,0
2494,1,Male,50,Hispanic,Physical disability,Indian,3x the rent,No prior rental history,Part-time,Excellent,2 months deposit,1
2495,1,Non-binary,55,White,Physical disability,Indian,3x the rent,Positive references,Full-time,Excellent,2 months deposit,1
2496,1,Female,30,Black,Mental health history,German,4x the rent,Prior late payments,Full-time,Fair,3 months deposit,0
2497,1,Female,45,Hispanic,Physical disability,American,3x the rent,Prior late payments,Full-time,Fair,3 months deposit,0
2498,1,Female,55,Black,Physical disability,Indian,4x the rent,Prior late payments,Part-time,Excellent,1 month deposit,0
2499,1,Female,35,White,Mental health history,Indian,4x the rent,Prior late payments,Part-time,Good,1 month deposit,0
2500,1,Female,40,Asian,Physical disability,Mexican,2x the rent,Positive references,Full-time,Excellent,2 months deposit,1
2501,1,Non-binary,50,Black,Physical disability,Canadian,3x the rent,No prior rental history,Full-time,Good,2 months deposit,1
2502,1,Male,35,White,None stated,Mexican,3x the rent,Prior late payments,Self-employed,Fair,2 months deposit,0
2503,1,Male,40,Hispanic,Mental health history,American,4x the rent,Positive references,Self-employed,Fair,1 month deposit,1
2504,1,Non-binary,30,White,Physical disability,American,3x the rent,Prior late payments,Full-time,Excellent,2 months deposit,0
2505,1,Male,35,Black,None stated,Canadian,2x the rent,Positive references,Part-time,Fair,3 months deposit,1
2506,1,Female,35,Asian,Mental health history,American,2x the rent,No prior rental history,Self-employed,Fair,1 month deposit,1
2507,1,Non-binary,55,Asian,Physical disability,American,2x the rent,No prior rental history,Self-employed,Fair,3 months deposit,1
2508,1,Male,50,Hispanic,None stated,American,4x the rent,Positive references,Self-employed,Excellent,2 months deposit,1
2509,1,Non-binary,45,Black,Mental health history,Mexican,4x the rent,Prior late payments,Self-employed,Good,3 months deposit,1
2510,1,Non-binary,50,Hispanic,None stated,Indian,3x the rent,Positive references,Self-employed,Good,1 month deposit,1
2511,1,Non-binary,55,Asian,Mental health history,Canadian,2x the rent,Prior late payments,Self-employed,Good,1 month deposit,1
2512,1,Male,35,Hispanic,None stated,Indian,2x the rent,Prior late payments,Self-employed,Excellent,2 months deposit,0
2513,1,Non-binary,45,White,Mental health history,American,3x the rent,Prior late payments,Part-time,Good,3 months deposit,0
2514,1,Non-binary,40,White,Mental health history,American,3x the rent,No prior rental history,Self-employed,Excellent,3 months deposit,0
2515,1,Male,50,Black,Physical disability,American,3x the rent,No prior rental history,Part-time,Good,3 months deposit,0
2516,1,Non-binary,35,Hispanic,Physical disability,Canadian,3x the rent,Prior late payments,Full-time,Excellent,3 months deposit,0
2517,1,Female,30,Asian,None stated,Mexican,2x the rent,Positive references,Part-time,Excellent,2 months deposit,1
2518,1,Male,45,Black,Physical disability,American,2x the rent,Positive references,Full-time,Fair,3 months deposit,1
2519,1,Male,50,Hispanic,None stated,American,2x the rent,Prior late payments,Self-employed,Fair,2 months deposit,0
2520,1,Non-binary,40,Black,Physical disability,Indian,2x the rent,Prior late payments,Self-employed,Excellent,3 months deposit,1
2521,1,Male,50,Black,Mental health history,German,3x the rent,Prior late payments,Self-employed,Fair,3 months deposit,0
2522,1,Non-binary,30,Hispanic,None stated,American,2x the rent,No prior rental history,Part-time,Excellent,3 months deposit,1
2523,1,Non-binary,55,Asian,Mental health history,Indian,2x the rent,No prior rental history,Full-time,Excellent,1 month deposit,1
2524,1,Female,30,Black,None stated,American,4x the rent,Prior late payments,Part-time,Good,1 month deposit,0
2525,1,Female,55,Black,None stated,German,3x the rent,Prior late payments,Self-employed,Good,3 months deposit,1
2526,1,Male,55,Hispanic,Physical disability,Mexican,2x the rent,No prior rental history,Part-time,Good,1 month deposit,1
2527,1,Non-binary,50,Black,Physical disability,American,4x the rent,Positive references,Self-employed,Excellent,1 month deposit,1
2528,1,Non-binary,40,Hispanic,Mental health history,Mexican,3x the rent,Prior late payments,Full-time,Excellent,3 months deposit,0
2529,1,Male,45,Black,Physical disability,Mexican,2x the rent,Positive references,Full-time,Excellent,3 months deposit,1
2530,1,Female,45,Black,Mental health history,German,3x the rent,No prior rental history,Part-time,Good,2 months deposit,0
2531,1,Male,30,Asian,Physical disability,American,3x the rent,No prior rental history,Part-time,Excellent,3 months deposit,1
2532,1,Non-binary,45,Hispanic,Mental health history,Mexican,4x the rent,Prior late payments,Self-employed,Good,2 months deposit,0
2533,1,Female,40,Asian,Mental health history,German,3x the rent,Positive references,Self-employed,Excellent,1 month deposit,1
2534,1,Non-binary,30,Black,None stated,Mexican,2x the rent,No prior rental history,Self-employed,Excellent,3 months deposit,1
2535,1,Non-binary,50,Black,Mental health history,American,4x the rent,No prior rental history,Full-time,Excellent,1 month deposit,1
2536,1,Non-binary,35,White,Physical disability,Mexican,2x the rent,No prior rental history,Full-time,Good,1 month deposit,1
2537,1,Non-binary,40,Black,None stated,Mexican,4x the rent,Prior late payments,Full-time,Excellent,3 months deposit,1
2538,1,Non-binary,45,Black,None stated,Mexican,4x the rent,Prior late payments,Full-time,Good,2 months deposit,1
2539,1,Non-binary,35,White,Mental health history,German,4x the rent,Prior late payments,Part-time,Fair,2 months deposit,0
2540,1,Male,40,Hispanic,None stated,German,4x the rent,No prior rental history,Full-time,Good,3 months deposit,1
2541,1,Female,50,Black,None stated,Canadian,2x the rent,No prior rental history,Full-time,Good,1 month deposit,1
2542,1,Non-binary,45,Asian,Mental health history,Mexican,2x the rent,Prior late payments,Part-time,Good,1 month deposit,0
2543,1,Female,40,White,None stated,Indian,2x the rent,Positive references,Self-employed,Excellent,3 months deposit,1
2544,1,Male,40,Hispanic,Mental health history,Indian,4x the rent,Prior late payments,Full-time,Fair,1 month deposit,1
2545,1,Female,30,Black,Mental health history,Mexican,3x the rent,No prior rental history,Full-time,Fair,3 months deposit,1
2546,1,Female,35,White,None stated,Canadian,2x the rent,No prior rental history,Full-time,Good,3 months deposit,1
2547,1,Non-binary,50,White,None stated,Canadian,3x the rent,Prior late payments,Self-employed,Excellent,3 months deposit,0
2548,1,Female,45,Black,Mental health history,Mexican,3x the rent,Prior late payments,Self-employed,Excellent,1 month deposit,1
2549,1,Non-binary,50,White,Mental health history,Indian,3x the rent,Positive references,Full-time,Excellent,1 month deposit,1
2550,1,Non-binary,45,Asian,None stated,American,3x the rent,Positive references,Part-time,Fair,3 months deposit,1
2551,1,Female,40,White,None stated,Mexican,3x the rent,Prior late payments,Part-time,Good,3 months deposit,0
2552,1,Non-binary,30,White,None stated,Indian,2x the rent,No prior rental history,Full-time,Fair,1 month deposit,1
2553,1,Female,30,White,Mental health history,Canadian,2x the rent,Prior late payments,Self-employed,Good,2 months deposit,0
2554,1,Male,40,Hispanic,None stated,American,4x the rent,Prior late payments,Part-time,Fair,3 months deposit,0
2555,1,Female,45,Hispanic,Physical disability,Mexican,2x the rent,Positive references,Part-time,Good,1 month deposit,1
2556,1,Male,30,Asian,Mental health history,American,4x the rent,No prior rental history,Full-time,Fair,3 months deposit,0
2557,1,Non-binary,50,Hispanic,None stated,Canadian,2x the rent,Prior late payments,Part-time,Good,3 months deposit,0
2558,1,Male,30,Black,Physical disability,German,2x the rent,Prior late payments,Part-time,Fair,3 months deposit,0
2559,1,Male,35,White,Physical disability,Mexican,3x the rent,Positive references,Self-employed,Good,2 months deposit,1
2560,1,Male,35,Hispanic,Mental health history,Canadian,2x the rent,Positive references,Full-time,Excellent,3 months deposit,1
2561,1,Male,55,Asian,Physical disability,Mexican,2x the rent,No prior rental history,Full-time,Excellent,3 months deposit,1
2562,1,Non-binary,55,Hispanic,Physical disability,German,2x the rent,Positive references,Part-time,Fair,1 month deposit,1
2563,1,Non-binary,45,Asian,Mental health history,American,2x the rent,Positive references,Part-time,Good,2 months deposit,1
2564,1,Male,35,Black,Mental health history,Canadian,2x the rent,No prior rental history,Self-employed,Good,3 months deposit,1
2565,1,Female,55,White,Mental health history,American,3x the rent,Positive references,Part-time,Excellent,1 month deposit,1
2566,1,Female,40,Hispanic,None stated,Canadian,2x the rent,No prior rental history,Full-time,Good,2 months deposit,1
2567,1,Non-binary,30,Asian,Mental health history,American,2x the rent,No prior rental history,Full-time,Excellent,1 month deposit,1
2568,1,Non-binary,55,Hispanic,Mental health history,American,3x the rent,No prior rental history,Part-time,Fair,3 months deposit,0
2569,1,Non-binary,50,White,Physical disability,Indian,2x the rent,Positive references,Part-time,Excellent,2 months deposit,1
2570,1,Male,30,Black,None stated,Canadian,2x the rent,Positive references,Part-time,Good,3 months deposit,1
2571,1,Female,30,Asian,None stated,American,3x the rent,Positive references,Self-employed,Fair,2 months deposit,1
2572,1,Female,30,Asian,Mental health history,Canadian,4x the rent,Positive references,Self-employed,Fair,1 month deposit,1
2573,1,Non-binary,35,Black,Mental health history,Indian,2x the rent,No prior rental history,Part-time,Excellent,2 months deposit,1
2574,1,Female,55,Hispanic,Mental health history,Canadian,4x the rent,Prior late payments,Full-time,Excellent,3 months deposit,0
2575,1,Non-binary,30,Black,None stated,American,3x the rent,Prior late payments,Part-time,Fair,3 months deposit,0
2576,1,Female,50,Asian,Mental health history,German,2x the rent,Prior late payments,Part-time,Excellent,2 months deposit,0
2577,1,Female,50,Hispanic,Physical disability,American,2x the rent,No prior rental history,Part-time,Excellent,2 months deposit,1
2578,1,Female,40,Asian,Mental health history,German,2x the rent,Positive references,Part-time,Excellent,3 months deposit,1
2579,1,Non-binary,55,Black,Physical disability,German,3x the rent,Positive references,Full-time,Excellent,2 months deposit,1
2580,1,Female,35,White,None stated,American,2x the rent,No prior rental history,Part-time,Good,2 months deposit,1
2581,1,Female,45,Black,None stated,American,3x the rent,Positive references,Full-time,Good,2 months deposit,1
2582,1,Non-binary,35,White,None stated,American,2x the rent,Positive references,Full-time,Fair,1 month deposit,1
2583,1,Female,35,Hispanic,Physical disability,American,3x the rent,Positive references,Full-time,Excellent,3 months deposit,1
2584,1,Non-binary,30,Asian,Mental health history,Canadian,3x the rent,Positive references,Full-time,Good,2 months deposit,1
2585,1,Female,55,White,Mental health history,German,4x the rent,Prior late payments,Full-time,Fair,1 month deposit,1
2586,1,Non-binary,45,Hispanic,Mental health history,German,4x the rent,Positive references,Full-time,Good,2 months deposit,1
2587,1,Male,30,Hispanic,Mental health history,German,2x the rent,No prior rental history,Full-time,Good,3 months deposit,1
2588,1,Male,55,Asian,Mental health history,Indian,2x the rent,No prior rental history,Self-employed,Excellent,3 months deposit,1
2589,1,Male,55,Hispanic,None stated,American,2x the rent,Prior late payments,Full-time,Excellent,1 month deposit,1
2590,1,Male,50,Hispanic,Mental health history,Canadian,4x the rent,Positive references,Full-time,Fair,2 months deposit,1
2591,1,Male,30,Hispanic,Mental health history,Indian,3x the rent,Positive references,Part-time,Good,1 month deposit,1
2592,1,Female,35,Hispanic,Mental health history,American,3x the rent,Prior late payments,Part-time,Excellent,3 months deposit,0
2593,1,Male,50,Black,Physical disability,American,2x the rent,Prior late payments,Full-time,Excellent,2 months deposit,0
2594,1,Non-binary,40,Hispanic,None stated,Canadian,3x the rent,Positive references,Part-time,Good,3 months deposit,1
2595,1,Female,50,Hispanic,Physical disability,German,4x the rent,Positive references,Self-employed,Good,2 months deposit,1
2596,1,Non-binary,30,Hispanic,Mental health history,Indian,4x the rent,Positive references,Part-time,Fair,3 months deposit,1
2597,1,Male,40,Asian,Mental health history,Indian,4x the rent,Prior late payments,Full-time,Fair,3 months deposit,0
2598,1,Male,30,White,Mental health history,Canadian,2x the rent,Positive references,Self-employed,Excellent,2 months deposit,1
2599,1,Non-binary,40,Asian,None stated,Canadian,4x the rent,No prior rental history,Full-time,Excellent,2 months deposit,1
2600,1,Female,35,White,Mental health history,Canadian,4x the rent,Prior late payments,Part-time,Excellent,3 months deposit,0
2601,1,Non-binary,35,White,None stated,German,3x the rent,Positive references,Full-time,Good,1 month deposit,1
2602,1,Female,50,White,Physical disability,Canadian,2x the rent,Positive references,Part-time,Fair,1 month deposit,1
2603,1,Female,50,Hispanic,Physical disability,American,3x the rent,No prior rental history,Part-time,Excellent,2 months deposit,1
2604,1,Non-binary,55,Asian,None stated,Canadian,4x the rent,Prior late payments,Part-time,Fair,2 months deposit,0
2605,1,Female,50,Asian,None stated,Canadian,2x the rent,Positive references,Self-employed,Fair,3 months deposit,1
2606,1,Non-binary,55,Asian,Mental health history,Mexican,3x the rent,No prior rental history,Full-time,Excellent,2 months deposit,1
2607,1,Female,55,White,Mental health history,Canadian,2x the rent,Positive references,Full-time,Good,2 months deposit,1
2608,1,Female,35,Hispanic,Physical disability,Mexican,4x the rent,Positive references,Self-employed,Excellent,2 months deposit,1
2609,1,Male,35,Hispanic,Mental health history,German,2x the rent,No prior rental history,Full-time,Good,2 months deposit,1
2610,1,Male,55,Hispanic,Physical disability,German,3x the rent,No prior rental history,Full-time,Excellent,1 month deposit,1
2611,1,Male,40,Asian,None stated,Canadian,4x the rent,Positive references,Full-time,Good,3 months deposit,1
2612,1,Non-binary,35,Hispanic,Physical disability,German,2x the rent,No prior rental history,Part-time,Good,2 months deposit,1
2613,1,Male,50,Hispanic,None stated,Canadian,2x the rent,No prior rental history,Self-employed,Excellent,3 months deposit,1
2614,1,Non-binary,40,Black,Mental health history,Indian,4x the rent,No prior rental history,Self-employed,Good,2 months deposit,1
2615,1,Male,45,Black,Physical disability,Mexican,3x the rent,Prior late payments,Full-time,Good,3 months deposit,1
2616,1,Male,45,White,Mental health history,Indian,4x the rent,Prior late payments,Part-time,Fair,1 month deposit,0
2617,1,Male,50,Hispanic,Physical disability,Indian,2x the rent,Prior late payments,Full-time,Fair,1 month deposit,0
2618,1,Female,55,Black,Physical disability,Mexican,4x the rent,No prior rental history,Full-time,Fair,1 month deposit,1
2619,1,Non-binary,45,White,Physical disability,Indian,4x the rent,No prior rental history,Full-time,Fair,2 months deposit,1
2620,1,Male,40,White,None stated,Indian,2x the rent,Positive references,Self-employed,Fair,2 months deposit,1
2621,1,Female,30,Black,Physical disability,Indian,2x the rent,Positive references,Self-employed,Good,3 months deposit,1
2622,1,Male,35,Hispanic,Mental health history,American,3x the rent,Positive references,Full-time,Good,2 months deposit,1
2623,1,Non-binary,55,Asian,Physical disability,Canadian,3x the rent,Positive references,Self-employed,Good,3 months deposit,1
2624,1,Male,50,Asian,Physical disability,Mexican,4x the rent,Prior late payments,Part-time,Excellent,1 month deposit,0
2625,1,Male,35,Asian,Mental health history,Mexican,3x the rent,Prior late payments,Part-time,Excellent,3 months deposit,0
2626,1,Female,30,Asian,Physical disability,American,4x the rent,No prior rental history,Part-time,Good,3 months deposit,1
2627,1,Non-binary,40,Black,Physical disability,German,3x the rent,Positive references,Part-time,Good,1 month deposit,1
2628,1,Female,30,Asian,None stated,Mexican,3x the rent,Prior late payments,Part-time,Fair,3 months deposit,0
2629,1,Non-binary,55,Asian,Physical disability,German,2x the rent,No prior rental history,Full-time,Fair,1 month deposit,1
2630,1,Female,30,Hispanic,Mental health history,Mexican,2x the rent,No prior rental history,Part-time,Good,1 month deposit,0
2631,1,Non-binary,40,Hispanic,Physical disability,American,4x the rent,Positive references,Self-employed,Fair,1 month deposit,1
2632,1,Female,45,Asian,None stated,Indian,2x the rent,Prior late payments,Self-employed,Good,2 months deposit,0
2633,1,Male,40,Hispanic,Mental health history,German,3x the rent,Positive references,Self-employed,Excellent,3 months deposit,1
2634,1,Female,50,Asian,None stated,Mexican,2x the rent,Positive references,Part-time,Fair,2 months deposit,1
2635,1,Female,50,White,Physical disability,American,4x the rent,No prior rental history,Full-time,Good,1 month deposit,1
2636,1,Female,55,Asian,Physical disability,German,4x the rent,Positive references,Full-time,Good,3 months deposit,1
2637,1,Male,30,Asian,Mental health history,Mexican,4x the rent,No prior rental history,Full-time,Good,3 months deposit,1
2638,1,Female,45,Black,None stated,German,3x the rent,No prior rental history,Part-time,Good,3 months deposit,1
2639,1,Male,45,Asian,Physical disability,Canadian,2x the rent,Positive references,Self-employed,Excellent,3 months deposit,1
2640,1,Male,30,Asian,None stated,Mexican,4x the rent,No prior rental history,Self-employed,Good,3 months deposit,1
2641,1,Male,40,White,Physical disability,Indian,3x the rent,No prior rental history,Part-time,Fair,3 months deposit,0
2642,1,Non-binary,40,Asian,Mental health history,Indian,3x the rent,Prior late payments,Self-employed,Excellent,2 months deposit,1
2643,1,Male,45,Asian,None stated,Canadian,3x the rent,No prior rental history,Part-time,Excellent,2 months deposit,1
2644,1,Non-binary,40,Hispanic,Physical disability,Canadian,3x the rent,Prior late payments,Part-time,Fair,2 months deposit,0
2645,1,Female,35,Hispanic,None stated,Indian,4x the rent,Prior late payments,Self-employed,Excellent,1 month deposit,1
2646,1,Male,45,Hispanic,Physical disability,Indian,2x the rent,Positive references,Part-time,Fair,3 months deposit,1
2647,1,Male,45,Asian,Physical disability,Mexican,2x the rent,No prior rental history,Self-employed,Good,2 months deposit,1
2648,1,Female,55,Hispanic,None stated,Indian,3x the rent,No prior rental history,Part-time,Good,1 month deposit,1
2649,1,Female,55,Asian,Physical disability,Indian,3x the rent,Positive references,Part-time,Good,2 months deposit,1
2650,1,Male,45,White,None stated,American,2x the rent,Prior late payments,Full-time,Good,1 month deposit,1
2651,1,Female,30,Black,Physical disability,German,2x the rent,No prior rental history,Self-employed,Excellent,3 months deposit,1
2652,1,Non-binary,35,White,Mental health history,Indian,4x the rent,No prior rental history,Part-time,Good,1 month deposit,1
2653,1,Female,40,Hispanic,Physical disability,Indian,2x the rent,Positive references,Part-time,Good,2 months deposit,1
2654,1,Female,40,White,None stated,Canadian,2x the rent,Positive references,Full-time,Fair,1 month deposit,1
2655,1,Male,40,White,Mental health history,Canadian,3x the rent,No prior rental history,Self-employed,Good,3 months deposit,1
2656,1,Non-binary,35,White,Mental health history,Canadian,4x the rent,Prior late payments,Full-time,Excellent,2 months deposit,1
2657,1,Male,30,Hispanic,Physical disability,Indian,4x the rent,No prior rental history,Part-time,Excellent,3 months deposit,1
2658,1,Female,40,Asian,Mental health history,Indian,3x the rent,No prior rental history,Part-time,Excellent,2 months deposit,1
2659,1,Non-binary,45,Hispanic,None stated,American,4x the rent,Prior late payments,Self-employed,Excellent,2 months deposit,1
2660,1,Non-binary,35,Asian,Physical disability,Indian,2x the rent,Positive references,Part-time,Good,3 months deposit,1
2661,1,Male,40,Black,Physical disability,American,4x the rent,Prior late payments,Self-employed,Fair,3 months deposit,0
2662,1,Male,55,Asian,Mental health history,Canadian,4x the rent,Positive references,Part-time,Fair,1 month deposit,1
2663,1,Male,50,Asian,Mental health history,German,4x the rent,Prior late payments,Self-employed,Fair,1 month deposit,1
2664,1,Female,45,White,None stated,Mexican,2x the rent,No prior rental history,Part-time,Fair,1 month deposit,0
2665,1,Non-binary,35,White,Mental health history,American,2x the rent,Positive references,Full-time,Fair,2 months deposit,1
2666,1,Male,35,Hispanic,Physical disability,Mexican,2x the rent,No prior rental history,Full-time,Good,1 month deposit,1
2667,1,Female,40,Black,None stated,Canadian,4x the rent,Positive references,Part-time,Excellent,3 months deposit,1
2668,1,Non-binary,35,Black,Mental health history,Canadian,2x the rent,Positive references,Self-employed,Fair,2 months deposit,1
2669,1,Male,35,Black,None stated,German,2x the rent,No prior rental history,Part-time,Excellent,1 month deposit,1
2670,1,Male,40,White,None stated,American,2x the rent,Prior late payments,Full-time,Fair,1 month deposit,1
2671,1,Male,40,White,Physical disability,American,2x the rent,No prior rental history,Full-time,Excellent,1 month deposit,1
2672,1,Male,55,White,Physical disability,German,3x the rent,No prior rental history,Part-time,Good,1 month deposit,1
2673,1,Female,30,White,Mental health history,Mexican,4x the rent,Positive references,Self-employed,Fair,2 months deposit,1
2674,1,Non-binary,55,Hispanic,Physical disability,American,4x the rent,Positive references,Part-time,Excellent,1 month deposit,1
2675,1,Non-binary,45,Black,Physical disability,German,3x the rent,Prior late payments,Self-employed,Excellent,1 month deposit,1
2676,1,Non-binary,30,White,Physical disability,Canadian,4x the rent,Prior late payments,Self-employed,Excellent,2 months deposit,0
2677,1,Female,40,Black,None stated,American,4x the rent,Positive references,Self-employed,Fair,2 months deposit,1
2678,1,Non-binary,35,White,Physical disability,Indian,3x the rent,Prior late payments,Full-time,Fair,1 month deposit,0
2679,1,Male,45,White,Mental health history,Canadian,4x the rent,Prior late payments,Full-time,Good,3 months deposit,0
2680,1,Female,35,White,None stated,German,4x the rent,Positive references,Part-time,Excellent,2 months deposit,1
2681,1,Female,50,Asian,Physical disability,Canadian,4x the rent,No prior rental history,Self-employed,Fair,1 month deposit,1
2682,1,Non-binary,55,Black,Mental health history,American,3x the rent,Prior late payments,Full-time,Fair,1 month deposit,0
2683,1,Non-binary,30,Black,Physical disability,Mexican,4x the rent,Positive references,Part-time,Good,2 months deposit,1
2684,1,Female,40,Asian,None stated,Canadian,4x the rent,Prior late payments,Part-time,Fair,3 months deposit,0
2685,1,Non-binary,45,Asian,Mental health history,Indian,4x the rent,No prior rental history,Self-employed,Fair,2 months deposit,0
2686,1,Non-binary,40,Hispanic,Physical disability,Canadian,2x the rent,Positive references,Part-time,Good,1 month deposit,1
2687,1,Non-binary,55,Asian,None stated,Indian,4x the rent,No prior rental history,Part-time,Fair,3 months deposit,0
2688,1,Non-binary,45,Asian,Mental health history,American,4x the rent,No prior rental history,Full-time,Good,3 months deposit,1
2689,1,Non-binary,50,Asian,Mental health history,American,4x the rent,No prior rental history,Part-time,Fair,1 month deposit,1
2690,1,Male,55,White,Mental health history,Indian,2x the rent,Positive references,Self-employed,Excellent,1 month deposit,1
2691,1,Non-binary,55,Hispanic,Physical disability,Canadian,3x the rent,Prior late payments,Part-time,Excellent,3 months deposit,1
2692,1,Female,40,Hispanic,Mental health history,American,2x the rent,Prior late payments,Full-time,Excellent,1 month deposit,0
2693,1,Female,30,Black,Mental health history,German,3x the rent,Positive references,Full-time,Good,1 month deposit,1
2694,1,Female,55,Asian,Mental health history,American,3x the rent,Positive references,Self-employed,Fair,1 month deposit,1
2695,1,Non-binary,45,White,Mental health history,American,4x the rent,No prior rental history,Self-employed,Excellent,2 months deposit,1
2696,1,Female,45,Hispanic,Mental health history,Mexican,3x the rent,Prior late payments,Self-employed,Excellent,1 month deposit,0
2697,1,Non-binary,30,Black,None stated,Canadian,4x the rent,Positive references,Full-time,Fair,3 months deposit,1
2698,1,Male,40,Asian,Mental health history,German,3x the rent,No prior rental history,Part-time,Good,2 months deposit,1
2699,1,Female,45,Black,None stated,Indian,2x the rent,No prior rental history,Self-employed,Fair,3 months deposit,1
2700,1,Male,45,White,None stated,American,2x the rent,Positive references,Self-employed,Fair,1 month deposit,1
2701,1,Male,30,White,None stated,American,3x the rent,Positive references,Full-time,Good,3 months deposit,1
2702,1,Female,50,White,Mental health history,Mexican,4x the rent,Prior late payments,Full-time,Excellent,3 months deposit,1
2703,1,Male,50,Hispanic,Mental health history,Mexican,4x the rent,Prior late payments,Full-time,Good,1 month deposit,1
2704,1,Male,35,Asian,Mental health history,Canadian,4x the rent,Prior late payments,Self-employed,Good,3 months deposit,0
2705,1,Male,35,White,Mental health history,Canadian,4x the rent,No prior rental history,Full-time,Fair,3 months deposit,0
2706,1,Male,45,Black,Mental health history,German,3x the rent,No prior rental history,Full-time,Good,3 months deposit,0
2707,1,Female,30,Hispanic,None stated,Canadian,4x the rent,Prior late payments,Part-time,Excellent,2 months deposit,0
2708,1,Non-binary,45,Black,Mental health history,American,4x the rent,Prior late payments,Self-employed,Excellent,2 months deposit,1
2709,1,Male,55,White,None stated,Canadian,2x the rent,Positive references,Self-employed,Excellent,3 months deposit,1
2710,1,Male,30,Black,Physical disability,American,4x the rent,Positive references,Part-time,Excellent,1 month deposit,1
2711,1,Non-binary,55,White,Physical disability,German,4x the rent,Prior late payments,Self-employed,Good,2 months deposit,0
2712,1,Non-binary,35,Asian,None stated,German,4x the rent,Prior late payments,Self-employed,Fair,3 months deposit,0
2713,1,Male,35,Black,None stated,American,4x the rent,No prior rental history,Part-time,Good,1 month deposit,0
2714,1,Female,40,Hispanic,Mental health history,Mexican,3x the rent,No prior rental history,Self-employed,Fair,1 month deposit,0
2715,1,Male,55,Asian,Mental health history,Canadian,3x the rent,No prior rental history,Part-time,Fair,3 months deposit,1
2716,1,Male,45,Black,Physical disability,Indian,3x the rent,Positive references,Self-employed,Excellent,2 months deposit,1
2717,1,Male,50,Asian,Mental health history,American,3x the rent,No prior rental history,Self-employed,Fair,1 month deposit,0
2718,1,Non-binary,30,Asian,Physical disability,Indian,2x the rent,No prior rental history,Part-time,Good,3 months deposit,0
2719,1,Non-binary,30,Black,Mental health history,Canadian,3x the rent,Prior late payments,Full-time,Fair,2 months deposit,0
2720,1,Non-binary,35,White,Physical disability,Mexican,3x the rent,Positive references,Full-time,Fair,3 months deposit,1
2721,1,Male,55,Black,None stated,American,2x the rent,Prior late payments,Self-employed,Good,3 months deposit,0
2722,1,Female,40,Black,Mental health history,German,2x the rent,Positive references,Self-employed,Fair,2 months deposit,1
2723,1,Non-binary,35,White,Physical disability,German,2x the rent,Positive references,Part-time,Excellent,3 months deposit,1
2724,1,Non-binary,45,White,None stated,American,4x the rent,No prior rental history,Full-time,Fair,2 months deposit,1
2725,1,Male,30,White,None stated,Mexican,3x the rent,No prior rental history,Full-time,Excellent,3 months deposit,1
2726,1,Non-binary,40,Black,Physical disability,American,4x the rent,No prior rental history,Self-employed,Good,1 month deposit,1
2727,1,Male,40,Black,Mental health history,Indian,3x the rent,Prior late payments,Part-time,Fair,2 months deposit,0
2728,1,Non-binary,30,Asian,Physical disability,Mexican,4x the rent,Positive references,Full-time,Excellent,2 months deposit,1
2729,1,Male,30,White,Physical disability,Mexican,2x the rent,Positive references,Full-time,Fair,3 months deposit,1
2730,1,Female,40,Black,None stated,Canadian,4x the rent,Prior late payments,Self-employed,Excellent,3 months deposit,0
2731,1,Male,50,Black,Mental health history,Canadian,2x the rent,No prior rental history,Part-time,Excellent,2 months deposit,0
2732,1,Male,30,Hispanic,Physical disability,Canadian,4x the rent,No prior rental history,Self-employed,Good,2 months deposit,1
2733,1,Male,35,Hispanic,Physical disability,German,3x the rent,Prior late payments,Full-time,Excellent,1 month deposit,0
2734,1,Female,35,Black,Physical disability,Mexican,3x the rent,No prior rental history,Part-time,Fair,2 months deposit,0
2735,1,Non-binary,45,Black,Physical disability,Canadian,2x the rent,Prior late payments,Part-time,Excellent,3 months deposit,0
2736,1,Male,55,Hispanic,Mental health history,Mexican,3x the rent,No prior rental history,Full-time,Fair,2 months deposit,0
2737,1,Male,45,Hispanic,None stated,German,4x the rent,No prior rental history,Part-time,Good,3 months deposit,1
2738,1,Non-binary,55,Asian,Mental health history,Mexican,3x the rent,Positive references,Part-time,Good,3 months deposit,1
2739,1,Male,35,Black,None stated,Canadian,4x the rent,Positive references,Part-time,Good,2 months deposit,1
2740,1,Female,30,White,Physical disability,Canadian,2x the rent,No prior rental history,Part-time,Excellent,2 months deposit,1
2741,1,Male,35,Hispanic,Physical disability,German,3x the rent,Prior late payments,Part-time,Good,2 months deposit,0
2742,1,Male,30,Black,Physical disability,American,4x the rent,No prior rental history,Part-time,Excellent,1 month deposit,1
2743,1,Non-binary,40,Black,Physical disability,Mexican,2x the rent,No prior rental history,Self-employed,Fair,3 months deposit,1
2744,1,Male,55,Black,Physical disability,German,4x the rent,Positive references,Part-time,Fair,2 months deposit,1
2745,1,Male,45,Asian,Mental health history,American,3x the rent,Positive references,Part-time,Fair,1 month deposit,1
2746,1,Male,30,Hispanic,Physical disability,German,2x the rent,Positive references,Self-employed,Fair,3 months deposit,1
2747,1,Non-binary,35,Asian,None stated,American,4x the rent,Positive references,Self-employed,Fair,2 months deposit,1
2748,1,Male,45,Asian,Mental health history,German,4x the rent,Positive references,Part-time,Good,1 month deposit,1
2749,1,Non-binary,30,White,Physical disability,German,3x the rent,Prior late payments,Self-employed,Excellent,1 month deposit,0
2750,1,Female,55,Hispanic,Mental health history,German,2x the rent,Prior late payments,Part-time,Fair,2 months deposit,1
2751,1,Female,35,Hispanic,Physical disability,Indian,4x the rent,No prior rental history,Self-employed,Excellent,2 months deposit,1
2752,1,Female,30,Hispanic,Mental health history,American,3x the rent,Prior late payments,Self-employed,Fair,3 months deposit,0
2753,1,Male,45,White,Mental health history,Mexican,2x the rent,No prior rental history,Full-time,Good,2 months deposit,0
2754,1,Female,45,White,Mental health history,Canadian,3x the rent,Positive references,Self-employed,Fair,2 months deposit,1
2755,1,Female,40,Asian,None stated,Canadian,2x the rent,No prior rental history,Full-time,Good,1 month deposit,1
2756,1,Male,40,Asian,None stated,German,4x the rent,Prior late payments,Part-time,Fair,2 months deposit,0
2757,1,Non-binary,35,Asian,None stated,Indian,2x the rent,Positive references,Full-time,Good,2 months deposit,1
2758,1,Female,45,Black,Physical disability,Canadian,2x the rent,Positive references,Self-employed,Excellent,1 month deposit,1
2759,1,Non-binary,35,Black,None stated,Canadian,3x the rent,Positive references,Part-time,Fair,2 months deposit,1
2760,1,Female,45,Black,None stated,Canadian,2x the rent,Positive references,Full-time,Good,1 month deposit,1
2761,1,Male,40,White,Mental health history,American,4x the rent,No prior rental history,Part-time,Excellent,2 months deposit,1
2762,1,Male,30,Hispanic,None stated,Indian,2x the rent,No prior rental history,Self-employed,Good,2 months deposit,1
2763,1,Male,50,Black,Mental health history,German,4x the rent,No prior rental history,Full-time,Fair,3 months deposit,1
2764,1,Non-binary,55,Asian,Mental health history,Mexican,4x the rent,No prior rental history,Self-employed,Excellent,1 month deposit,1
2765,1,Non-binary,40,Hispanic,Mental health history,American,4x the rent,Prior late payments,Part-time,Excellent,2 months deposit,0
2766,1,Female,50,Hispanic,None stated,Canadian,3x the rent,Positive references,Self-employed,Excellent,2 months deposit,1
2767,1,Female,35,Hispanic,Mental health history,Mexican,2x the rent,Prior late payments,Self-employed,Good,3 months deposit,0
2768,1,Female,55,Black,None stated,German,4x the rent,No prior rental history,Self-employed,Fair,1 month deposit,1
2769,1,Non-binary,35,Hispanic,Physical disability,Mexican,3x the rent,Positive references,Full-time,Fair,1 month deposit,1
2770,1,Male,40,Hispanic,Physical disability,Mexican,3x the rent,No prior rental history,Full-time,Good,2 months deposit,1
2771,1,Non-binary,40,Black,Physical disability,American,2x the rent,Prior late payments,Full-time,Excellent,3 months deposit,1
2772,1,Female,45,White,Mental health history,Mexican,3x the rent,Positive references,Full-time,Excellent,1 month deposit,1
2773,1,Female,50,Hispanic,None stated,Canadian,3x the rent,Positive references,Self-employed,Excellent,3 months deposit,1
2774,1,Male,40,Asian,Mental health history,Indian,3x the rent,Positive references,Part-time,Fair,2 months deposit,1
2775,1,Male,40,Hispanic,None stated,German,3x the rent,Prior late payments,Self-employed,Excellent,1 month deposit,1
2776,1,Male,55,Asian,None stated,German,3x the rent,Prior late payments,Part-time,Good,3 months deposit,0
2777,1,Female,55,Black,None stated,Mexican,3x the rent,No prior rental history,Full-time,Fair,1 month deposit,0
2778,1,Non-binary,45,White,None stated,Indian,3x the rent,Positive references,Full-time,Good,3 months deposit,1
2779,1,Male,40,Black,Mental health history,Canadian,4x the rent,No prior rental history,Part-time,Excellent,3 months deposit,1
2780,1,Female,40,Asian,Mental health history,Indian,4x the rent,Prior late payments,Part-time,Fair,2 months deposit,0
2781,1,Female,45,White,None stated,Canadian,4x the rent,No prior rental history,Part-time,Fair,2 months deposit,0
2782,1,Male,55,White,Mental health history,Mexican,2x the rent,Prior late payments,Part-time,Good,2 months deposit,1
2783,1,Female,35,Hispanic,Physical disability,German,4x the rent,No prior rental history,Part-time,Excellent,2 months deposit,1
2784,1,Male,55,Hispanic,Physical disability,Canadian,2x the rent,Prior late payments,Self-employed,Fair,3 months deposit,0
2785,1,Male,40,Hispanic,None stated,Mexican,2x the rent,No prior rental history,Self-employed,Excellent,2 months deposit,1
2786,1,Female,35,Hispanic,Physical disability,German,4x the rent,Positive references,Full-time,Fair,3 months deposit,1
2787,1,Male,35,Asian,None stated,Canadian,4x the rent,Positive references,Part-time,Good,3 months deposit,1
2788,1,Female,55,Asian,None stated,American,4x the rent,Prior late payments,Self-employed,Good,1 month deposit,1
2789,1,Female,50,White,None stated,American,3x the rent,Positive references,Full-time,Good,1 month deposit,1
2790,1,Non-binary,55,White,Physical disability,Indian,3x the rent,Positive references,Self-employed,Good,1 month deposit,1
2791,1,Female,55,White,None stated,German,2x the rent,Positive references,Full-time,Excellent,3 months deposit,1
2792,1,Non-binary,55,White,Physical disability,Canadian,2x the rent,Positive references,Self-employed,Good,1 month deposit,1
2793,1,Female,55,Asian,Physical disability,Mexican,4x the rent,Prior late payments,Full-time,Good,3 months deposit,0
2794,1,Non-binary,45,Hispanic,Physical disability,Mexican,2x the rent,No prior rental history,Self-employed,Excellent,2 months deposit,1
2795,1,Female,40,Hispanic,Physical disability,American,3x the rent,No prior rental history,Full-time,Excellent,1 month deposit,1
2796,1,Male,55,Hispanic,Physical disability,German,2x the rent,No prior rental history,Part-time,Excellent,2 months deposit,1
2797,1,Non-binary,45,White,Mental health history,Mexican,4x the rent,No prior rental history,Part-time,Fair,2 months deposit,1
2798,1,Male,40,Asian,None stated,Mexican,4x the rent,Positive references,Full-time,Good,3 months deposit,1
2799,1,Non-binary,40,Black,Physical disability,Canadian,2x the rent,No prior rental history,Self-employed,Excellent,3 months deposit,1
2800,1,Non-binary,40,Asian,Mental health history,Mexican,3x the rent,Prior late payments,Part-time,Fair,1 month deposit,0
2801,1,Female,30,White,None stated,Canadian,3x the rent,Prior late payments,Full-time,Good,2 months deposit,0
2802,1,Non-binary,30,Hispanic,Physical disability,American,3x the rent,Positive references,Self-employed,Good,2 months deposit,1
2803,1,Female,30,Hispanic,Physical disability,Indian,3x the rent,Positive references,Full-time,Good,2 months deposit,1
2804,1,Male,50,White,Mental health history,Canadian,4x the rent,No prior rental history,Part-time,Fair,2 months deposit,0
2805,1,Male,30,White,Mental health history,American,3x the rent,No prior rental history,Full-time,Good,1 month deposit,1
2806,1,Female,50,Black,None stated,American,3x the rent,Positive references,Self-employed,Fair,3 months deposit,1
2807,1,Female,30,Hispanic,None stated,American,3x the rent,Prior late payments,Full-time,Excellent,1 month deposit,1
2808,1,Female,35,Hispanic,Mental health history,American,3x the rent,Positive references,Part-time,Excellent,1 month deposit,1
2809,1,Male,35,Hispanic,Mental health history,German,2x the rent,Prior late payments,Full-time,Excellent,3 months deposit,1
2810,1,Female,55,Hispanic,None stated,American,3x the rent,No prior rental history,Full-time,Excellent,3 months deposit,1
2811,1,Male,45,Asian,None stated,Canadian,2x the rent,Prior late payments,Full-time,Good,3 months deposit,0
2812,1,Female,55,White,Physical disability,Indian,2x the rent,Positive references,Part-time,Fair,1 month deposit,1
2813,1,Female,55,White,Mental health history,German,4x the rent,Positive references,Part-time,Fair,3 months deposit,1
2814,1,Female,55,Asian,Physical disability,Mexican,3x the rent,No prior rental history,Self-employed,Good,3 months deposit,1
2815,1,Non-binary,45,White,Physical disability,Mexican,3x the rent,No prior rental history,Full-time,Fair,3 months deposit,1
2816,1,Female,35,Black,None stated,Mexican,4x the rent,Prior late payments,Part-time,Fair,3 months deposit,0
2817,1,Female,55,Black,None stated,German,2x the rent,Prior late payments,Part-time,Excellent,1 month deposit,0
2818,1,Non-binary,35,Asian,Physical disability,Canadian,3x the rent,Positive references,Full-time,Good,1 month deposit,1
2819,1,Non-binary,55,Hispanic,Physical disability,Indian,2x the rent,Prior late payments,Self-employed,Excellent,2 months deposit,0
2820,1,Female,45,Asian,Mental health history,Mexican,2x the rent,No prior rental history,Part-time,Fair,2 months deposit,0
2821,1,Female,35,White,None stated,Indian,3x the rent,Positive references,Part-time,Excellent,1 month deposit,1
2822,1,Female,35,Black,Mental health history,German,4x the rent,Prior late payments,Full-time,Fair,1 month deposit,1
2823,1,Female,45,Hispanic,Physical disability,Mexican,2x the rent,No prior rental history,Self-employed,Good,3 months deposit,1
2824,1,Female,50,Black,None stated,American,3x the rent,No prior rental history,Self-employed,Good,1 month deposit,1
2825,1,Male,55,White,Physical disability,American,3x the rent,No prior rental history,Full-time,Excellent,3 months deposit,1
2826,1,Non-binary,35,Asian,None stated,German,3x the rent,Positive references,Full-time,Good,2 months deposit,1
2827,1,Female,50,Black,Mental health history,Canadian,3x the rent,Positive references,Part-time,Good,2 months deposit,1
2828,1,Non-binary,35,Black,Physical disability,American,2x the rent,No prior rental history,Part-time,Fair,2 months deposit,0
2829,1,Male,30,Asian,Mental health history,German,2x the rent,Positive references,Self-employed,Excellent,2 months deposit,1
2830,1,Female,55,Hispanic,Physical disability,Mexican,2x the rent,Positive references,Self-employed,Fair,3 months deposit,1
2831,1,Non-binary,45,Asian,None stated,American,4x the rent,Prior late payments,Self-employed,Good,3 months deposit,1
2832,1,Male,35,Asian,Mental health history,Mexican,2x the rent,Prior late payments,Full-time,Good,1 month deposit,0
2833,1,Female,30,White,Mental health history,Canadian,4x the rent,No prior rental history,Part-time,Good,1 month deposit,1
2834,1,Female,55,White,Physical disability,Canadian,3x the rent,No prior rental history,Full-time,Fair,2 months deposit,1
2835,1,Non-binary,30,Black,None stated,German,4x the rent,Prior late payments,Full-time,Good,2 months deposit,0
2836,1,Female,40,Hispanic,Mental health history,Mexican,3x the rent,Positive references,Part-time,Good,1 month deposit,1
2837,1,Non-binary,35,White,Physical disability,Canadian,2x the rent,No prior rental history,Part-time,Fair,2 months deposit,1
2838,1,Non-binary,45,White,Physical disability,German,3x the rent,No prior rental history,Self-employed,Excellent,2 months deposit,1
2839,1,Non-binary,55,Asian,None stated,Canadian,2x the rent,No prior rental history,Full-time,Fair,1 month deposit,0
2840,1,Female,30,Hispanic,Physical disability,German,3x the rent,Positive references,Part-time,Good,3 months deposit,1
2841,1,Female,30,White,Physical disability,American,4x the rent,Prior late payments,Self-employed,Excellent,2 months deposit,1
2842,1,Female,50,Hispanic,None stated,German,2x the rent,Positive references,Full-time,Excellent,1 month deposit,1
2843,1,Female,40,Asian,Physical disability,Indian,2x the rent,Positive references,Part-time,Excellent,3 months deposit,1
2844,1,Non-binary,45,Hispanic,Physical disability,German,4x the rent,Positive references,Full-time,Good,2 months deposit,1
2845,1,Male,40,White,Physical disability,German,3x the rent,Positive references,Full-time,Excellent,2 months deposit,1
2846,1,Female,55,Black,None stated,Mexican,3x the rent,Positive references,Self-employed,Good,3 months deposit,1
2847,1,Female,35,Hispanic,None stated,German,2x the rent,No prior rental history,Full-time,Fair,1 month deposit,0
2848,1,Male,50,Black,Physical disability,American,4x the rent,Prior late payments,Self-employed,Fair,2 months deposit,0
2849,1,Male,55,Black,Physical disability,Canadian,3x the rent,Positive references,Part-time,Excellent,2 months deposit,1
2850,1,Non-binary,35,Hispanic,None stated,Canadian,2x the rent,No prior rental history,Self-employed,Fair,3 months deposit,0
2851,1,Female,50,Hispanic,Mental health history,Mexican,2x the rent,Positive references,Full-time,Good,1 month deposit,1
2852,1,Non-binary,35,Hispanic,Physical disability,Indian,4x the rent,No prior rental history,Full-time,Excellent,3 months deposit,1
2853,1,Non-binary,55,Asian,None stated,German,4x the rent,No prior rental history,Self-employed,Fair,3 months deposit,1
2854,1,Male,30,White,Mental health history,Indian,3x the rent,Prior late payments,Self-employed,Fair,3 months deposit,0
2855,1,Male,40,White,Mental health history,American,2x the rent,No prior rental history,Self-employed,Good,1 month deposit,1
2856,1,Male,40,Black,Physical disability,Canadian,2x the rent,Positive references,Self-employed,Good,2 months deposit,1
2857,1,Male,55,Asian,None stated,Mexican,4x the rent,No prior rental history,Part-time,Good,1 month deposit,1
2858,1,Male,35,Asian,None stated,German,2x the rent,Prior late payments,Full-time,Fair,2 months deposit,0
2859,1,Female,45,Asian,Physical disability,American,2x the rent,Prior late payments,Full-time,Good,3 months deposit,1
2860,1,Male,50,Hispanic,None stated,German,2x the rent,Positive references,Full-time,Fair,2 months deposit,1
2861,1,Male,30,White,Mental health history,American,2x the rent,Prior late payments,Part-time,Excellent,1 month deposit,0
2862,1,Non-binary,40,Hispanic,Mental health history,Mexican,3x the rent,Prior late payments,Full-time,Good,3 months deposit,0
2863,1,Female,50,Black,None stated,Indian,2x the rent,Prior late payments,Self-employed,Good,3 months deposit,0
2864,1,Male,50,White,None stated,Indian,3x the rent,Positive references,Part-time,Good,3 months deposit,1
2865,1,Non-binary,55,Asian,Physical disability,American,2x the rent,Prior late payments,Part-time,Good,3 months deposit,0
2866,1,Non-binary,45,Asian,None stated,Canadian,3x the rent,Prior late payments,Part-time,Excellent,3 months deposit,0
2867,1,Non-binary,45,Asian,Mental health history,Indian,3x the rent,No prior rental history,Full-time,Fair,1 month deposit,0
2868,1,Non-binary,50,White,Mental health history,German,4x the rent,Prior late payments,Self-employed,Fair,2 months deposit,0
2869,1,Female,50,Hispanic,None stated,German,4x the rent,Positive references,Self-employed,Fair,3 months deposit,1
2870,1,Female,45,White,Physical disability,German,4x the rent,No prior rental history,Full-time,Excellent,1 month deposit,1
2871,1,Female,30,Asian,Physical disability,Canadian,3x the rent,Prior late payments,Self-employed,Fair,3 months deposit,0
2872,1,Female,40,Hispanic,Physical disability,German,3x the rent,No prior rental history,Self-employed,Excellent,1 month deposit,1
2873,1,Male,40,Asian,None stated,Canadian,3x the rent,No prior rental history,Self-employed,Excellent,1 month deposit,1
2874,1,Non-binary,45,Asian,None stated,American,2x the rent,Positive references,Part-time,Good,3 months deposit,1
2875,1,Female,40,White,Physical disability,German,3x the rent,No prior rental history,Full-time,Excellent,1 month deposit,1
2876,1,Non-binary,40,Hispanic,Mental health history,German,4x the rent,Prior late payments,Self-employed,Good,2 months deposit,0
2877,1,Non-binary,30,Hispanic,None stated,American,4x the rent,No prior rental history,Part-time,Excellent,1 month deposit,1
2878,1,Male,55,Black,None stated,Mexican,2x the rent,Positive references,Full-time,Good,3 months deposit,1
2879,1,Male,50,Asian,Mental health history,Canadian,4x the rent,No prior rental history,Full-time,Fair,2 months deposit,0
2880,1,Non-binary,50,Black,Mental health history,Indian,4x the rent,Positive references,Self-employed,Good,3 months deposit,1
2881,1,Male,35,Black,Mental health history,Mexican,4x the rent,No prior rental history,Self-employed,Good,1 month deposit,0
2882,1,Non-binary,40,White,Mental health history,American,3x the rent,Positive references,Part-time,Good,1 month deposit,1
2883,1,Female,45,Hispanic,Mental health history,Indian,2x the rent,No prior rental history,Full-time,Fair,2 months deposit,0
2884,1,Non-binary,40,White,None stated,American,4x the rent,Prior late payments,Self-employed,Fair,2 months deposit,0
2885,1,Female,45,Black,Mental health history,German,2x the rent,Prior late payments,Part-time,Good,1 month deposit,1
2886,1,Male,35,Asian,Mental health history,Canadian,3x the rent,No prior rental history,Full-time,Fair,3 months deposit,0
2887,1,Male,45,Asian,None stated,Mexican,3x the rent,Prior late payments,Part-time,Fair,1 month deposit,0
2888,1,Male,45,Hispanic,Mental health history,Mexican,3x the rent,Positive references,Part-time,Fair,1 month deposit,1
2889,1,Male,55,Black,Mental health history,Indian,2x the rent,Positive references,Self-employed,Fair,1 month deposit,1
2890,1,Female,45,White,Physical disability,Mexican,4x the rent,No prior rental history,Self-employed,Excellent,2 months deposit,1
2891,1,Non-binary,45,Black,None stated,Canadian,3x the rent,No prior rental history,Part-time,Excellent,2 months deposit,1
2892,1,Non-binary,45,Asian,Physical disability,Canadian,4x the rent,Prior late payments,Full-time,Fair,3 months deposit,0
2893,1,Non-binary,50,Black,Mental health history,German,3x the rent,Prior late payments,Full-time,Good,2 months deposit,1
2894,1,Female,50,Black,None stated,Mexican,3x the rent,Positive references,Full-time,Good,3 months deposit,1
2895,1,Non-binary,45,White,Mental health history,Mexican,3x the rent,No prior rental history,Full-time,Excellent,1 month deposit,1
2896,1,Non-binary,35,Asian,Mental health history,Indian,4x the rent,Positive references,Part-time,Excellent,3 months deposit,1
2897,1,Non-binary,50,Black,Mental health history,German,2x the rent,No prior rental history,Full-time,Fair,3 months deposit,0
2898,1,Female,35,White,None stated,Mexican,3x the rent,Prior late payments,Self-employed,Fair,1 month deposit,0
2899,1,Male,45,Asian,Physical disability,Indian,2x the rent,Positive references,Part-time,Fair,2 months deposit,1
2900,1,Female,50,Asian,None stated,German,2x the rent,Prior late payments,Full-time,Good,1 month deposit,0
2901,1,Male,40,Asian,Mental health history,Canadian,2x the rent,Prior late payments,Self-employed,Fair,1 month deposit,0
2902,1,Female,55,Hispanic,Mental health history,Indian,4x the rent,Positive references,Self-employed,Fair,1 month deposit,1
2903,1,Non-binary,30,Hispanic,Physical disability,Indian,2x the rent,No prior rental history,Full-time,Good,3 months deposit,1
2904,1,Female,30,Asian,Mental health history,Mexican,4x the rent,Prior late payments,Full-time,Fair,1 month deposit,0
2905,1,Male,55,Black,Physical disability,German,3x the rent,Prior late payments,Part-time,Good,3 months deposit,0
2906,1,Female,45,Hispanic,None stated,American,4x the rent,Positive references,Full-time,Good,3 months deposit,1
2907,1,Non-binary,40,Hispanic,Mental health history,American,2x the rent,No prior rental history,Full-time,Fair,2 months deposit,0
2908,1,Non-binary,40,Hispanic,None stated,Mexican,3x the rent,No prior rental history,Full-time,Good,2 months deposit,1
2909,1,Female,30,Black,Mental health history,German,2x the rent,Prior late payments,Part-time,Excellent,1 month deposit,0
2910,1,Male,45,Black,Mental health history,Canadian,3x the rent,No prior rental history,Self-employed,Fair,3 months deposit,0
2911,1,Female,30,Black,Mental health history,American,2x the rent,Prior late payments,Self-employed,Fair,1 month deposit,0
2912,1,Female,40,Black,None stated,Canadian,2x the rent,Positive references,Full-time,Excellent,2 months deposit,1
2913,1,Female,40,Black,Mental health history,Canadian,2x the rent,Prior late payments,Self-employed,Good,1 month deposit,1
2914,1,Female,50,Hispanic,Mental health history,Canadian,3x the rent,Positive references,Part-time,Fair,1 month deposit,1
2915,1,Male,35,White,Mental health history,German,3x the rent,Prior late payments,Part-time,Good,1 month deposit,0
2916,1,Non-binary,50,Asian,None stated,American,2x the rent,No prior rental history,Self-employed,Good,1 month deposit,1
2917,1,Female,50,White,Physical disability,Canadian,3x the rent,Prior late payments,Self-employed,Excellent,2 months deposit,1
2918,1,Female,30,Hispanic,None stated,Indian,4x the rent,Prior late payments,Full-time,Fair,1 month deposit,0
2919,1,Male,55,Hispanic,None stated,German,3x the rent,Positive references,Part-time,Fair,2 months deposit,1
2920,1,Non-binary,50,White,Mental health history,Canadian,4x the rent,Positive references,Full-time,Good,3 months deposit,1
2921,1,Male,30,Black,Mental health history,Canadian,3x the rent,Prior late payments,Self-employed,Fair,2 months deposit,0
2922,1,Male,55,Black,Mental health history,German,3x the rent,No prior rental history,Part-time,Excellent,2 months deposit,1
2923,1,Male,55,Asian,None stated,American,3x the rent,No prior rental history,Part-time,Excellent,2 months deposit,1
2924,1,Non-binary,45,White,None stated,Canadian,2x the rent,Prior late payments,Self-employed,Good,1 month deposit,0
2925,1,Non-binary,45,Hispanic,Physical disability,Mexican,4x the rent,Positive references,Part-time,Excellent,3 months deposit,1
2926,1,Male,50,White,None stated,Mexican,3x the rent,Prior late payments,Full-time,Fair,3 months deposit,0
2927,1,Male,55,Asian,None stated,Canadian,2x the rent,Prior late payments,Self-employed,Excellent,3 months deposit,0
2928,1,Non-binary,45,White,Physical disability,Canadian,2x the rent,Positive references,Full-time,Fair,2 months deposit,1
2929,1,Non-binary,45,Asian,Mental health history,Canadian,3x the rent,Prior late payments,Self-employed,Fair,3 months deposit,0
2930,1,Male,45,White,Mental health history,Mexican,4x the rent,No prior rental history,Self-employed,Fair,2 months deposit,0
2931,1,Non-binary,45,Black,None stated,American,2x the rent,Prior late payments,Part-time,Fair,2 months deposit,0
2932,1,Female,30,Black,Physical disability,Mexican,3x the rent,Prior late payments,Self-employed,Excellent,1 month deposit,1
2933,1,Male,35,Hispanic,None stated,Indian,4x the rent,Prior late payments,Part-time,Good,2 months deposit,0
2934,1,Male,45,Hispanic,Mental health history,Indian,3x the rent,No prior rental history,Self-employed,Fair,3 months deposit,0
2935,1,Male,55,Black,None stated,American,2x the rent,No prior rental history,Full-time,Excellent,1 month deposit,1
2936,1,Male,40,White,Mental health history,American,4x the rent,Prior late payments,Full-time,Good,2 months deposit,1
2937,1,Non-binary,35,Asian,Mental health history,German,3x the rent,No prior rental history,Part-time,Good,2 months deposit,0
2938,1,Male,40,Black,None stated,Mexican,3x the rent,Positive references,Self-employed,Good,2 months deposit,1
2939,1,Female,55,White,Mental health history,Canadian,3x the rent,Positive references,Full-time,Good,1 month deposit,1
2940,1,Male,35,Black,None stated,Mexican,2x the rent,Positive references,Self-employed,Excellent,3 months deposit,1
2941,1,Female,55,Asian,Physical disability,American,2x the rent,Positive references,Self-employed,Fair,3 months deposit,1
2942,1,Female,35,Black,Mental health history,German,2x the rent,No prior rental history,Full-time,Excellent,3 months deposit,1
2943,1,Female,55,White,Mental health history,German,2x the rent,Prior late payments,Full-time,Good,2 months deposit,0
2944,1,Male,50,Black,None stated,Canadian,4x the rent,Positive references,Full-time,Fair,3 months deposit,1
2945,1,Male,55,Hispanic,None stated,Canadian,2x the rent,No prior rental history,Part-time,Excellent,2 months deposit,0
2946,1,Female,50,Black,None stated,Indian,2x the rent,No prior rental history,Self-employed,Good,3 months deposit,1
2947,1,Male,45,White,Mental health history,Canadian,4x the rent,Prior late payments,Full-time,Fair,1 month deposit,0
2948,1,Male,55,White,Physical disability,German,2x the rent,Positive references,Part-time,Excellent,3 months deposit,1
2949,1,Female,40,Asian,Physical disability,Mexican,2x the rent,Positive references,Full-time,Excellent,2 months deposit,1
2950,1,Female,45,White,Physical disability,American,2x the rent,Prior late payments,Self-employed,Excellent,1 month deposit,0
2951,1,Male,45,Hispanic,Mental health history,American,2x the rent,Prior late payments,Self-employed,Fair,1 month deposit,0
2952,1,Female,50,Black,Physical disability,German,3x the rent,Prior late payments,Part-time,Fair,1 month deposit,0
2953,1,Male,30,White,None stated,Canadian,4x the rent,No prior rental history,Full-time,Excellent,1 month deposit,1
2954,1,Female,50,Black,Mental health history,German,3x the rent,No prior rental history,Full-time,Good,2 months deposit,1
2955,1,Non-binary,50,Black,Mental health history,Mexican,2x the rent,No prior rental history,Full-time,Fair,3 months deposit,0
2956,1,Female,55,Asian,None stated,Indian,4x the rent,Positive references,Part-time,Fair,3 months deposit,1
2957,1,Non-binary,45,White,Mental health history,Canadian,2x the rent,Prior late payments,Self-employed,Fair,1 month deposit,1
2958,1,Non-binary,30,White,None stated,Mexican,3x the rent,Positive references,Full-time,Excellent,1 month deposit,1
2959,1,Female,35,White,Physical disability,German,3x the rent,Prior late payments,Full-time,Fair,2 months deposit,0
2960,1,Non-binary,45,Asian,Mental health history,German,4x the rent,No prior rental history,Part-time,Good,2 months deposit,1
2961,1,Female,30,White,None stated,Canadian,4x the rent,Positive references,Full-time,Good,3 months deposit,1
2962,1,Female,30,Black,Physical disability,American,2x the rent,No prior rental history,Full-time,Good,2 months deposit,1
2963,1,Female,40,White,Mental health history,Canadian,2x the rent,Prior late payments,Full-time,Excellent,3 months deposit,1
2964,1,Male,55,Black,Physical disability,Indian,4x the rent,Positive references,Part-time,Good,3 months deposit,1
2965,1,Female,35,Hispanic,None stated,American,4x the rent,Prior late payments,Part-time,Fair,2 months deposit,0
2966,1,Non-binary,40,Black,Mental health history,Mexican,4x the rent,Prior late payments,Self-employed,Good,1 month deposit,0
2967,1,Male,55,Black,Physical disability,American,2x the rent,Prior late payments,Part-time,Fair,2 months deposit,0
2968,1,Male,55,Asian,Physical disability,Canadian,4x the rent,No prior rental history,Self-employed,Good,1 month deposit,1
2969,1,Non-binary,55,Asian,Physical disability,Indian,4x the rent,Prior late payments,Part-time,Good,2 months deposit,0
2970,1,Male,50,Asian,Physical disability,Canadian,2x the rent,Positive references,Full-time,Excellent,2 months deposit,1
2971,1,Male,40,Hispanic,Physical disability,American,2x the rent,Prior late payments,Self-employed,Excellent,1 month deposit,0
2972,1,Female,35,White,Physical disability,American,2x the rent,Positive references,Self-employed,Excellent,1 month deposit,1
2973,1,Female,55,Hispanic,None stated,Canadian,2x the rent,Prior late payments,Part-time,Excellent,1 month deposit,0
2974,1,Non-binary,35,Hispanic,Physical disability,Indian,4x the rent,Prior late payments,Self-employed,Excellent,2 months deposit,1
2975,1,Non-binary,45,Black,None stated,German,2x the rent,Prior late payments,Full-time,Excellent,2 months deposit,0
2976,1,Non-binary,30,Asian,None stated,German,4x the rent,No prior rental history,Full-time,Good,1 month deposit,1
2977,1,Non-binary,40,Hispanic,Mental health history,Mexican,2x the rent,Prior late payments,Full-time,Excellent,3 months deposit,1
2978,1,Male,30,White,Physical disability,American,2x the rent,No prior rental history,Part-time,Fair,3 months deposit,0
2979,1,Male,45,White,Physical disability,Canadian,4x the rent,No prior rental history,Part-time,Excellent,1 month deposit,1
2980,1,Male,45,Black,Physical disability,Canadian,2x the rent,No prior rental history,Self-employed,Good,3 months deposit,1
2981,1,Female,50,Hispanic,None stated,Canadian,2x the rent,No prior rental history,Part-time,Fair,1 month deposit,0
2982,1,Non-binary,35,White,Mental health history,Mexican,4x the rent,Positive references,Full-time,Good,3 months deposit,1
2983,1,Non-binary,50,Asian,Physical disability,German,2x the rent,Prior late payments,Full-time,Good,1 month deposit,1
2984,1,Female,55,White,Mental health history,Canadian,2x the rent,Positive references,Full-time,Excellent,1 month deposit,1
2985,1,Female,35,Black,Physical disability,German,3x the rent,Positive references,Full-time,Good,1 month deposit,1
2986,1,Female,40,Black,Physical disability,Canadian,3x the rent,Positive references,Full-time,Good,1 month deposit,1
2987,1,Non-binary,35,Asian,Physical disability,American,3x the rent,No prior rental history,Self-employed,Good,3 months deposit,1
2988,1,Male,55,Black,Physical disability,Mexican,4x the rent,Prior late payments,Part-time,Fair,1 month deposit,0
2989,1,Female,35,White,Physical disability,American,2x the rent,Prior late payments,Full-time,Fair,1 month deposit,1
2990,1,Non-binary,55,White,None stated,German,2x the rent,Prior late payments,Full-time,Good,1 month deposit,1
2991,1,Male,35,White,None stated,German,3x the rent,Prior late payments,Part-time,Excellent,3 months deposit,0
2992,1,Female,50,White,None stated,Canadian,4x the rent,Prior late payments,Part-time,Good,2 months deposit,0
2993,1,Male,50,Black,Mental health history,German,4x the rent,Prior late payments,Part-time,Good,2 months deposit,0
2994,1,Non-binary,30,Hispanic,Mental health history,American,3x the rent,No prior rental history,Self-employed,Excellent,1 month deposit,1
2995,1,Male,45,Hispanic,None stated,German,2x the rent,Positive references,Self-employed,Good,3 months deposit,1
2996,1,Male,50,Asian,Mental health history,German,2x the rent,No prior rental history,Full-time,Good,2 months deposit,0
2997,1,Female,45,Hispanic,Physical disability,Mexican,3x the rent,Prior late payments,Part-time,Good,2 months deposit,0
2998,1,Male,45,Black,Physical disability,Indian,2x the rent,Positive references,Full-time,Good,3 months deposit,1
2999,1,Female,40,Black,Mental health history,Mexican,4x the rent,Prior late payments,Full-time,Good,1 month deposit,1
3000,1,Female,35,Asian,None stated,Mexican,2x the rent,Positive references,Full-time,Good,2 months deposit,1
